# RuneSkate baked board v3, low detail (tools/blend_to_board_baked.py; format in its header)
# source SkateBoard_RuneSkate, Wheels, BottomBoard, TopBoard
# grip: 1498 triangles, 829 vertices, cell 0.0142 m
# deck: 1498 triangles, 829 vertices, cell 0.0143 m
# wheels: 907 triangles, 760 vertices
# hardware: 656 triangles, 1250 vertices
part grip
v -6.073 -15.653 -36.587
v -4.049 -15.653 -36.587
v -4.049 -15.640 -34.554
v -2.024 -15.640 -34.554
v -2.024 -15.653 -36.587
v -0.000 -15.640 -34.554
v -0.000 -15.653 -36.587
v 2.024 -15.640 -34.554
v 2.024 -15.653 -36.587
v 4.049 -15.640 -34.554
v 4.049 -15.653 -36.587
v 6.073 -15.640 -34.554
v 6.073 -15.640 -32.521
v 8.097 -15.640 -32.521
v 8.097 -15.640 -34.554
v 10.122 -15.642 -32.521
v 10.122 -15.640 -34.554
v 12.146 -15.670 -32.521
v 12.146 -15.640 -34.554
v 13.791 -15.638 -33.272
v 13.737 -15.648 -34.842
v -12.146 -15.783 -30.489
v -13.870 -15.820 -30.018
v -13.831 -15.729 -31.645
v -12.146 -15.670 -32.521
v -10.122 -15.754 -30.489
v -10.122 -15.642 -32.521
v -8.097 -15.726 -30.489
v -8.097 -15.640 -32.521
v -6.073 -15.698 -30.489
v -6.073 -15.640 -32.521
v -4.049 -15.669 -30.489
v -4.049 -15.640 -32.521
v -2.024 -15.641 -30.489
v -2.024 -15.640 -32.521
v -0.000 -15.640 -30.489
v -0.000 -15.640 -32.521
v 2.024 -15.641 -30.489
v 2.024 -15.640 -32.521
v 4.049 -15.669 -30.489
v 4.049 -15.640 -32.521
v 6.073 -15.698 -30.489
v 8.097 -15.726 -30.489
v 10.122 -15.754 -30.489
v 12.146 -15.783 -30.489
v 13.831 -15.729 -31.645
v 13.870 -15.820 -30.018
v -8.097 -15.769 -28.456
v -6.073 -15.725 -28.456
v -4.049 -15.696 -28.456
v -2.024 -15.668 -28.456
v -0.000 -15.640 -28.456
v 2.024 -15.668 -28.456
v 4.049 -15.696 -28.456
v 6.073 -15.725 -28.456
v 8.097 -15.769 -28.456
v 10.122 -15.825 -28.456
v 12.146 -15.882 -28.456
v -13.791 -15.638 -33.272
v -12.146 -15.640 -34.554
v -10.122 -15.640 -34.554
v -8.097 -15.640 -34.554
v -6.073 -15.640 -34.554
v -12.146 -15.775 -38.619
v -13.612 -15.749 -37.927
v -13.542 -15.839 -39.441
v -12.146 -15.973 -40.652
v -10.122 -15.775 -38.619
v -10.122 -15.973 -40.652
v -8.097 -15.775 -38.619
v -8.097 -15.973 -40.652
v -6.073 -15.775 -38.619
v -4.049 -15.775 -38.619
v -2.024 -15.775 -38.619
v -0.000 -15.775 -38.619
v 2.024 -15.775 -38.619
v 4.049 -15.775 -38.619
v 6.073 -15.653 -36.587
v 6.073 -15.775 -38.619
v 8.097 -15.653 -36.587
v 8.097 -15.775 -38.619
v 10.122 -15.653 -36.587
v 10.122 -15.775 -38.619
v 12.146 -15.653 -36.587
v 12.146 -15.775 -38.619
v 13.612 -15.749 -37.927
v 13.542 -15.839 -39.441
v -12.146 -15.653 -36.587
v -13.682 -15.659 -36.413
v -10.122 -15.653 -36.587
v -8.097 -15.653 -36.587
v 13.682 -15.659 -36.413
v -13.737 -15.648 -34.842
v -13.455 -16.013 -40.899
v -6.073 -15.973 -40.652
v -4.049 -15.973 -40.652
v -2.024 -15.973 -40.652
v -0.000 -15.973 -40.652
v 2.024 -15.973 -40.652
v 4.049 -15.973 -40.652
v 6.073 -15.973 -40.652
v 8.097 -15.973 -40.652
v 10.122 -15.973 -40.652
v 12.146 -15.973 -40.652
v -10.122 -17.862 -48.782
v -12.671 -17.466 -47.650
v -12.244 -17.909 -48.854
v -11.817 -18.352 -50.057
v -10.954 -18.946 -51.258
v -8.097 -18.720 -50.815
v -8.097 -17.862 -48.782
v -6.073 -17.862 -48.782
v -6.073 -18.720 -50.815
v -4.049 -17.862 -48.782
v -4.049 -18.720 -50.815
v -2.024 -17.862 -48.782
v -2.024 -17.190 -46.749
v -0.000 -17.190 -46.749
v -0.000 -17.862 -48.782
v 2.024 -17.190 -46.749
v 2.024 -17.862 -48.782
v 4.049 -17.190 -46.749
v 4.049 -17.862 -48.782
v 6.073 -17.190 -46.749
v 6.073 -17.862 -48.782
v 8.097 -17.190 -46.749
v 8.097 -17.862 -48.782
v 10.122 -17.190 -46.749
v 10.122 -17.862 -48.782
v 12.671 -17.466 -47.650
v 12.244 -17.909 -48.854
v -12.146 -16.640 -44.717
v -13.267 -16.459 -43.755
v -13.165 -16.731 -45.152
v -12.918 -17.099 -46.401
v -10.122 -17.190 -46.749
v -10.122 -16.640 -44.717
v -8.097 -16.640 -44.717
v -8.097 -17.190 -46.749
v -6.073 -16.640 -44.717
v -6.073 -17.190 -46.749
v -4.049 -16.640 -44.717
v -4.049 -17.190 -46.749
v -2.024 -16.640 -44.717
v -0.000 -16.640 -44.717
v 2.024 -16.640 -44.717
v 4.049 -16.640 -44.717
v 4.049 -16.246 -42.684
v 6.073 -16.246 -42.684
v 6.073 -16.640 -44.717
v 8.097 -16.246 -42.684
v 8.097 -16.640 -44.717
v 10.122 -16.246 -42.684
v 10.122 -16.640 -44.717
v 12.146 -16.246 -42.684
v 12.146 -16.640 -44.717
v 13.267 -16.459 -43.755
v 13.165 -16.731 -45.152
v -12.146 -16.246 -42.684
v -13.369 -16.188 -42.358
v -10.122 -16.246 -42.684
v -8.097 -16.246 -42.684
v -6.073 -16.246 -42.684
v -4.049 -16.246 -42.684
v -2.024 -16.246 -42.684
v -0.000 -16.246 -42.684
v 2.024 -16.246 -42.684
v 13.369 -16.188 -42.358
v 12.918 -17.099 -46.401
v -10.091 -19.540 -52.459
v -8.994 -20.083 -53.410
v -6.073 -19.769 -52.847
v -7.896 -20.626 -54.360
v -6.602 -21.039 -55.101
v -4.049 -20.962 -54.880
v -4.049 -19.769 -52.847
v -2.024 -19.769 -52.847
v -2.024 -18.720 -50.815
v -0.000 -18.720 -50.815
v -0.000 -19.769 -52.847
v 2.024 -18.720 -50.815
v 2.024 -19.769 -52.847
v 4.049 -18.720 -50.815
v 4.049 -19.769 -52.847
v 6.073 -18.720 -50.815
v 6.073 -19.769 -52.847
v 8.097 -18.720 -50.815
v 8.994 -20.083 -53.410
v 10.091 -19.540 -52.459
v 10.954 -18.946 -51.258
v 11.817 -18.352 -50.057
v -5.308 -21.451 -55.842
v -3.687 -21.675 -56.322
v -2.024 -20.962 -54.880
v -2.066 -21.899 -56.802
v -1.033 -21.928 -56.878
v -0.000 -20.962 -54.880
v -0.000 -21.958 -56.953
v 1.033 -21.928 -56.878
v 2.024 -20.962 -54.880
v 2.066 -21.899 -56.802
v 3.687 -21.675 -56.322
v 4.049 -20.962 -54.880
v 6.602 -21.039 -55.101
v 7.896 -20.626 -54.360
v 5.308 -21.451 -55.842
v 13.455 -16.013 -40.899
v -13.895 -15.910 -28.337
v -12.146 -15.882 -28.456
v -13.921 -16.000 -26.655
v 12.146 -15.978 -26.424
v 13.921 -16.000 -26.655
v 13.921 -16.000 -24.680
v 12.146 -15.978 -24.391
v 10.122 -15.922 -26.424
v 10.122 -15.922 -24.391
v 8.097 -15.865 -26.424
v 8.097 -15.865 -24.391
v 6.073 -15.809 -26.424
v 6.073 -15.809 -24.391
v 4.049 -15.753 -26.424
v -8.097 -15.865 -26.424
v -10.122 -15.922 -26.424
v -10.122 -15.825 -28.456
v -12.146 -15.978 -26.424
v -13.921 -16.000 -24.680
v 12.146 -15.978 -22.358
v 13.921 -16.000 -22.706
v 13.921 -16.000 -20.731
v 6.073 -15.809 -22.358
v 4.049 -15.753 -22.358
v 4.049 -15.753 -24.391
v 2.024 -15.696 -24.391
v 2.024 -15.696 -22.358
v -0.000 -15.640 -24.391
v -0.000 -15.640 -22.358
v -2.024 -15.696 -24.391
v -2.024 -15.696 -22.358
v -4.049 -15.753 -24.391
v -4.049 -15.753 -22.358
v -6.073 -15.809 -24.391
v -6.073 -15.809 -22.358
v -8.097 -15.865 -24.391
v -8.097 -15.865 -22.358
v -10.122 -15.922 -24.391
v -10.122 -15.922 -22.358
v -12.146 -15.978 -24.391
v -12.146 -15.978 -22.358
v -13.921 -16.000 -22.706
v -13.921 -16.000 -20.731
v 10.122 -15.922 -22.358
v 8.097 -15.865 -22.358
v 2.024 -15.696 -26.424
v -0.000 -15.640 -26.424
v -2.024 -15.696 -26.424
v -4.049 -15.753 -26.424
v -6.073 -15.809 -26.424
v 13.921 -16.000 -18.757
v 12.146 -15.978 -18.293
v 12.146 -15.978 -20.326
v 10.122 -15.922 -20.326
v 10.122 -15.922 -18.293
v 8.097 -15.865 -20.326
v 8.097 -15.865 -18.293
v 6.073 -15.809 -20.326
v 6.073 -15.809 -18.293
v 4.049 -15.753 -20.326
v 4.049 -15.753 -18.293
v 2.024 -15.696 -20.326
v 2.024 -15.696 -18.293
v -0.000 -15.640 -20.326
v -0.000 -15.640 -18.293
v -2.024 -15.696 -20.326
v -2.024 -15.696 -18.293
v -4.049 -15.753 -20.326
v -4.049 -15.753 -18.293
v -6.073 -15.809 -20.326
v -6.073 -15.809 -18.293
v -8.097 -15.865 -20.326
v -8.097 -15.865 -18.293
v -10.122 -15.922 -20.326
v 12.146 -15.978 -16.261
v 13.921 -16.000 -16.783
v 13.921 -16.000 -14.808
v 12.146 -15.978 -14.228
v 10.122 -15.922 -16.261
v 10.122 -15.922 -14.228
v 8.097 -15.865 -16.261
v 8.097 -15.865 -14.228
v 6.073 -15.809 -16.261
v 6.073 -15.809 -14.228
v 4.049 -15.753 -16.261
v 4.049 -15.753 -14.228
v 2.024 -15.696 -16.261
v 2.024 -15.696 -14.228
v -0.000 -15.640 -16.261
v -0.000 -15.640 -14.228
v -2.024 -15.696 -16.261
v -8.097 -15.865 -16.261
v -10.122 -15.922 -16.261
v -10.122 -15.922 -18.293
v -12.146 -15.978 -18.293
v -12.146 -15.978 -16.261
v -13.921 -16.000 -16.783
v -13.921 -16.000 -14.808
v -4.049 -15.753 -16.261
v -6.073 -15.809 -16.261
v -12.146 -15.978 -20.326
v -13.921 -16.000 -18.757
v 12.146 -15.978 -12.196
v 13.921 -16.000 -12.834
v 13.921 -16.000 -10.859
v 12.146 -15.978 -10.163
v 10.122 -15.922 -12.196
v 10.122 -15.922 -10.163
v 8.097 -15.865 -12.196
v 8.097 -15.865 -10.163
v 6.073 -15.809 -12.196
v -0.000 -15.640 -12.196
v -2.024 -15.696 -12.196
v -2.024 -15.696 -14.228
v -4.049 -15.753 -14.228
v -4.049 -15.753 -12.196
v -6.073 -15.809 -14.228
v -6.073 -15.809 -12.196
v -8.097 -15.865 -14.228
v -8.097 -15.865 -12.196
v -10.122 -15.922 -14.228
v -10.122 -15.922 -12.196
v -12.146 -15.978 -14.228
v -12.146 -15.978 -12.196
v -13.921 -16.000 -12.834
v -13.921 -16.000 -10.859
v 8.097 -15.865 -8.130
v 6.073 -15.809 -8.130
v 6.073 -15.809 -10.163
v 4.049 -15.753 -10.163
v 4.049 -15.753 -8.130
v 2.024 -15.696 -10.163
v 2.024 -15.696 -8.130
v -0.000 -15.640 -10.163
v -0.000 -15.640 -8.130
v -2.024 -15.696 -10.163
v -2.024 -15.696 -8.130
v -4.049 -15.753 -10.163
v -4.049 -15.753 -8.130
v -6.073 -15.809 -10.163
v -6.073 -15.809 -8.130
v -8.097 -15.865 -10.163
v -8.097 -15.865 -8.130
v -10.122 -15.922 -10.163
v -10.122 -15.922 -8.130
v -12.146 -15.978 -10.163
v -12.146 -15.978 -8.130
v -13.921 -16.000 -8.885
v -13.921 -16.000 -6.910
v 13.921 -16.000 -8.885
v 12.146 -15.978 -8.130
v 10.122 -15.922 -8.130
v 4.049 -15.753 -12.196
v 2.024 -15.696 -12.196
v 12.146 -15.978 -6.098
v 13.921 -16.000 -6.910
v 13.921 -16.000 -4.936
v 12.146 -15.978 -4.065
v 10.122 -15.922 -6.098
v 10.122 -15.922 -4.065
v 8.097 -15.865 -6.098
v 8.097 -15.865 -4.065
v 6.073 -15.809 -6.098
v 6.073 -15.809 -4.065
v 4.049 -15.753 -6.098
v 4.049 -15.753 -4.065
v 2.024 -15.696 -6.098
v 2.024 -15.696 -4.065
v -0.000 -15.640 -6.098
v -0.000 -15.640 -4.065
v -2.024 -15.696 -6.098
v -2.024 -15.696 -4.065
v -4.049 -15.753 -6.098
v -4.049 -15.753 -4.065
v -6.073 -15.809 -6.098
v -6.073 -15.809 -4.065
v -8.097 -15.865 -6.098
v 12.146 -15.978 -2.033
v 13.921 -16.000 -2.962
v 13.921 -16.000 -0.987
v 12.146 -15.978 0.000
v 10.122 -15.922 -2.033
v 10.122 -15.922 0.000
v 8.097 -15.865 -2.033
v 8.097 -15.865 0.000
v 6.073 -15.809 -2.033
v 6.073 -15.809 0.000
v 4.049 -15.753 -2.033
v 4.049 -15.753 0.000
v 2.024 -15.696 -2.033
v 2.024 -15.696 0.000
v -0.000 -15.640 -2.033
v -6.073 -15.809 -2.033
v -8.097 -15.865 -2.033
v -8.097 -15.865 -4.065
v -10.122 -15.922 -4.065
v -10.122 -15.922 -2.033
v -12.146 -15.978 -4.065
v -12.146 -15.978 -2.033
v -13.921 -16.000 -2.962
v -13.921 -16.000 -0.987
v -2.024 -15.696 -2.033
v -4.049 -15.753 -2.033
v -10.122 -15.922 -6.098
v -12.146 -15.978 -6.098
v -13.921 -16.000 -4.936
v 13.895 -15.910 -28.337
v 12.146 -15.978 2.033
v 13.921 -16.000 0.987
v 13.921 -16.000 2.962
v 12.146 -15.978 4.065
v 10.122 -15.922 2.033
v 2.024 -15.696 2.033
v -0.000 -15.640 2.033
v -0.000 -15.640 0.000
v -2.024 -15.696 0.000
v -2.024 -15.696 2.033
v -4.049 -15.753 0.000
v -4.049 -15.753 2.033
v -6.073 -15.809 0.000
v -6.073 -15.809 2.033
v -8.097 -15.865 0.000
v -8.097 -15.865 2.033
v -10.122 -15.922 0.000
v -10.122 -15.922 2.033
v -12.146 -15.978 0.000
v -12.146 -15.978 2.033
v -13.921 -16.000 0.987
v -13.921 -16.000 2.962
v 12.146 -15.978 6.098
v 10.122 -15.922 6.098
v 10.122 -15.922 4.065
v 8.097 -15.865 4.065
v 8.097 -15.865 6.098
v 6.073 -15.809 4.065
v 6.073 -15.809 6.098
v 4.049 -15.753 4.065
v 4.049 -15.753 6.098
v 2.024 -15.696 4.065
v 2.024 -15.696 6.098
v -0.000 -15.640 4.065
v -0.000 -15.640 6.098
v -2.024 -15.696 4.065
v -2.024 -15.696 6.098
v -4.049 -15.753 4.065
v -4.049 -15.753 6.098
v -6.073 -15.809 4.065
v -6.073 -15.809 6.098
v -8.097 -15.865 4.065
v -8.097 -15.865 6.098
v -10.122 -15.922 4.065
v -10.122 -15.922 6.098
v -12.146 -15.978 4.065
v 13.921 -16.000 4.936
v 8.097 -15.865 2.033
v 6.073 -15.809 2.033
v 4.049 -15.753 2.033
v -13.921 -16.000 4.936
v 12.146 -15.978 8.130
v 13.921 -16.000 6.911
v 13.921 -16.000 8.885
v 12.146 -15.978 10.163
v 10.122 -15.922 8.130
v 10.122 -15.922 10.163
v 8.097 -15.865 8.130
v 8.097 -15.865 10.163
v 6.073 -15.809 8.130
v 6.073 -15.809 10.163
v 4.049 -15.753 8.130
v 4.049 -15.753 10.163
v 2.024 -15.696 8.130
v 2.024 -15.696 10.163
v -0.000 -15.640 8.130
v -0.000 -15.640 10.163
v -2.024 -15.696 8.130
v -2.024 -15.696 10.163
v -4.049 -15.753 8.130
v -10.122 -15.922 8.130
v -12.146 -15.978 8.130
v -12.146 -15.978 6.098
v -13.921 -16.000 6.911
v -13.921 -16.000 8.885
v 12.146 -15.978 12.196
v 13.921 -16.000 10.859
v 13.921 -16.000 12.834
v 12.146 -15.978 14.228
v 10.122 -15.922 12.196
v 10.122 -15.922 14.228
v 8.097 -15.865 12.196
v 8.097 -15.865 14.228
v 6.073 -15.809 12.196
v 6.073 -15.809 14.228
v 4.049 -15.753 12.196
v -2.024 -15.696 12.196
v -4.049 -15.753 12.196
v -4.049 -15.753 10.163
v -6.073 -15.809 10.163
v -6.073 -15.809 12.196
v -8.097 -15.865 10.163
v -8.097 -15.865 12.196
v -10.122 -15.922 10.163
v -10.122 -15.922 12.196
v -12.146 -15.978 10.163
v -12.146 -15.978 12.196
v -13.921 -16.000 10.859
v -13.921 -16.000 12.834
v 2.024 -15.696 12.196
v -0.000 -15.640 12.196
v -6.073 -15.809 8.130
v -8.097 -15.865 8.130
v 12.146 -15.978 16.261
v 13.921 -16.000 14.808
v 13.921 -16.000 16.783
v 6.073 -15.809 16.261
v 4.049 -15.753 16.261
v 4.049 -15.753 14.228
v 2.024 -15.696 14.228
v 2.024 -15.696 16.261
v -0.000 -15.640 14.228
v -0.000 -15.640 16.261
v -2.024 -15.696 14.228
v -2.024 -15.696 16.261
v -4.049 -15.753 14.228
v -4.049 -15.753 16.261
v -6.073 -15.809 14.228
v -6.073 -15.809 16.261
v -8.097 -15.865 14.228
v -8.097 -15.865 16.261
v -10.122 -15.922 14.228
v -10.122 -15.922 16.261
v -12.146 -15.978 14.228
v -12.146 -15.978 16.261
v -13.921 -16.000 14.808
v -13.921 -16.000 16.783
v 13.921 -16.000 18.757
v 12.146 -15.978 20.326
v 12.146 -15.978 18.293
v 10.122 -15.922 18.293
v 10.122 -15.922 20.326
v 8.097 -15.865 18.293
v 8.097 -15.865 20.326
v 6.073 -15.809 18.293
v 6.073 -15.809 20.326
v 4.049 -15.753 18.293
v 4.049 -15.753 20.326
v 2.024 -15.696 18.293
v 2.024 -15.696 20.326
v -0.000 -15.640 18.293
v -0.000 -15.640 20.326
v -2.024 -15.696 18.293
v -2.024 -15.696 20.326
v -4.049 -15.753 18.293
v -4.049 -15.753 20.326
v -6.073 -15.809 18.293
v -6.073 -15.809 20.326
v -8.097 -15.865 18.293
v -8.097 -15.865 20.326
v -10.122 -15.922 18.293
v 10.122 -15.922 16.261
v 8.097 -15.865 16.261
v -12.146 -15.978 18.293
v -13.921 -16.000 18.757
v 12.146 -15.978 22.358
v 13.921 -16.000 20.731
v 13.921 -16.000 22.706
v 12.146 -15.978 24.391
v 10.122 -15.922 22.358
v 10.122 -15.922 24.391
v 8.097 -15.865 22.358
v 8.097 -15.865 24.391
v 6.073 -15.809 22.358
v 6.073 -15.809 24.391
v 4.049 -15.753 22.358
v 4.049 -15.753 24.391
v 2.024 -15.696 22.358
v 2.024 -15.696 24.391
v -0.000 -15.640 22.358
v -0.000 -15.640 24.391
v -2.024 -15.696 22.358
v -8.097 -15.865 22.358
v -10.122 -15.922 22.358
v -10.122 -15.922 20.326
v -12.146 -15.978 20.326
v -12.146 -15.978 22.358
v -13.921 -16.000 20.731
v -13.921 -16.000 22.706
v 13.895 -15.910 28.337
v 12.146 -15.882 28.456
v 13.921 -16.000 26.655
v 12.146 -15.978 26.424
v 13.921 -16.000 24.680
v 10.122 -15.922 26.424
v -0.000 -15.640 26.424
v -2.024 -15.696 26.424
v -2.024 -15.696 24.391
v -4.049 -15.753 24.391
v -4.049 -15.753 26.424
v -6.073 -15.809 24.391
v -6.073 -15.809 26.424
v -8.097 -15.865 24.391
v -8.097 -15.865 26.424
v -10.122 -15.922 24.391
v -10.122 -15.922 26.424
v -12.146 -15.978 24.391
v -12.146 -15.978 26.424
v -13.921 -16.000 24.680
v -13.921 -16.000 26.655
v 8.097 -15.865 26.424
v 6.073 -15.809 26.424
v 4.049 -15.753 26.424
v 2.024 -15.696 26.424
v -4.049 -15.753 22.358
v -6.073 -15.809 22.358
v 12.146 -15.783 30.489
v 10.122 -15.754 30.489
v 10.122 -15.825 28.456
v 8.097 -15.769 28.456
v 8.097 -15.726 30.489
v 6.073 -15.725 28.456
v 6.073 -15.698 30.489
v 4.049 -15.696 28.456
v 4.049 -15.669 30.489
v 2.024 -15.668 28.456
v 2.024 -15.641 30.489
v -0.000 -15.640 28.456
v -0.000 -15.640 30.489
v -2.024 -15.668 28.456
v -2.024 -15.641 30.489
v -4.049 -15.696 28.456
v -4.049 -15.669 30.489
v -6.073 -15.725 28.456
v -6.073 -15.698 30.489
v -8.097 -15.769 28.456
v -8.097 -15.726 30.489
v -10.122 -15.825 28.456
v -10.122 -15.754 30.489
v -12.146 -15.882 28.456
v 12.146 -15.670 32.521
v 13.831 -15.729 31.645
v 13.791 -15.638 33.272
v 12.146 -15.640 34.554
v 10.122 -15.642 32.521
v 10.122 -15.640 34.554
v 8.097 -15.640 32.521
v 8.097 -15.640 34.554
v 6.073 -15.640 32.521
v 6.073 -15.640 34.554
v 4.049 -15.640 32.521
v 4.049 -15.640 34.554
v 2.024 -15.640 32.521
v 2.024 -15.640 34.554
v -0.000 -15.640 32.521
v -0.000 -15.640 34.554
v -2.024 -15.640 32.521
v -2.024 -15.640 34.554
v -4.049 -15.640 32.521
v -10.122 -15.642 32.521
v -12.146 -15.670 32.521
v -12.146 -15.783 30.489
v -13.831 -15.729 31.645
v -13.791 -15.638 33.272
v 13.870 -15.820 30.018
v -6.073 -15.640 32.521
v -8.097 -15.640 32.521
v -13.870 -15.820 30.018
v 13.682 -15.659 36.413
v 12.146 -15.653 36.587
v 13.737 -15.648 34.842
v 13.612 -15.749 37.927
v 12.146 -15.775 38.619
v 10.122 -15.653 36.587
v 10.122 -15.775 38.619
v 8.097 -15.653 36.587
v -2.024 -15.653 36.587
v -4.049 -15.653 36.587
v -4.049 -15.640 34.554
v -6.073 -15.640 34.554
v -6.073 -15.653 36.587
v -8.097 -15.640 34.554
v -8.097 -15.653 36.587
v -10.122 -15.640 34.554
v -10.122 -15.653 36.587
v -12.146 -15.640 34.554
v -12.146 -15.653 36.587
v -13.737 -15.648 34.842
v -13.682 -15.659 36.413
v -13.612 -15.749 37.927
v 10.122 -15.973 40.652
v 8.097 -15.973 40.652
v 8.097 -15.775 38.619
v 6.073 -15.775 38.619
v 6.073 -15.973 40.652
v 4.049 -15.775 38.619
v 4.049 -15.973 40.652
v 2.024 -15.775 38.619
v 2.024 -15.973 40.652
v -0.000 -15.775 38.619
v -0.000 -15.973 40.652
v -2.024 -15.775 38.619
v -2.024 -15.973 40.652
v -4.049 -15.775 38.619
v -4.049 -15.973 40.652
v -6.073 -15.775 38.619
v -6.073 -15.973 40.652
v -8.097 -15.775 38.619
v -8.097 -15.973 40.652
v -10.122 -15.775 38.619
v -10.122 -15.973 40.652
v -12.146 -15.775 38.619
v -12.146 -15.973 40.652
v -13.542 -15.839 39.441
v 13.542 -15.839 39.441
v 12.146 -15.973 40.652
v 6.073 -15.653 36.587
v 4.049 -15.653 36.587
v 2.024 -15.653 36.587
v -0.000 -15.653 36.587
v 12.146 -16.246 42.684
v 13.369 -16.188 42.358
v 13.267 -16.459 43.755
v 12.146 -16.640 44.717
v 10.122 -16.246 42.684
v 10.122 -16.640 44.717
v 8.097 -16.246 42.684
v 8.097 -16.640 44.717
v 6.073 -16.246 42.684
v 6.073 -16.640 44.717
v 4.049 -16.246 42.684
v 4.049 -16.640 44.717
v 2.024 -16.246 42.684
v 2.024 -16.640 44.717
v -0.000 -16.246 42.684
v -0.000 -16.640 44.717
v -2.024 -16.246 42.684
v -12.146 -16.246 42.684
v -13.267 -16.459 43.755
v -13.369 -16.188 42.358
v -12.918 -17.099 46.401
v -13.165 -16.731 45.152
v -12.146 -16.640 44.717
v 10.122 -17.190 46.749
v 12.918 -17.099 46.401
v 12.671 -17.466 47.650
v 10.122 -17.862 48.782
v 8.097 -17.190 46.749
v 8.097 -17.862 48.782
v 6.073 -17.190 46.749
v 6.073 -17.862 48.782
v 4.049 -17.190 46.749
v -0.000 -17.190 46.749
v -2.024 -17.190 46.749
v -2.024 -16.640 44.717
v -4.049 -16.640 44.717
v -4.049 -17.190 46.749
v -6.073 -16.640 44.717
v -6.073 -17.190 46.749
v -8.097 -16.640 44.717
v -8.097 -17.190 46.749
v -10.122 -16.640 44.717
v -10.122 -17.190 46.749
v -12.671 -17.466 47.650
v 13.165 -16.731 45.152
v 2.024 -17.190 46.749
v -4.049 -16.246 42.684
v -6.073 -16.246 42.684
v -8.097 -16.246 42.684
v -10.122 -16.246 42.684
v -11.817 -18.352 50.057
v -12.244 -17.909 48.854
v -10.122 -17.862 48.782
v -10.091 -19.540 52.459
v -10.954 -18.946 51.258
v -8.097 -18.720 50.815
v 4.049 -18.720 50.815
v 6.073 -18.720 50.815
v 6.073 -19.769 52.847
v 10.954 -18.946 51.258
v 10.091 -19.540 52.459
v 8.097 -18.720 50.815
v 4.049 -17.862 48.782
v 2.024 -17.862 48.782
v 2.024 -18.720 50.815
v -0.000 -17.862 48.782
v -0.000 -18.720 50.815
v -2.024 -17.862 48.782
v -2.024 -18.720 50.815
v -4.049 -17.862 48.782
v -4.049 -18.720 50.815
v -6.073 -17.862 48.782
v -6.073 -18.720 50.815
v -8.097 -17.862 48.782
v 2.024 -19.769 52.847
v 4.049 -19.769 52.847
v 4.049 -20.962 54.880
v 2.024 -20.962 54.880
v -0.000 -19.769 52.847
v -0.000 -20.962 54.880
v -2.024 -19.769 52.847
v -7.896 -20.626 54.360
v -8.994 -20.083 53.410
v -6.073 -19.769 52.847
v -5.308 -21.451 55.842
v -6.602 -21.039 55.101
v -4.049 -20.962 54.880
v -1.033 -21.928 56.878
v -2.066 -21.899 56.802
v -2.024 -20.962 54.880
v -3.687 -21.675 56.322
v 6.602 -21.039 55.101
v 5.308 -21.451 55.842
v 3.687 -21.675 56.322
v 2.066 -21.899 56.802
v 1.033 -21.928 56.878
v -0.000 -21.958 56.953
v -4.049 -19.769 52.847
v 8.994 -20.083 53.410
v 7.896 -20.626 54.360
v 12.244 -17.909 48.854
v 11.817 -18.352 50.057
v 13.455 -16.013 40.899
v -13.455 -16.013 40.899
v -13.895 -15.910 28.337
t 0 1 2 6A696C 9E9C9F 505052 0.6595 0.1875 0.6065 0.1875 0.6065 0.2046
t 3 2 1 3A3A3A 505052 9E9C9F 0.5536 0.2046 0.6065 0.2046 0.6065 0.1875
t 1 4 3 9E9C9F 7F7E7F 3A3A3A 0.6065 0.1875 0.5536 0.1875 0.5536 0.2046
t 5 3 4 343334 3A3A3A 7F7E7F 0.5006 0.2046 0.5536 0.2046 0.5536 0.1875
t 4 6 5 7F7E7F 403F3F 343334 0.5536 0.1875 0.5006 0.1875 0.5006 0.2046
t 7 5 6 844747 343334 403F3F 0.4476 0.2046 0.5006 0.2046 0.5006 0.1875
t 6 8 7 403F3F 424242 844747 0.5006 0.1875 0.4476 0.1875 0.4476 0.2046
t 9 7 8 653D3F 844747 424242 0.3946 0.2046 0.4476 0.2046 0.4476 0.1875
t 8 10 9 424242 6F6F6F 653D3F 0.4476 0.1875 0.3946 0.1875 0.3946 0.2046
t 10 11 9 6F6F6F 292728 653D3F 0.3946 0.1875 0.3417 0.2046 0.3946 0.2046
t 12 9 11 82393D 653D3F 292728 0.3417 0.2216 0.3946 0.2046 0.3417 0.2046
t 13 12 11 56565B 82393D 292728 0.2887 0.2216 0.3417 0.2216 0.3417 0.2046
t 11 14 13 292728 737378 56565B 0.3417 0.2046 0.2887 0.2046 0.2887 0.2216
t 15 13 14 838390 56565B 737378 0.2357 0.2216 0.2887 0.2216 0.2887 0.2046
t 14 16 15 737378 66676E 838390 0.2887 0.2046 0.2357 0.2046 0.2357 0.2216
t 17 15 16 737583 838390 66676E 0.1827 0.2216 0.2357 0.2216 0.2357 0.2046
t 16 18 17 66676E 90929F 737583 0.2357 0.2046 0.1827 0.2046 0.1827 0.2216
t 19 17 18 605760 737583 90929F 0.1397 0.2153 0.1827 0.2216 0.1827 0.2046
t 18 20 19 90929F 817780 605760 0.1827 0.2046 0.1411 0.2021 0.1397 0.2153
t 21 22 23 0D0D0D 615856 594D4C 0.8184 0.2386 0.8635 0.2426 0.8625 0.2290
t 23 24 21 594D4C 070706 0D0D0D 0.8625 0.2290 0.8184 0.2216 0.8184 0.2386
t 25 21 24 777779 0D0D0D 070706 0.7654 0.2386 0.8184 0.2386 0.8184 0.2216
t 24 26 25 070706 85878B 777779 0.8184 0.2216 0.7654 0.2216 0.7654 0.2386
t 27 25 26 070707 777779 85878B 0.7125 0.2386 0.7654 0.2386 0.7654 0.2216
t 26 28 27 85878B 080808 070707 0.7654 0.2216 0.7125 0.2216 0.7125 0.2386
t 29 27 28 500F15 070707 080808 0.6595 0.2386 0.7125 0.2386 0.7125 0.2216
t 28 30 29 080808 0B0B0C 500F15 0.7125 0.2216 0.6595 0.2216 0.6595 0.2386
t 31 29 30 391D1E 500F15 0B0B0C 0.6065 0.2386 0.6595 0.2386 0.6595 0.2216
t 30 32 31 0B0B0C 71696A 391D1E 0.6595 0.2216 0.6065 0.2216 0.6065 0.2386
t 33 31 32 311E1E 391D1E 71696A 0.5536 0.2386 0.6065 0.2386 0.6065 0.2216
t 32 34 33 71696A 322628 311E1E 0.6065 0.2216 0.5536 0.2216 0.5536 0.2386
t 35 33 34 B43031 311E1E 322628 0.5006 0.2386 0.5536 0.2386 0.5536 0.2216
t 34 36 35 322628 993C3C B43031 0.5536 0.2216 0.5006 0.2216 0.5006 0.2386
t 37 35 36 852E2F B43031 993C3C 0.4476 0.2386 0.5006 0.2386 0.5006 0.2216
t 36 38 37 993C3C 412D2D 852E2F 0.5006 0.2216 0.4476 0.2216 0.4476 0.2386
t 39 37 38 7F1E23 852E2F 412D2D 0.3946 0.2386 0.4476 0.2386 0.4476 0.2216
t 38 40 39 412D2D 803435 7F1E23 0.4476 0.2216 0.3946 0.2216 0.3946 0.2386
t 41 39 40 8A1E23 7F1E23 803435 0.3417 0.2386 0.3946 0.2386 0.3946 0.2216
t 40 12 41 803435 82393D 8A1E23 0.3946 0.2216 0.3417 0.2216 0.3417 0.2386
t 42 41 12 4F0B14 8A1E23 82393D 0.2887 0.2386 0.3417 0.2386 0.3417 0.2216
t 12 13 42 82393D 56565B 4F0B14 0.3417 0.2216 0.2887 0.2216 0.2887 0.2386
t 43 42 13 61616D 4F0B14 56565B 0.2357 0.2386 0.2887 0.2386 0.2887 0.2216
t 13 15 43 56565B 838390 61616D 0.2887 0.2216 0.2357 0.2216 0.2357 0.2386
t 44 43 15 656776 61616D 838390 0.1827 0.2386 0.2357 0.2386 0.2357 0.2216
t 15 17 44 838390 737583 656776 0.2357 0.2216 0.1827 0.2216 0.1827 0.2386
t 17 45 44 737583 5E545D 656776 0.1827 0.2216 0.1387 0.2290 0.1827 0.2386
t 46 44 45 645A63 656776 5E545D 0.1376 0.2426 0.1827 0.2386 0.1387 0.2290
t 25 27 47 777779 070707 060607 0.7654 0.2386 0.7125 0.2386 0.7125 0.2557
t 48 47 27 531013 060607 070707 0.6595 0.2557 0.7125 0.2557 0.7125 0.2386
t 27 29 48 070707 500F15 531013 0.7125 0.2386 0.6595 0.2386 0.6595 0.2557
t 49 48 29 4B1719 531013 500F15 0.6065 0.2557 0.6595 0.2557 0.6595 0.2386
t 29 31 49 500F15 391D1E 4B1719 0.6595 0.2386 0.6065 0.2386 0.6065 0.2557
t 50 49 31 461A1D 4B1719 391D1E 0.5536 0.2557 0.6065 0.2557 0.6065 0.2386
t 31 33 50 391D1E 311E1E 461A1D 0.6065 0.2386 0.5536 0.2386 0.5536 0.2557
t 51 50 33 AC252B 461A1D 311E1E 0.5006 0.2557 0.5536 0.2557 0.5536 0.2386
t 33 35 51 311E1E B43031 AC252B 0.5536 0.2386 0.5006 0.2386 0.5006 0.2557
t 52 51 35 922528 AC252B B43031 0.4476 0.2557 0.5006 0.2557 0.5006 0.2386
t 35 37 52 B43031 852E2F 922528 0.5006 0.2386 0.4476 0.2386 0.4476 0.2557
t 53 52 37 80141C 922528 852E2F 0.3946 0.2557 0.4476 0.2557 0.4476 0.2386
t 37 39 53 852E2F 7F1E23 80141C 0.4476 0.2386 0.3946 0.2386 0.3946 0.2557
t 54 53 39 822023 80141C 7F1E23 0.3417 0.2557 0.3946 0.2557 0.3946 0.2386
t 39 41 54 7F1E23 8A1E23 822023 0.3946 0.2386 0.3417 0.2386 0.3417 0.2557
t 55 54 41 8A2A35 822023 8A1E23 0.2887 0.2557 0.3417 0.2557 0.3417 0.2386
t 41 42 55 8A1E23 4F0B14 8A2A35 0.3417 0.2386 0.2887 0.2386 0.2887 0.2557
t 56 55 42 43434D 8A2A35 4F0B14 0.2357 0.2557 0.2887 0.2557 0.2887 0.2386
t 42 43 56 4F0B14 61616D 43434D 0.2887 0.2386 0.2357 0.2386 0.2357 0.2557
t 57 56 43 666678 43434D 61616D 0.1827 0.2557 0.2357 0.2557 0.2357 0.2386
t 43 44 57 61616D 656776 666678 0.2357 0.2386 0.1827 0.2386 0.1827 0.2557
t 46 57 44 645A63 666678 656776 0.1376 0.2426 0.1827 0.2557 0.1827 0.2386
t 24 23 58 070706 594D4C 4C4140 0.8184 0.2216 0.8625 0.2290 0.8615 0.2153
t 58 59 24 4C4140 060607 070706 0.8615 0.2153 0.8184 0.2046 0.8184 0.2216
t 26 24 59 85878B 070706 060607 0.7654 0.2216 0.8184 0.2216 0.8184 0.2046
t 59 60 26 060607 6F6F73 85878B 0.8184 0.2046 0.7654 0.2046 0.7654 0.2216
t 28 26 60 080808 85878B 6F6F73 0.7125 0.2216 0.7654 0.2216 0.7654 0.2046
t 60 61 28 6F6F73 080808 080808 0.7654 0.2046 0.7125 0.2046 0.7125 0.2216
t 30 28 61 0B0B0C 080808 080808 0.6595 0.2216 0.7125 0.2216 0.7125 0.2046
t 61 62 30 080808 131113 0B0B0C 0.7125 0.2046 0.6595 0.2046 0.6595 0.2216
t 32 30 62 71696A 0B0B0C 131113 0.6065 0.2216 0.6595 0.2216 0.6595 0.2046
t 62 2 32 131113 505052 71696A 0.6595 0.2046 0.6065 0.2046 0.6065 0.2216
t 34 32 2 322628 71696A 505052 0.5536 0.2216 0.6065 0.2216 0.6065 0.2046
t 2 3 34 505052 3A3A3A 322628 0.6065 0.2046 0.5536 0.2046 0.5536 0.2216
t 36 34 3 993C3C 322628 3A3A3A 0.5006 0.2216 0.5536 0.2216 0.5536 0.2046
t 3 5 36 3A3A3A 343334 993C3C 0.5536 0.2046 0.5006 0.2046 0.5006 0.2216
t 38 36 5 412D2D 993C3C 343334 0.4476 0.2216 0.5006 0.2216 0.5006 0.2046
t 5 7 38 343334 844747 412D2D 0.5006 0.2046 0.4476 0.2046 0.4476 0.2216
t 40 38 7 803435 412D2D 844747 0.3946 0.2216 0.4476 0.2216 0.4476 0.2046
t 7 9 40 844747 653D3F 803435 0.4476 0.2046 0.3946 0.2046 0.3946 0.2216
t 12 40 9 82393D 803435 653D3F 0.3417 0.2216 0.3946 0.2216 0.3946 0.2046
t 17 19 45 737583 605760 5E545D 0.1827 0.2216 0.1397 0.2153 0.1387 0.2290
t 63 64 65 29282A 241A19 1A1212 0.8184 0.1705 0.8568 0.1763 0.8549 0.1636
t 65 66 63 1A1212 0D0D0F 29282A 0.8549 0.1636 0.8184 0.1534 0.8184 0.1705
t 67 63 66 7B7D80 29282A 0D0D0F 0.7654 0.1705 0.8184 0.1705 0.8184 0.1534
t 66 68 67 0D0D0F ABACAE 7B7D80 0.8184 0.1534 0.7654 0.1534 0.7654 0.1705
t 69 67 68 1C1B1B 7B7D80 ABACAE 0.7125 0.1705 0.7654 0.1705 0.7654 0.1534
t 68 70 69 ABACAE 232222 1C1B1B 0.7654 0.1534 0.7125 0.1534 0.7125 0.1705
t 70 71 69 232222 808082 1C1B1B 0.7125 0.1534 0.6595 0.1705 0.7125 0.1705
t 0 69 71 6A696C 1C1B1B 808082 0.6595 0.1875 0.7125 0.1705 0.6595 0.1705
t 1 0 71 9E9C9F 6A696C 808082 0.6065 0.1875 0.6595 0.1875 0.6595 0.1705
t 71 72 1 808082 9A9A9A 9E9C9F 0.6595 0.1705 0.6065 0.1705 0.6065 0.1875
t 4 1 72 7F7E7F 9E9C9F 9A9A9A 0.5536 0.1875 0.6065 0.1875 0.6065 0.1705
t 72 73 4 9A9A9A 878788 7F7E7F 0.6065 0.1705 0.5536 0.1705 0.5536 0.1875
t 6 4 73 403F3F 7F7E7F 878788 0.5006 0.1875 0.5536 0.1875 0.5536 0.1705
t 73 74 6 878788 4A4A4A 403F3F 0.5536 0.1705 0.5006 0.1705 0.5006 0.1875
t 8 6 74 424242 403F3F 4A4A4A 0.4476 0.1875 0.5006 0.1875 0.5006 0.1705
t 74 75 8 4A4A4A 666667 424242 0.5006 0.1705 0.4476 0.1705 0.4476 0.1875
t 10 8 75 6F6F6F 424242 666667 0.3946 0.1875 0.4476 0.1875 0.4476 0.1705
t 75 76 10 666667 7E7D7D 6F6F6F 0.4476 0.1705 0.3946 0.1705 0.3946 0.1875
t 77 10 76 3B393A 6F6F6F 7E7D7D 0.3417 0.1875 0.3946 0.1875 0.3946 0.1705
t 76 78 77 7E7D7D 545354 3B393A 0.3946 0.1705 0.3417 0.1705 0.3417 0.1875
t 79 77 78 8B8C8F 3B393A 545354 0.2887 0.1875 0.3417 0.1875 0.3417 0.1705
t 78 80 79 545354 A6A6A7 8B8C8F 0.3417 0.1705 0.2887 0.1705 0.2887 0.1875
t 81 79 80 757578 8B8C8F A6A6A7 0.2357 0.1875 0.2887 0.1875 0.2887 0.1705
t 80 82 81 A6A6A7 A79FA1 757578 0.2887 0.1705 0.2357 0.1705 0.2357 0.1875
t 83 81 82 A699A3 757578 A79FA1 0.1827 0.1875 0.2357 0.1875 0.2357 0.1705
t 82 84 83 A79FA1 968487 A699A3 0.2357 0.1705 0.1827 0.1705 0.1827 0.1875
t 85 83 84 4C4347 A699A3 968487 0.1444 0.1763 0.1827 0.1875 0.1827 0.1705
t 84 86 85 968487 342928 4C4347 0.1827 0.1705 0.1462 0.1636 0.1444 0.1763
t 87 88 64 2E3032 332827 241A19 0.8184 0.1875 0.8586 0.1890 0.8568 0.1763
t 64 63 87 241A19 29282A 2E3032 0.8568 0.1763 0.8184 0.1705 0.8184 0.1875
t 89 87 63 5D5D60 2E3032 29282A 0.7654 0.1875 0.8184 0.1875 0.8184 0.1705
t 63 67 89 29282A 7B7D80 5D5D60 0.8184 0.1705 0.7654 0.1705 0.7654 0.1875
t 90 89 67 232324 5D5D60 7B7D80 0.7125 0.1875 0.7654 0.1875 0.7654 0.1705
t 67 69 90 7B7D80 1C1B1B 232324 0.7654 0.1705 0.7125 0.1705 0.7125 0.1875
t 0 90 69 6A696C 232324 1C1B1B 0.6595 0.1875 0.7125 0.1875 0.7125 0.1705
t 10 77 11 6F6F6F 3B393A 292728 0.3946 0.1875 0.3417 0.1875 0.3417 0.2046
t 14 11 77 737378 292728 3B393A 0.2887 0.2046 0.3417 0.2046 0.3417 0.1875
t 77 79 14 3B393A 8B8C8F 737378 0.3417 0.1875 0.2887 0.1875 0.2887 0.2046
t 16 14 79 66676E 737378 8B8C8F 0.2357 0.2046 0.2887 0.2046 0.2887 0.1875
t 79 81 16 8B8C8F 757578 66676E 0.2887 0.1875 0.2357 0.1875 0.2357 0.2046
t 18 16 81 90929F 66676E 757578 0.1827 0.2046 0.2357 0.2046 0.2357 0.1875
t 81 83 18 757578 A699A3 90929F 0.2357 0.1875 0.1827 0.1875 0.1827 0.2046
t 20 18 83 817780 90929F A699A3 0.1411 0.2021 0.1827 0.2046 0.1827 0.1875
t 91 20 83 6C6369 817780 A699A3 0.1425 0.1890 0.1411 0.2021 0.1827 0.1875
t 83 85 91 A699A3 4C4347 6C6369 0.1827 0.1875 0.1444 0.1763 0.1425 0.1890
t 92 88 87 403534 332827 2E3032 0.8600 0.2021 0.8586 0.1890 0.8184 0.1875
t 66 65 93 0D0D0F 1A1212 110D0E 0.8184 0.1534 0.8549 0.1636 0.8527 0.1514
t 70 94 71 232222 696969 808082 0.7125 0.1534 0.6595 0.1534 0.6595 0.1705
t 72 71 94 9A9A9A 808082 696969 0.6065 0.1705 0.6595 0.1705 0.6595 0.1534
t 94 95 72 696969 DAD9DB 9A9A9A 0.6595 0.1534 0.6065 0.1534 0.6065 0.1705
t 73 72 95 878788 9A9A9A DAD9DB 0.5536 0.1705 0.6065 0.1705 0.6065 0.1534
t 95 96 73 DAD9DB A4A3A3 878788 0.6065 0.1534 0.5536 0.1534 0.5536 0.1705
t 74 73 96 4A4A4A 878788 A4A3A3 0.5006 0.1705 0.5536 0.1705 0.5536 0.1534
t 96 97 74 A4A3A3 545454 4A4A4A 0.5536 0.1534 0.5006 0.1534 0.5006 0.1705
t 75 74 97 666667 4A4A4A 545454 0.4476 0.1705 0.5006 0.1705 0.5006 0.1534
t 97 98 75 545454 9E9D9D 666667 0.5006 0.1534 0.4476 0.1534 0.4476 0.1705
t 76 75 98 7E7D7D 666667 9E9D9D 0.3946 0.1705 0.4476 0.1705 0.4476 0.1534
t 98 99 76 9E9D9D A8A8A7 7E7D7D 0.4476 0.1534 0.3946 0.1534 0.3946 0.1705
t 78 76 99 545354 7E7D7D A8A8A7 0.3417 0.1705 0.3946 0.1705 0.3946 0.1534
t 99 100 78 A8A8A7 AEADAD 545354 0.3946 0.1534 0.3417 0.1534 0.3417 0.1705
t 80 78 100 A6A6A7 545354 AEADAD 0.2887 0.1705 0.3417 0.1705 0.3417 0.1534
t 100 101 80 AEADAD E3D7D7 A6A6A7 0.3417 0.1534 0.2887 0.1534 0.2887 0.1705
t 82 80 101 A79FA1 A6A6A7 E3D7D7 0.2357 0.1705 0.2887 0.1705 0.2887 0.1534
t 101 102 82 E3D7D7 D8D6D6 A79FA1 0.2887 0.1534 0.2357 0.1534 0.2357 0.1705
t 84 82 102 968487 A79FA1 D8D6D6 0.1827 0.1705 0.2357 0.1705 0.2357 0.1534
t 102 103 84 D8D6D6 918E90 968487 0.2357 0.1534 0.1827 0.1534 0.1827 0.1705
t 86 84 103 342928 968487 918E90 0.1462 0.1636 0.1827 0.1705 0.1827 0.1534
t 104 105 106 030303 201C1B 1F1C1B 0.7654 0.0853 0.8322 0.0948 0.8210 0.0847
t 106 107 104 1F1C1B 302A2A 030303 0.8210 0.0847 0.8098 0.0746 0.7654 0.0853
t 107 108 104 302A2A 151213 030303 0.8098 0.0746 0.7872 0.0645 0.7654 0.0853
t 108 109 104 151213 060506 030303 0.7872 0.0645 0.7125 0.0682 0.7654 0.0853
t 110 104 109 070706 030303 060506 0.7125 0.0853 0.7654 0.0853 0.7125 0.0682
t 111 110 109 363638 070706 060506 0.6595 0.0853 0.7125 0.0853 0.7125 0.0682
t 109 112 111 060506 0B0B0D 363638 0.7125 0.0682 0.6595 0.0682 0.6595 0.0853
t 113 111 112 9F4548 363638 0B0B0D 0.6065 0.0853 0.6595 0.0853 0.6595 0.0682
t 112 114 113 0B0B0D 5C4D4F 9F4548 0.6595 0.0682 0.6065 0.0682 0.6065 0.0853
t 114 115 113 5C4D4F 4A4A4A 9F4548 0.6065 0.0682 0.5536 0.0853 0.6065 0.0853
t 116 113 115 6D6C6C 9F4548 4A4A4A 0.5536 0.1023 0.6065 0.0853 0.5536 0.0853
t 117 116 115 4F4E4E 6D6C6C 4A4A4A 0.5006 0.1023 0.5536 0.1023 0.5536 0.0853
t 115 118 117 4A4A4A 3F3E3F 4F4E4E 0.5536 0.0853 0.5006 0.0853 0.5006 0.1023
t 119 117 118 E3807B 4F4E4E 3F3E3F 0.4476 0.1023 0.5006 0.1023 0.5006 0.0853
t 118 120 119 3F3E3F E16C68 E3807B 0.5006 0.0853 0.4476 0.0853 0.4476 0.1023
t 121 119 120 A68E8D E3807B E16C68 0.3946 0.1023 0.4476 0.1023 0.4476 0.0853
t 120 122 121 E16C68 737373 A68E8D 0.4476 0.0853 0.3946 0.0853 0.3946 0.1023
t 123 121 122 767575 A68E8D 737373 0.3417 0.1023 0.3946 0.1023 0.3946 0.0853
t 122 124 123 737373 5C5C5D 767575 0.3946 0.0853 0.3417 0.0853 0.3417 0.1023
t 125 123 124 AFA5A5 767575 5C5C5D 0.2887 0.1023 0.3417 0.1023 0.3417 0.0853
t 124 126 125 5C5C5D A1A1A1 AFA5A5 0.3417 0.0853 0.2887 0.0853 0.2887 0.1023
t 127 125 126 4D4C4D AFA5A5 A1A1A1 0.2357 0.1023 0.2887 0.1023 0.2887 0.0853
t 126 128 127 A1A1A1 484848 4D4C4D 0.2887 0.0853 0.2357 0.0853 0.2357 0.1023
t 129 127 128 777271 4D4C4D 484848 0.1690 0.0948 0.2357 0.1023 0.2357 0.0853
t 128 130 129 484848 7C7875 777271 0.2357 0.0853 0.1802 0.0847 0.1690 0.0948
t 131 132 133 060606 0A0807 0F0C0C 0.8184 0.1194 0.8478 0.1274 0.8451 0.1157
t 133 134 131 0F0C0C 0E0C0B 060606 0.8451 0.1157 0.8386 0.1052 0.8184 0.1194
t 134 135 131 0E0C0B 050505 060606 0.8386 0.1052 0.7654 0.1023 0.8184 0.1194
t 136 131 135 1D1E20 060606 050505 0.7654 0.1194 0.8184 0.1194 0.7654 0.1023
t 137 136 135 101012 1D1E20 050505 0.7125 0.1194 0.7654 0.1194 0.7654 0.1023
t 135 138 137 050505 0A0A0A 101012 0.7654 0.1023 0.7125 0.1023 0.7125 0.1194
t 139 137 138 525154 101012 0A0A0A 0.6595 0.1194 0.7125 0.1194 0.7125 0.1023
t 138 140 139 0A0A0A 3F3E40 525154 0.7125 0.1023 0.6595 0.1023 0.6595 0.1194
t 141 139 140 DA9897 525154 3F3E40 0.6065 0.1194 0.6595 0.1194 0.6595 0.1023
t 140 142 141 3F3E40 D34245 DA9897 0.6595 0.1023 0.6065 0.1023 0.6065 0.1194
t 143 141 142 A28F91 DA9897 D34245 0.5536 0.1194 0.6065 0.1194 0.6065 0.1023
t 142 116 143 D34245 6D6C6C A28F91 0.6065 0.1023 0.5536 0.1023 0.5536 0.1194
t 144 143 116 545152 A28F91 6D6C6C 0.5006 0.1194 0.5536 0.1194 0.5536 0.1023
t 116 117 144 6D6C6C 4F4E4E 545152 0.5536 0.1023 0.5006 0.1023 0.5006 0.1194
t 145 144 117 D7BEBE 545152 4F4E4E 0.4476 0.1194 0.5006 0.1194 0.5006 0.1023
t 117 119 145 4F4E4E E3807B D7BEBE 0.5006 0.1023 0.4476 0.1023 0.4476 0.1194
t 119 146 145 E3807B F5F4F5 D7BEBE 0.4476 0.1023 0.3946 0.1194 0.4476 0.1194
t 147 145 146 C6C4C4 D7BEBE F5F4F5 0.3946 0.1364 0.4476 0.1194 0.3946 0.1194
t 148 147 146 888686 C6C4C4 F5F4F5 0.3417 0.1364 0.3946 0.1364 0.3946 0.1194
t 146 149 148 F5F4F5 A3A1A3 888686 0.3946 0.1194 0.3417 0.1194 0.3417 0.1364
t 150 148 149 E1817C 888686 A3A1A3 0.2887 0.1364 0.3417 0.1364 0.3417 0.1194
t 149 151 150 A3A1A3 B98987 E1817C 0.3417 0.1194 0.2887 0.1194 0.2887 0.1364
t 152 150 151 929091 E1817C B98987 0.2357 0.1364 0.2887 0.1364 0.2887 0.1194
t 151 153 152 B98987 A9A8A8 929091 0.2887 0.1194 0.2357 0.1194 0.2357 0.1364
t 154 152 153 7D7D7D 929091 A9A8A8 0.1827 0.1364 0.2357 0.1364 0.2357 0.1194
t 153 155 154 A9A8A8 676768 7D7D7D 0.2357 0.1194 0.1827 0.1194 0.1827 0.1364
t 156 154 155 524B49 7D7D7D 676768 0.1534 0.1274 0.1827 0.1364 0.1827 0.1194
t 155 157 156 676768 625657 524B49 0.1827 0.1194 0.1561 0.1157 0.1534 0.1274
t 158 159 132 0E0E10 0D0A0A 0A0807 0.8184 0.1364 0.8504 0.1391 0.8478 0.1274
t 132 131 158 0A0807 060606 0E0E10 0.8478 0.1274 0.8184 0.1194 0.8184 0.1364
t 160 158 131 626162 0E0E10 060606 0.7654 0.1364 0.8184 0.1364 0.8184 0.1194
t 131 136 160 060606 1D1E20 626162 0.8184 0.1194 0.7654 0.1194 0.7654 0.1364
t 161 160 136 1F1D1E 626162 1D1E20 0.7125 0.1364 0.7654 0.1364 0.7654 0.1194
t 136 137 161 1D1E20 101012 1F1D1E 0.7654 0.1194 0.7125 0.1194 0.7125 0.1364
t 162 161 137 8B8A8A 1F1D1E 101012 0.6595 0.1364 0.7125 0.1364 0.7125 0.1194
t 137 139 162 101012 525154 8B8A8A 0.7125 0.1194 0.6595 0.1194 0.6595 0.1364
t 163 162 139 AAAAAB 8B8A8A 525154 0.6065 0.1364 0.6595 0.1364 0.6595 0.1194
t 139 141 163 525154 DA9897 AAAAAB 0.6595 0.1194 0.6065 0.1194 0.6065 0.1364
t 164 163 141 C2C1C1 AAAAAB DA9897 0.5536 0.1364 0.6065 0.1364 0.6065 0.1194
t 141 143 164 DA9897 A28F91 C2C1C1 0.6065 0.1194 0.5536 0.1194 0.5536 0.1364
t 165 164 143 747273 C2C1C1 A28F91 0.5006 0.1364 0.5536 0.1364 0.5536 0.1194
t 143 144 165 A28F91 545152 747273 0.5536 0.1194 0.5006 0.1194 0.5006 0.1364
t 166 165 144 DFDADB 747273 545152 0.4476 0.1364 0.5006 0.1364 0.5006 0.1194
t 144 145 166 545152 D7BEBE DFDADB 0.5006 0.1194 0.4476 0.1194 0.4476 0.1364
t 147 166 145 C6C4C4 DFDADB D7BEBE 0.3946 0.1364 0.4476 0.1364 0.4476 0.1194
t 154 156 167 7D7D7D 524B49 4D4543 0.1827 0.1364 0.1534 0.1274 0.1507 0.1391
t 135 134 105 050505 0E0C0B 201C1B 0.7654 0.1023 0.8386 0.1052 0.8322 0.0948
t 105 104 135 201C1B 030303 050505 0.8322 0.0948 0.7654 0.0853 0.7654 0.1023
t 138 135 104 0A0A0A 050505 030303 0.7125 0.1023 0.7654 0.1023 0.7654 0.0853
t 104 110 138 030303 070706 0A0A0A 0.7654 0.0853 0.7125 0.0853 0.7125 0.1023
t 140 138 110 3F3E40 0A0A0A 070706 0.6595 0.1023 0.7125 0.1023 0.7125 0.0853
t 110 111 140 070706 363638 3F3E40 0.7125 0.0853 0.6595 0.0853 0.6595 0.1023
t 142 140 111 D34245 3F3E40 363638 0.6065 0.1023 0.6595 0.1023 0.6595 0.0853
t 111 113 142 363638 9F4548 D34245 0.6595 0.0853 0.6065 0.0853 0.6065 0.1023
t 113 116 142 9F4548 6D6C6C D34245 0.6065 0.0853 0.5536 0.1023 0.6065 0.1023
t 119 121 146 E3807B A68E8D F5F4F5 0.4476 0.1023 0.3946 0.1023 0.3946 0.1194
t 149 146 121 A3A1A3 F5F4F5 A68E8D 0.3417 0.1194 0.3946 0.1194 0.3946 0.1023
t 121 123 149 A68E8D 767575 A3A1A3 0.3946 0.1023 0.3417 0.1023 0.3417 0.1194
t 151 149 123 B98987 A3A1A3 767575 0.2887 0.1194 0.3417 0.1194 0.3417 0.1023
t 123 125 151 767575 AFA5A5 B98987 0.3417 0.1023 0.2887 0.1023 0.2887 0.1194
t 153 151 125 A9A8A8 B98987 AFA5A5 0.2357 0.1194 0.2887 0.1194 0.2887 0.1023
t 125 127 153 AFA5A5 4D4C4D A9A8A8 0.2887 0.1023 0.2357 0.1023 0.2357 0.1194
t 155 153 127 676768 A9A8A8 4D4C4D 0.1827 0.1194 0.2357 0.1194 0.2357 0.1023
t 168 155 127 675F5F 676768 4D4C4D 0.1625 0.1052 0.1827 0.1194 0.2357 0.1023
t 127 129 168 4D4C4D 777271 675F5F 0.2357 0.1023 0.1690 0.0948 0.1625 0.1052
t 157 155 168 625657 676768 675F5F 0.1561 0.1157 0.1827 0.1194 0.1625 0.1052
t 109 169 170 060506 110F0E 060606 0.7125 0.0682 0.7647 0.0545 0.7359 0.0465
t 171 109 170 0A090B 060506 060606 0.6595 0.0512 0.7125 0.0682 0.7359 0.0465
t 170 172 171 060606 060606 0A090B 0.7359 0.0465 0.7072 0.0385 0.6595 0.0512
t 172 173 171 060606 080909 0A090B 0.7072 0.0385 0.6733 0.0323 0.6595 0.0512
t 173 174 171 080909 101012 0A090B 0.6733 0.0323 0.6065 0.0342 0.6595 0.0512
t 175 171 174 4F4E50 0A090B 101012 0.6065 0.0512 0.6595 0.0512 0.6065 0.0342
t 174 176 175 101012 282828 4F4E50 0.6065 0.0342 0.5536 0.0512 0.6065 0.0512
t 177 175 176 484848 4F4E50 282828 0.5536 0.0682 0.6065 0.0512 0.5536 0.0512
t 178 177 176 5A5A5A 484848 282828 0.5006 0.0682 0.5536 0.0682 0.5536 0.0512
t 176 179 178 282828 3E403F 5A5A5A 0.5536 0.0512 0.5006 0.0512 0.5006 0.0682
t 180 178 179 D57775 5A5A5A 3E403F 0.4476 0.0682 0.5006 0.0682 0.5006 0.0512
t 179 181 180 3E403F B08989 D57775 0.5006 0.0512 0.4476 0.0512 0.4476 0.0682
t 182 180 181 6A6A6A D57775 B08989 0.3946 0.0682 0.4476 0.0682 0.4476 0.0512
t 181 183 182 B08989 414141 6A6A6A 0.4476 0.0512 0.3946 0.0512 0.3946 0.0682
t 184 182 183 454545 6A6A6A 414141 0.3417 0.0682 0.3946 0.0682 0.3946 0.0512
t 183 185 184 414141 444444 454545 0.3946 0.0512 0.3417 0.0512 0.3417 0.0682
t 186 184 185 464647 454545 444444 0.2887 0.0682 0.3417 0.0682 0.3417 0.0512
t 185 187 186 444444 4D4D4C 464647 0.3417 0.0512 0.2652 0.0465 0.2887 0.0682
t 188 186 187 6B6868 464647 4D4D4C 0.2365 0.0545 0.2887 0.0682 0.2652 0.0465
t 108 169 109 151213 110F0E 060506 0.7872 0.0645 0.7647 0.0545 0.7125 0.0682
t 112 109 171 0B0B0D 060506 0A090B 0.6595 0.0682 0.7125 0.0682 0.6595 0.0512
t 171 114 112 0A090B 5C4D4F 0B0B0D 0.6595 0.0512 0.6065 0.0682 0.6595 0.0682
t 114 177 115 5C4D4F 484848 4A4A4A 0.6065 0.0682 0.5536 0.0682 0.5536 0.0853
t 118 115 177 3F3E3F 4A4A4A 484848 0.5006 0.0853 0.5536 0.0853 0.5536 0.0682
t 177 178 118 484848 5A5A5A 3F3E3F 0.5536 0.0682 0.5006 0.0682 0.5006 0.0853
t 120 118 178 E16C68 3F3E3F 5A5A5A 0.4476 0.0853 0.5006 0.0853 0.5006 0.0682
t 178 180 120 5A5A5A D57775 E16C68 0.5006 0.0682 0.4476 0.0682 0.4476 0.0853
t 122 120 180 737373 E16C68 D57775 0.3946 0.0853 0.4476 0.0853 0.4476 0.0682
t 180 182 122 D57775 6A6A6A 737373 0.4476 0.0682 0.3946 0.0682 0.3946 0.0853
t 124 122 182 5C5C5D 737373 6A6A6A 0.3417 0.0853 0.3946 0.0853 0.3946 0.0682
t 182 184 124 6A6A6A 454545 5C5C5D 0.3946 0.0682 0.3417 0.0682 0.3417 0.0853
t 126 124 184 A1A1A1 5C5C5D 454545 0.2887 0.0853 0.3417 0.0853 0.3417 0.0682
t 184 186 126 454545 464647 A1A1A1 0.3417 0.0682 0.2887 0.0682 0.2887 0.0853
t 128 126 186 484848 A1A1A1 464647 0.2357 0.0853 0.2887 0.0853 0.2887 0.0682
t 186 189 128 464647 757171 484848 0.2887 0.0682 0.2139 0.0645 0.2357 0.0853
t 190 128 189 928D8D 484848 757171 0.1913 0.0746 0.2357 0.0853 0.2139 0.0645
t 190 130 128 928D8D 7C7875 484848 0.1913 0.0746 0.1802 0.0847 0.2357 0.0853
t 171 175 114 0A090B 4F4E50 5C4D4F 0.6595 0.0512 0.6065 0.0512 0.6065 0.0682
t 177 114 175 484848 5C4D4F 4F4E50 0.5536 0.0682 0.6065 0.0682 0.6065 0.0512
t 188 189 186 6B6868 757171 464647 0.2365 0.0545 0.2139 0.0645 0.2887 0.0682
t 173 191 174 080909 0C0C0D 101012 0.6733 0.0323 0.6395 0.0261 0.6065 0.0342
t 191 192 174 0C0C0D 141314 101012 0.6395 0.0261 0.5971 0.0221 0.6065 0.0342
t 193 174 192 262626 101012 141314 0.5536 0.0342 0.6065 0.0342 0.5971 0.0221
t 192 194 193 141314 242525 262626 0.5971 0.0221 0.5546 0.0180 0.5536 0.0342
t 194 195 193 242525 303030 262626 0.5546 0.0180 0.5276 0.0174 0.5536 0.0342
t 196 193 195 373838 262626 303030 0.5006 0.0342 0.5536 0.0342 0.5276 0.0174
t 195 197 196 303030 373737 373838 0.5276 0.0174 0.5006 0.0168 0.5006 0.0342
t 197 198 196 373737 3B3A3A 373838 0.5006 0.0168 0.4736 0.0174 0.5006 0.0342
t 199 196 198 757475 373838 3B3A3A 0.4476 0.0342 0.5006 0.0342 0.4736 0.0174
t 198 200 199 3B3A3A 3D3C3D 757475 0.4736 0.0174 0.4465 0.0180 0.4476 0.0342
t 200 201 199 3D3C3D 3F3F3F 757475 0.4465 0.0180 0.4041 0.0221 0.4476 0.0342
t 201 202 199 3F3F3F 414141 757475 0.4041 0.0221 0.3946 0.0342 0.4476 0.0342
t 183 199 202 414141 757475 414141 0.3946 0.0512 0.4476 0.0342 0.3946 0.0342
t 185 183 202 444444 414141 414141 0.3417 0.0512 0.3946 0.0512 0.3946 0.0342
t 202 203 185 414141 444343 444444 0.3946 0.0342 0.3278 0.0323 0.3417 0.0512
t 204 185 203 474847 444444 444343 0.2939 0.0385 0.3417 0.0512 0.3278 0.0323
t 174 193 176 101012 262626 282828 0.6065 0.0342 0.5536 0.0342 0.5536 0.0512
t 179 176 193 3E403F 282828 262626 0.5006 0.0512 0.5536 0.0512 0.5536 0.0342
t 193 196 179 262626 373838 3E403F 0.5536 0.0342 0.5006 0.0342 0.5006 0.0512
t 181 179 196 B08989 3E403F 373838 0.4476 0.0512 0.5006 0.0512 0.5006 0.0342
t 196 199 181 373838 757475 B08989 0.5006 0.0342 0.4476 0.0342 0.4476 0.0512
t 183 181 199 414141 B08989 757475 0.3946 0.0512 0.4476 0.0512 0.4476 0.0342
t 187 185 204 4D4D4C 444444 474847 0.2652 0.0465 0.3417 0.0512 0.2939 0.0385
t 205 202 201 414141 414141 3F3F3F 0.3617 0.0261 0.3946 0.0342 0.4041 0.0221
t 203 202 205 444343 414141 414141 0.3278 0.0323 0.3946 0.0342 0.3617 0.0261
t 2 62 0 505052 131113 6A696C 0.6065 0.2046 0.6595 0.2046 0.6595 0.1875
t 90 0 62 232324 6A696C 131113 0.7125 0.1875 0.6595 0.1875 0.6595 0.2046
t 62 61 90 131113 080808 232324 0.6595 0.2046 0.7125 0.2046 0.7125 0.1875
t 89 90 61 5D5D60 232324 080808 0.7654 0.1875 0.7125 0.1875 0.7125 0.2046
t 61 60 89 080808 6F6F73 5D5D60 0.7125 0.2046 0.7654 0.2046 0.7654 0.1875
t 87 89 60 2E3032 5D5D60 6F6F73 0.8184 0.1875 0.7654 0.1875 0.7654 0.2046
t 60 59 87 6F6F73 060607 2E3032 0.7654 0.2046 0.8184 0.2046 0.8184 0.1875
t 92 87 59 403534 2E3032 060607 0.8600 0.2021 0.8184 0.1875 0.8184 0.2046
t 59 58 92 060607 4C4140 403534 0.8184 0.2046 0.8615 0.2153 0.8600 0.2021
t 86 103 206 342928 918E90 443B3D 0.1462 0.1636 0.1827 0.1534 0.1485 0.1514
t 167 206 103 4D4543 443B3D 918E90 0.1507 0.1391 0.1485 0.1514 0.1827 0.1534
t 154 167 103 7D7D7D 4D4543 918E90 0.1827 0.1364 0.1507 0.1391 0.1827 0.1534
t 152 154 103 929091 7D7D7D 918E90 0.2357 0.1364 0.1827 0.1364 0.1827 0.1534
t 103 102 152 918E90 D8D6D6 929091 0.1827 0.1534 0.2357 0.1534 0.2357 0.1364
t 150 152 102 E1817C 929091 D8D6D6 0.2887 0.1364 0.2357 0.1364 0.2357 0.1534
t 102 101 150 D8D6D6 E3D7D7 E1817C 0.2357 0.1534 0.2887 0.1534 0.2887 0.1364
t 148 150 101 888686 E1817C E3D7D7 0.3417 0.1364 0.2887 0.1364 0.2887 0.1534
t 101 100 148 E3D7D7 AEADAD 888686 0.2887 0.1534 0.3417 0.1534 0.3417 0.1364
t 147 148 100 C6C4C4 888686 AEADAD 0.3946 0.1364 0.3417 0.1364 0.3417 0.1534
t 100 99 147 AEADAD A8A8A7 C6C4C4 0.3417 0.1534 0.3946 0.1534 0.3946 0.1364
t 166 147 99 DFDADB C6C4C4 A8A8A7 0.4476 0.1364 0.3946 0.1364 0.3946 0.1534
t 99 98 166 A8A8A7 9E9D9D DFDADB 0.3946 0.1534 0.4476 0.1534 0.4476 0.1364
t 165 166 98 747273 DFDADB 9E9D9D 0.5006 0.1364 0.4476 0.1364 0.4476 0.1534
t 98 97 165 9E9D9D 545454 747273 0.4476 0.1534 0.5006 0.1534 0.5006 0.1364
t 164 165 97 C2C1C1 747273 545454 0.5536 0.1364 0.5006 0.1364 0.5006 0.1534
t 97 96 164 545454 A4A3A3 C2C1C1 0.5006 0.1534 0.5536 0.1534 0.5536 0.1364
t 163 164 96 AAAAAB C2C1C1 A4A3A3 0.6065 0.1364 0.5536 0.1364 0.5536 0.1534
t 96 95 163 A4A3A3 DAD9DB AAAAAB 0.5536 0.1534 0.6065 0.1534 0.6065 0.1364
t 162 163 95 8B8A8A AAAAAB DAD9DB 0.6595 0.1364 0.6065 0.1364 0.6065 0.1534
t 95 94 162 DAD9DB 696969 8B8A8A 0.6065 0.1534 0.6595 0.1534 0.6595 0.1364
t 161 162 94 1F1D1E 8B8A8A 696969 0.7125 0.1364 0.6595 0.1364 0.6595 0.1534
t 94 70 161 696969 232222 1F1D1E 0.6595 0.1534 0.7125 0.1534 0.7125 0.1364
t 160 161 70 626162 1F1D1E 232222 0.7654 0.1364 0.7125 0.1364 0.7125 0.1534
t 70 68 160 232222 ABACAE 626162 0.7125 0.1534 0.7654 0.1534 0.7654 0.1364
t 158 160 68 0E0E10 626162 ABACAE 0.8184 0.1364 0.7654 0.1364 0.7654 0.1534
t 68 66 158 ABACAE 0D0D0F 0E0E10 0.7654 0.1534 0.8184 0.1534 0.8184 0.1364
t 159 158 66 0D0A0A 0E0E10 0D0D0F 0.8504 0.1391 0.8184 0.1364 0.8184 0.1534
t 66 93 159 0D0D0F 110D0E 0D0A0A 0.8184 0.1534 0.8527 0.1514 0.8504 0.1391
t 207 208 209 68615F 070708 706B6B 0.8642 0.2567 0.8184 0.2557 0.8649 0.2708
t 210 211 212 242535 68626C 66626A 0.1827 0.2727 0.1363 0.2708 0.1363 0.2873
t 212 213 210 66626A 242535 242535 0.1363 0.2873 0.1827 0.2898 0.1827 0.2727
t 214 210 213 12131C 242535 242535 0.2357 0.2727 0.1827 0.2727 0.1827 0.2898
t 213 215 214 242535 151621 12131C 0.1827 0.2898 0.2357 0.2898 0.2357 0.2727
t 216 214 215 480E14 12131C 151621 0.2887 0.2727 0.2357 0.2727 0.2357 0.2898
t 215 217 216 151621 2F3036 480E14 0.2357 0.2898 0.2887 0.2898 0.2887 0.2727
t 218 216 217 7D141E 480E14 2F3036 0.3417 0.2727 0.2887 0.2727 0.2887 0.2898
t 217 219 218 2F3036 0C0C0D 7D141E 0.2887 0.2898 0.3417 0.2898 0.3417 0.2727
t 220 218 219 78161C 7D141E 0C0C0D 0.3946 0.2727 0.3417 0.2727 0.3417 0.2898
t 221 222 223 0C0C0C 292A2A 707072 0.7125 0.2727 0.7654 0.2727 0.7654 0.2557
t 208 223 222 070708 707072 292A2A 0.8184 0.2557 0.7654 0.2557 0.7654 0.2727
t 222 224 208 292A2A 090808 070708 0.7654 0.2727 0.8184 0.2727 0.8184 0.2557
t 209 208 224 706B6B 070708 090808 0.8649 0.2708 0.8184 0.2557 0.8184 0.2727
t 224 225 209 090808 756F6F 706B6B 0.8184 0.2727 0.8649 0.2873 0.8649 0.2708
t 226 227 228 252638 69656E 6B6871 0.1827 0.3068 0.1363 0.3039 0.1363 0.3204
t 229 230 231 151619 2D2D2F 0F0E10 0.3417 0.3068 0.3946 0.3068 0.3946 0.2898
t 232 231 230 87878B 0F0E10 2D2D2F 0.4476 0.2898 0.3946 0.2898 0.3946 0.3068
t 230 233 232 2D2D2F 454446 87878B 0.3946 0.3068 0.4476 0.3068 0.4476 0.2898
t 234 232 233 B1363F 87878B 454446 0.5006 0.2898 0.4476 0.2898 0.4476 0.3068
t 233 235 234 454446 A92A35 B1363F 0.4476 0.3068 0.5006 0.3068 0.5006 0.2898
t 236 234 235 49494B B1363F A92A35 0.5536 0.2898 0.5006 0.2898 0.5006 0.3068
t 235 237 236 A92A35 95979C 49494B 0.5006 0.3068 0.5536 0.3068 0.5536 0.2898
t 238 236 237 0C0D0E 49494B 95979C 0.6065 0.2898 0.5536 0.2898 0.5536 0.3068
t 237 239 238 95979C 999BA1 0C0D0E 0.5536 0.3068 0.6065 0.3068 0.6065 0.2898
t 240 238 239 080809 0C0D0E 999BA1 0.6595 0.2898 0.6065 0.2898 0.6065 0.3068
t 239 241 240 999BA1 7D7F82 080809 0.6065 0.3068 0.6595 0.3068 0.6595 0.2898
t 242 240 241 080809 080809 7D7F82 0.7125 0.2898 0.6595 0.2898 0.6595 0.3068
t 241 243 242 7D7F82 070707 080809 0.6595 0.3068 0.7125 0.3068 0.7125 0.2898
t 244 242 243 959497 080809 070707 0.7654 0.2898 0.7125 0.2898 0.7125 0.3068
t 243 245 244 070707 1B1A1A 959497 0.7125 0.3068 0.7654 0.3068 0.7654 0.2898
t 246 244 245 090909 959497 1B1A1A 0.8184 0.2898 0.7654 0.2898 0.7654 0.3068
t 245 247 246 1B1A1A 070707 090909 0.7654 0.3068 0.8184 0.3068 0.8184 0.2898
t 248 246 247 736E6E 090909 070707 0.8649 0.3039 0.8184 0.2898 0.8184 0.3068
t 247 249 248 070707 706B6B 736E6E 0.8184 0.3068 0.8649 0.3204 0.8649 0.3039
t 213 212 227 242535 66626A 69656E 0.1827 0.2898 0.1363 0.2873 0.1363 0.3039
t 227 226 213 69656E 252638 242535 0.1363 0.3039 0.1827 0.3068 0.1827 0.2898
t 215 213 226 151621 242535 252638 0.2357 0.2898 0.1827 0.2898 0.1827 0.3068
t 226 250 215 252638 181A25 151621 0.1827 0.3068 0.2357 0.3068 0.2357 0.2898
t 217 215 250 2F3036 151621 181A25 0.2887 0.2898 0.2357 0.2898 0.2357 0.3068
t 250 251 217 181A25 B8BBC9 2F3036 0.2357 0.3068 0.2887 0.3068 0.2887 0.2898
t 219 217 251 0C0C0D 2F3036 B8BBC9 0.3417 0.2898 0.2887 0.2898 0.2887 0.3068
t 251 229 219 B8BBC9 151619 0C0C0D 0.2887 0.3068 0.3417 0.3068 0.3417 0.2898
t 229 231 219 151619 0F0E10 0C0C0D 0.3417 0.3068 0.3946 0.2898 0.3417 0.2898
t 220 219 231 78161C 0C0C0D 0F0E10 0.3946 0.2727 0.3417 0.2898 0.3946 0.2898
t 252 220 231 898285 78161C 0F0E10 0.4476 0.2727 0.3946 0.2727 0.3946 0.2898
t 231 232 252 0F0E10 87878B 898285 0.3946 0.2898 0.4476 0.2898 0.4476 0.2727
t 253 252 232 AF363E 898285 87878B 0.5006 0.2727 0.4476 0.2727 0.4476 0.2898
t 232 234 253 87878B B1363F AF363E 0.4476 0.2898 0.5006 0.2898 0.5006 0.2727
t 254 253 234 7E7D81 AF363E B1363F 0.5536 0.2727 0.5006 0.2727 0.5006 0.2898
t 234 236 254 B1363F 49494B 7E7D81 0.5006 0.2898 0.5536 0.2898 0.5536 0.2727
t 255 254 236 0C0B0C 7E7D81 49494B 0.6065 0.2727 0.5536 0.2727 0.5536 0.2898
t 236 238 255 49494B 0C0D0E 0C0B0C 0.5536 0.2898 0.6065 0.2898 0.6065 0.2727
t 256 255 238 330A0E 0C0B0C 0C0D0E 0.6595 0.2727 0.6065 0.2727 0.6065 0.2898
t 238 240 256 0C0D0E 080809 330A0E 0.6065 0.2898 0.6595 0.2898 0.6595 0.2727
t 221 256 240 0C0C0C 330A0E 080809 0.7125 0.2727 0.6595 0.2727 0.6595 0.2898
t 240 242 221 080809 080809 0C0C0C 0.6595 0.2898 0.7125 0.2898 0.7125 0.2727
t 222 221 242 292A2A 0C0C0C 080809 0.7654 0.2727 0.7125 0.2727 0.7125 0.2898
t 242 244 222 080809 959497 292A2A 0.7125 0.2898 0.7654 0.2898 0.7654 0.2727
t 224 222 244 090808 292A2A 959497 0.8184 0.2727 0.7654 0.2727 0.7654 0.2898
t 244 246 224 959497 090909 090808 0.7654 0.2898 0.8184 0.2898 0.8184 0.2727
t 225 224 246 756F6F 090808 090909 0.8649 0.2873 0.8184 0.2727 0.8184 0.2898
t 246 248 225 090909 736E6E 756F6F 0.8184 0.2898 0.8649 0.3039 0.8649 0.2873
t 257 258 259 6F6B75 2A2C40 28293C 0.1363 0.3370 0.1827 0.3409 0.1827 0.3238
t 260 259 258 1C1E2C 28293C 2A2C40 0.2357 0.3238 0.1827 0.3238 0.1827 0.3409
t 258 261 260 2A2C40 6A6C7D 1C1E2C 0.1827 0.3409 0.2357 0.3409 0.2357 0.3238
t 262 260 261 6A6C78 1C1E2C 6A6C7D 0.2887 0.3238 0.2357 0.3238 0.2357 0.3409
t 261 263 262 6A6C7D A5A8B8 6A6C78 0.2357 0.3409 0.2887 0.3409 0.2887 0.3238
t 264 262 263 797A83 6A6C78 A5A8B8 0.3417 0.3238 0.2887 0.3238 0.2887 0.3409
t 263 265 264 A5A8B8 979AA5 797A83 0.2887 0.3409 0.3417 0.3409 0.3417 0.3238
t 266 264 265 595A5F 797A83 979AA5 0.3946 0.3238 0.3417 0.3238 0.3417 0.3409
t 265 267 266 979AA5 898B93 595A5F 0.3417 0.3409 0.3946 0.3409 0.3946 0.3238
t 268 266 267 8D9297 595A5F 898B93 0.4476 0.3238 0.3946 0.3238 0.3946 0.3409
t 267 269 268 898B93 84868B 8D9297 0.3946 0.3409 0.4476 0.3409 0.4476 0.3238
t 270 268 269 9C151F 8D9297 84868B 0.5006 0.3238 0.4476 0.3238 0.4476 0.3409
t 269 271 270 84868B A06269 9C151F 0.4476 0.3409 0.5006 0.3409 0.5006 0.3238
t 272 270 271 999CA2 9C151F A06269 0.5536 0.3238 0.5006 0.3238 0.5006 0.3409
t 271 273 272 A06269 777A80 999CA2 0.5006 0.3409 0.5536 0.3409 0.5536 0.3238
t 274 272 273 7E8082 999CA2 777A80 0.6065 0.3238 0.5536 0.3238 0.5536 0.3409
t 273 275 274 777A80 6F7075 7E8082 0.5536 0.3409 0.6065 0.3409 0.6065 0.3238
t 276 274 275 797A7D 7E8082 6F7075 0.6595 0.3238 0.6065 0.3238 0.6065 0.3409
t 275 277 276 6F7075 7A7C80 797A7D 0.6065 0.3409 0.6595 0.3409 0.6595 0.3238
t 278 276 277 1B1C1D 797A7D 7A7C80 0.7125 0.3238 0.6595 0.3238 0.6595 0.3409
t 277 279 278 7A7C80 535455 1B1C1D 0.6595 0.3409 0.7125 0.3409 0.7125 0.3238
t 280 278 279 070707 1B1C1D 535455 0.7654 0.3238 0.7125 0.3238 0.7125 0.3409
t 281 282 283 2C2E41 6F6B74 6E6A74 0.1827 0.3579 0.1363 0.3536 0.1363 0.3701
t 283 284 281 6E6A74 2F3044 2C2E41 0.1363 0.3701 0.1827 0.3750 0.1827 0.3579
t 285 281 284 222436 2C2E41 2F3044 0.2357 0.3579 0.1827 0.3579 0.1827 0.3750
t 284 286 285 2F3044 262838 222436 0.1827 0.3750 0.2357 0.3750 0.2357 0.3579
t 287 285 286 222329 222436 262838 0.2887 0.3579 0.2357 0.3579 0.2357 0.3750
t 286 288 287 262838 51525D 222329 0.2357 0.3750 0.2887 0.3750 0.2887 0.3579
t 289 287 288 858892 222329 51525D 0.3417 0.3579 0.2887 0.3579 0.2887 0.3750
t 288 290 289 51525D 212125 858892 0.2887 0.3750 0.3417 0.3750 0.3417 0.3579
t 291 289 290 878990 858892 212125 0.3946 0.3579 0.3417 0.3579 0.3417 0.3750
t 290 292 291 212125 968189 878990 0.3417 0.3750 0.3946 0.3750 0.3946 0.3579
t 293 291 292 818289 878990 968189 0.4476 0.3579 0.3946 0.3579 0.3946 0.3750
t 292 294 293 968189 99999F 818289 0.3946 0.3750 0.4476 0.3750 0.4476 0.3579
t 295 293 294 978085 818289 99999F 0.5006 0.3579 0.4476 0.3579 0.4476 0.3750
t 294 296 295 99999F A1565D 978085 0.4476 0.3750 0.5006 0.3750 0.5006 0.3579
t 297 295 296 74757B 978085 A1565D 0.5536 0.3579 0.5006 0.3579 0.5006 0.3750
t 298 299 300 8A8A8D 070707 070707 0.7125 0.3579 0.7654 0.3579 0.7654 0.3409
t 301 300 299 080808 070707 070707 0.8184 0.3409 0.7654 0.3409 0.7654 0.3579
t 299 302 301 070707 090909 080808 0.7654 0.3579 0.8184 0.3579 0.8184 0.3409
t 303 301 302 706A6B 080808 090909 0.8649 0.3536 0.8184 0.3409 0.8184 0.3579
t 302 304 303 090909 736D6E 706A6B 0.8184 0.3579 0.8649 0.3701 0.8649 0.3536
t 258 257 282 2A2C40 6F6B75 6F6B74 0.1827 0.3409 0.1363 0.3370 0.1363 0.3536
t 282 281 258 6F6B74 2C2E41 2A2C40 0.1363 0.3536 0.1827 0.3579 0.1827 0.3409
t 261 258 281 6A6C7D 2A2C40 2C2E41 0.2357 0.3409 0.1827 0.3409 0.1827 0.3579
t 281 285 261 2C2E41 222436 6A6C7D 0.1827 0.3579 0.2357 0.3579 0.2357 0.3409
t 263 261 285 A5A8B8 6A6C7D 222436 0.2887 0.3409 0.2357 0.3409 0.2357 0.3579
t 285 287 263 222436 222329 A5A8B8 0.2357 0.3579 0.2887 0.3579 0.2887 0.3409
t 265 263 287 979AA5 A5A8B8 222329 0.3417 0.3409 0.2887 0.3409 0.2887 0.3579
t 287 289 265 222329 858892 979AA5 0.2887 0.3579 0.3417 0.3579 0.3417 0.3409
t 267 265 289 898B93 979AA5 858892 0.3946 0.3409 0.3417 0.3409 0.3417 0.3579
t 289 291 267 858892 878990 898B93 0.3417 0.3579 0.3946 0.3579 0.3946 0.3409
t 269 267 291 84868B 898B93 878990 0.4476 0.3409 0.3946 0.3409 0.3946 0.3579
t 291 293 269 878990 818289 84868B 0.3946 0.3579 0.4476 0.3579 0.4476 0.3409
t 271 269 293 A06269 84868B 818289 0.5006 0.3409 0.4476 0.3409 0.4476 0.3579
t 293 295 271 818289 978085 A06269 0.4476 0.3579 0.5006 0.3579 0.5006 0.3409
t 273 271 295 777A80 A06269 978085 0.5536 0.3409 0.5006 0.3409 0.5006 0.3579
t 295 297 273 978085 74757B 777A80 0.5006 0.3579 0.5536 0.3579 0.5536 0.3409
t 275 273 297 6F7075 777A80 74757B 0.6065 0.3409 0.5536 0.3409 0.5536 0.3579
t 297 305 275 74757B 6B6B6F 6F7075 0.5536 0.3579 0.6065 0.3579 0.6065 0.3409
t 277 275 305 7A7C80 6F7075 6B6B6F 0.6595 0.3409 0.6065 0.3409 0.6065 0.3579
t 305 306 277 6B6B6F 84868A 7A7C80 0.6065 0.3579 0.6595 0.3579 0.6595 0.3409
t 279 277 306 535455 7A7C80 84868A 0.7125 0.3409 0.6595 0.3409 0.6595 0.3579
t 306 298 279 84868A 8A8A8D 535455 0.6595 0.3579 0.7125 0.3579 0.7125 0.3409
t 298 300 279 8A8A8D 070707 535455 0.7125 0.3579 0.7654 0.3409 0.7125 0.3409
t 280 279 300 070707 535455 070707 0.7654 0.3238 0.7125 0.3409 0.7654 0.3409
t 307 280 300 070707 070707 070707 0.8184 0.3238 0.7654 0.3238 0.7654 0.3409
t 300 301 307 070707 080808 070707 0.7654 0.3409 0.8184 0.3409 0.8184 0.3238
t 308 307 301 6F6A6A 070707 080808 0.8649 0.3370 0.8184 0.3238 0.8184 0.3409
t 301 303 308 080808 706A6B 6F6A6A 0.8184 0.3409 0.8649 0.3536 0.8649 0.3370
t 257 259 228 6F6B75 28293C 6B6871 0.1363 0.3370 0.1827 0.3238 0.1363 0.3204
t 226 228 259 252638 6B6871 28293C 0.1827 0.3068 0.1363 0.3204 0.1827 0.3238
t 250 226 259 181A25 252638 28293C 0.2357 0.3068 0.1827 0.3068 0.1827 0.3238
t 259 260 250 28293C 1C1E2C 181A25 0.1827 0.3238 0.2357 0.3238 0.2357 0.3068
t 251 250 260 B8BBC9 181A25 1C1E2C 0.2887 0.3068 0.2357 0.3068 0.2357 0.3238
t 260 262 251 1C1E2C 6A6C78 B8BBC9 0.2357 0.3238 0.2887 0.3238 0.2887 0.3068
t 229 251 262 151619 B8BBC9 6A6C78 0.3417 0.3068 0.2887 0.3068 0.2887 0.3238
t 262 264 229 6A6C78 797A83 151619 0.2887 0.3238 0.3417 0.3238 0.3417 0.3068
t 230 229 264 2D2D2F 151619 797A83 0.3946 0.3068 0.3417 0.3068 0.3417 0.3238
t 264 266 230 797A83 595A5F 2D2D2F 0.3417 0.3238 0.3946 0.3238 0.3946 0.3068
t 233 230 266 454446 2D2D2F 595A5F 0.4476 0.3068 0.3946 0.3068 0.3946 0.3238
t 266 268 233 595A5F 8D9297 454446 0.3946 0.3238 0.4476 0.3238 0.4476 0.3068
t 235 233 268 A92A35 454446 8D9297 0.5006 0.3068 0.4476 0.3068 0.4476 0.3238
t 268 270 235 8D9297 9C151F A92A35 0.4476 0.3238 0.5006 0.3238 0.5006 0.3068
t 237 235 270 95979C A92A35 9C151F 0.5536 0.3068 0.5006 0.3068 0.5006 0.3238
t 270 272 237 9C151F 999CA2 95979C 0.5006 0.3238 0.5536 0.3238 0.5536 0.3068
t 239 237 272 999BA1 95979C 999CA2 0.6065 0.3068 0.5536 0.3068 0.5536 0.3238
t 272 274 239 999CA2 7E8082 999BA1 0.5536 0.3238 0.6065 0.3238 0.6065 0.3068
t 241 239 274 7D7F82 999BA1 7E8082 0.6595 0.3068 0.6065 0.3068 0.6065 0.3238
t 274 276 241 7E8082 797A7D 7D7F82 0.6065 0.3238 0.6595 0.3238 0.6595 0.3068
t 243 241 276 070707 7D7F82 797A7D 0.7125 0.3068 0.6595 0.3068 0.6595 0.3238
t 276 278 243 797A7D 1B1C1D 070707 0.6595 0.3238 0.7125 0.3238 0.7125 0.3068
t 245 243 278 1B1A1A 070707 1B1C1D 0.7654 0.3068 0.7125 0.3068 0.7125 0.3238
t 278 280 245 1B1C1D 070707 1B1A1A 0.7125 0.3238 0.7654 0.3238 0.7654 0.3068
t 247 245 280 070707 1B1A1A 070707 0.8184 0.3068 0.7654 0.3068 0.7654 0.3238
t 280 307 247 070707 070707 070707 0.7654 0.3238 0.8184 0.3238 0.8184 0.3068
t 249 247 307 706B6B 070707 070707 0.8649 0.3204 0.8184 0.3068 0.8184 0.3238
t 307 308 249 070707 6F6A6A 706B6B 0.8184 0.3238 0.8649 0.3370 0.8649 0.3204
t 309 310 311 303145 6C6871 6A656E 0.1827 0.3920 0.1363 0.3867 0.1363 0.4032
t 311 312 309 6A656E 303145 303145 0.1363 0.4032 0.1827 0.4091 0.1827 0.3920
t 313 309 312 282A3A 303145 303145 0.2357 0.3920 0.1827 0.3920 0.1827 0.4091
t 312 314 313 303145 272A38 282A3A 0.1827 0.4091 0.2357 0.4091 0.2357 0.3920
t 315 313 314 41414E 282A3A 272A38 0.2887 0.3920 0.2357 0.3920 0.2357 0.4091
t 314 316 315 272A38 17161E 41414E 0.2357 0.4091 0.2887 0.4091 0.2887 0.3920
t 317 315 316 5B0B16 41414E 17161E 0.3417 0.3920 0.2887 0.3920 0.2887 0.4091
t 318 319 320 75151A 242425 161618 0.5006 0.3920 0.5536 0.3920 0.5536 0.3750
t 321 320 319 0A0A0B 161618 242425 0.6065 0.3750 0.5536 0.3750 0.5536 0.3920
t 319 322 321 242425 151518 0A0A0B 0.5536 0.3920 0.6065 0.3920 0.6065 0.3750
t 323 321 322 8E9094 0A0A0B 151518 0.6595 0.3750 0.6065 0.3750 0.6065 0.3920
t 322 324 323 151518 6D6F72 8E9094 0.6065 0.3920 0.6595 0.3920 0.6595 0.3750
t 325 323 324 7D7D81 8E9094 6D6F72 0.7125 0.3750 0.6595 0.3750 0.6595 0.3920
t 324 326 325 6D6F72 747376 7D7D81 0.6595 0.3920 0.7125 0.3920 0.7125 0.3750
t 327 325 326 080808 7D7D81 747376 0.7654 0.3750 0.7125 0.3750 0.7125 0.3920
t 326 328 327 747376 5A595B 080808 0.7125 0.3920 0.7654 0.3920 0.7654 0.3750
t 329 327 328 090909 080808 5A595B 0.8184 0.3750 0.7654 0.3750 0.7654 0.3920
t 328 330 329 5A595B 393A3B 090909 0.7654 0.3920 0.8184 0.3920 0.8184 0.3750
t 331 329 330 757070 090909 393A3B 0.8649 0.3867 0.8184 0.3750 0.8184 0.3920
t 330 332 331 393A3B 807B7B 757070 0.8184 0.3920 0.8649 0.4032 0.8649 0.3867
t 333 334 335 5B5C69 320D11 480F11 0.2887 0.4261 0.3417 0.4261 0.3417 0.4091
t 336 335 334 180A0C 480F11 320D11 0.3946 0.4091 0.3417 0.4091 0.3417 0.4261
t 334 337 336 320D11 8E7983 180A0C 0.3417 0.4261 0.3946 0.4261 0.3946 0.4091
t 338 336 337 6D3438 180A0C 8E7983 0.4476 0.4091 0.3946 0.4091 0.3946 0.4261
t 337 339 338 8E7983 6E7076 6D3438 0.3946 0.4261 0.4476 0.4261 0.4476 0.4091
t 340 338 339 7C7D80 6D3438 6E7076 0.5006 0.4091 0.4476 0.4091 0.4476 0.4261
t 339 341 340 6E7076 505256 7C7D80 0.4476 0.4261 0.5006 0.4261 0.5006 0.4091
t 342 340 341 626166 7C7D80 505256 0.5536 0.4091 0.5006 0.4091 0.5006 0.4261
t 341 343 342 505256 57575C 626166 0.5006 0.4261 0.5536 0.4261 0.5536 0.4091
t 344 342 343 818286 626166 57575C 0.6065 0.4091 0.5536 0.4091 0.5536 0.4261
t 343 345 344 57575C 6E6F75 818286 0.5536 0.4261 0.6065 0.4261 0.6065 0.4091
t 346 344 345 838588 818286 6E6F75 0.6595 0.4091 0.6065 0.4091 0.6065 0.4261
t 345 347 346 6E6F75 7F8082 838588 0.6065 0.4261 0.6595 0.4261 0.6595 0.4091
t 348 346 347 656769 838588 7F8082 0.7125 0.4091 0.6595 0.4091 0.6595 0.4261
t 347 349 348 7F8082 3F3F40 656769 0.6595 0.4261 0.7125 0.4261 0.7125 0.4091
t 350 348 349 A1A2A4 656769 3F3F40 0.7654 0.4091 0.7125 0.4091 0.7125 0.4261
t 349 351 350 3F3F40 7C7C7C A1A2A4 0.7125 0.4261 0.7654 0.4261 0.7654 0.4091
t 352 350 351 A2A1A3 A1A2A4 7C7C7C 0.8184 0.4091 0.7654 0.4091 0.7654 0.4261
t 351 353 352 7C7C7C 252527 A2A1A3 0.7654 0.4261 0.8184 0.4261 0.8184 0.4091
t 354 352 353 CAC5C4 A2A1A3 252527 0.8649 0.4198 0.8184 0.4091 0.8184 0.4261
t 353 355 354 252527 7F7B7B CAC5C4 0.8184 0.4261 0.8649 0.4363 0.8649 0.4198
t 312 311 356 303145 6A656E 67626D 0.1827 0.4091 0.1363 0.4032 0.1363 0.4198
t 356 357 312 67626D 303243 303145 0.1363 0.4198 0.1827 0.4261 0.1827 0.4091
t 314 312 357 272A38 303145 303243 0.2357 0.4091 0.1827 0.4091 0.1827 0.4261
t 357 358 314 303243 282938 272A38 0.1827 0.4261 0.2357 0.4261 0.2357 0.4091
t 316 314 358 17161E 272A38 282938 0.2887 0.4091 0.2357 0.4091 0.2357 0.4261
t 358 333 316 282938 5B5C69 17161E 0.2357 0.4261 0.2887 0.4261 0.2887 0.4091
t 333 335 316 5B5C69 480F11 17161E 0.2887 0.4261 0.3417 0.4091 0.2887 0.4091
t 317 316 335 5B0B16 17161E 480F11 0.3417 0.3920 0.2887 0.4091 0.3417 0.4091
t 359 317 335 190C0D 5B0B16 480F11 0.3946 0.3920 0.3417 0.3920 0.3417 0.4091
t 335 336 359 480F11 180A0C 190C0D 0.3417 0.4091 0.3946 0.4091 0.3946 0.3920
t 360 359 336 766F75 190C0D 180A0C 0.4476 0.3920 0.3946 0.3920 0.3946 0.4091
t 336 338 360 180A0C 6D3438 766F75 0.3946 0.4091 0.4476 0.4091 0.4476 0.3920
t 318 360 338 75151A 766F75 6D3438 0.5006 0.3920 0.4476 0.3920 0.4476 0.4091
t 338 340 318 6D3438 7C7D80 75151A 0.4476 0.4091 0.5006 0.4091 0.5006 0.3920
t 319 318 340 242425 75151A 7C7D80 0.5536 0.3920 0.5006 0.3920 0.5006 0.4091
t 340 342 319 7C7D80 626166 242425 0.5006 0.4091 0.5536 0.4091 0.5536 0.3920
t 322 319 342 151518 242425 626166 0.6065 0.3920 0.5536 0.3920 0.5536 0.4091
t 342 344 322 626166 818286 151518 0.5536 0.4091 0.6065 0.4091 0.6065 0.3920
t 324 322 344 6D6F72 151518 818286 0.6595 0.3920 0.6065 0.3920 0.6065 0.4091
t 344 346 324 818286 838588 6D6F72 0.6065 0.4091 0.6595 0.4091 0.6595 0.3920
t 326 324 346 747376 6D6F72 838588 0.7125 0.3920 0.6595 0.3920 0.6595 0.4091
t 346 348 326 838588 656769 747376 0.6595 0.4091 0.7125 0.4091 0.7125 0.3920
t 328 326 348 5A595B 747376 656769 0.7654 0.3920 0.7125 0.3920 0.7125 0.4091
t 348 350 328 656769 A1A2A4 5A595B 0.7125 0.4091 0.7654 0.4091 0.7654 0.3920
t 330 328 350 393A3B 5A595B A1A2A4 0.8184 0.3920 0.7654 0.3920 0.7654 0.4091
t 350 352 330 A1A2A4 A2A1A3 393A3B 0.7654 0.4091 0.8184 0.4091 0.8184 0.3920
t 332 330 352 807B7B 393A3B A2A1A3 0.8649 0.4032 0.8184 0.3920 0.8184 0.4091
t 352 354 332 A2A1A3 CAC5C4 807B7B 0.8184 0.4091 0.8649 0.4198 0.8649 0.4032
t 361 362 363 2F3140 66616A 66616B 0.1827 0.4431 0.1363 0.4363 0.1363 0.4529
t 363 364 361 66616B 303241 2F3140 0.1363 0.4529 0.1827 0.4602 0.1827 0.4431
t 365 361 364 272A35 2F3140 303241 0.2357 0.4431 0.1827 0.4431 0.1827 0.4602
t 364 366 365 303241 606271 272A35 0.1827 0.4602 0.2357 0.4602 0.2357 0.4431
t 367 365 366 8D8F9E 272A35 606271 0.2887 0.4431 0.2357 0.4431 0.2357 0.4602
t 366 368 367 606271 727481 8D8F9E 0.2357 0.4602 0.2887 0.4602 0.2887 0.4431
t 369 367 368 963E46 8D8F9E 727481 0.3417 0.4431 0.2887 0.4431 0.2887 0.4602
t 368 370 369 727481 6C6C75 963E46 0.2887 0.4602 0.3417 0.4602 0.3417 0.4431
t 371 369 370 151516 963E46 6C6C75 0.3946 0.4431 0.3417 0.4431 0.3417 0.4602
t 370 372 371 6C6C75 4A4A4F 151516 0.3417 0.4602 0.3946 0.4602 0.3946 0.4431
t 373 371 372 49494D 151516 4A4A4F 0.4476 0.4431 0.3946 0.4431 0.3946 0.4602
t 372 374 373 4A4A4F 707076 49494D 0.3946 0.4602 0.4476 0.4602 0.4476 0.4431
t 375 373 374 646469 49494D 707076 0.5006 0.4431 0.4476 0.4431 0.4476 0.4602
t 374 376 375 707076 87878F 646469 0.4476 0.4602 0.5006 0.4602 0.5006 0.4431
t 377 375 376 4F4F53 646469 87878F 0.5536 0.4431 0.5006 0.4431 0.5006 0.4602
t 376 378 377 87878F 5F6266 4F4F53 0.5006 0.4602 0.5536 0.4602 0.5536 0.4431
t 379 377 378 525254 4F4F53 5F6266 0.6065 0.4431 0.5536 0.4431 0.5536 0.4602
t 378 380 379 5F6266 737578 525254 0.5536 0.4602 0.6065 0.4602 0.6065 0.4431
t 381 379 380 0F0F0F 525254 737578 0.6595 0.4431 0.6065 0.4431 0.6065 0.4602
t 380 382 381 737578 0A0A0A 0F0F0F 0.6065 0.4602 0.6595 0.4602 0.6595 0.4431
t 383 381 382 666667 0F0F0F 0A0A0A 0.7125 0.4431 0.6595 0.4431 0.6595 0.4602
t 384 385 386 2F313E 645F66 625E65 0.1827 0.4772 0.1363 0.4694 0.1363 0.4860
t 386 387 384 625E65 2E303D 2F313E 0.1363 0.4860 0.1827 0.4943 0.1827 0.4772
t 388 384 387 737583 2F313E 2E303D 0.2357 0.4772 0.1827 0.4772 0.1827 0.4943
t 387 389 388 2E303D 5B5D6C 737583 0.1827 0.4943 0.2357 0.4943 0.2357 0.4772
t 390 388 389 6B6E7B 737583 5B5D6C 0.2887 0.4772 0.2357 0.4772 0.2357 0.4943
t 389 391 390 5B5D6C 888B97 6B6E7B 0.2357 0.4943 0.2887 0.4943 0.2887 0.4772
t 392 390 391 70717B 6B6E7B 888B97 0.3417 0.4772 0.2887 0.4772 0.2887 0.4943
t 391 393 392 888B97 7E7F89 70717B 0.2887 0.4943 0.3417 0.4943 0.3417 0.4772
t 394 392 393 686970 70717B 7E7F89 0.3946 0.4772 0.3417 0.4772 0.3417 0.4943
t 393 395 394 7E7F89 606168 686970 0.3417 0.4943 0.3946 0.4943 0.3946 0.4772
t 396 394 395 1A1A1C 686970 606168 0.4476 0.4772 0.3946 0.4772 0.3946 0.4943
t 395 397 396 606168 78787F 1A1A1C 0.3946 0.4943 0.4476 0.4943 0.4476 0.4772
t 398 396 397 985559 1A1A1C 78787F 0.5006 0.4772 0.4476 0.4772 0.4476 0.4943
t 399 400 401 747377 444445 090909 0.6595 0.4772 0.7125 0.4772 0.7125 0.4602
t 402 401 400 0C0B0C 090909 444445 0.7654 0.4602 0.7125 0.4602 0.7125 0.4772
t 400 403 402 444445 161616 0C0B0C 0.7125 0.4772 0.7654 0.4772 0.7654 0.4602
t 404 402 403 212121 0C0B0C 161616 0.8184 0.4602 0.7654 0.4602 0.7654 0.4772
t 403 405 404 161616 0E0E0E 212121 0.7654 0.4772 0.8184 0.4772 0.8184 0.4602
t 406 404 405 847E7D 212121 0E0E0E 0.8649 0.4694 0.8184 0.4602 0.8184 0.4772
t 405 407 406 0E0E0E 878281 847E7D 0.8184 0.4772 0.8649 0.4860 0.8649 0.4694
t 364 363 385 303241 66616B 645F66 0.1827 0.4602 0.1363 0.4529 0.1363 0.4694
t 385 384 364 645F66 2F313E 303241 0.1363 0.4694 0.1827 0.4772 0.1827 0.4602
t 366 364 384 606271 303241 2F313E 0.2357 0.4602 0.1827 0.4602 0.1827 0.4772
t 384 388 366 2F313E 737583 606271 0.1827 0.4772 0.2357 0.4772 0.2357 0.4602
t 368 366 388 727481 606271 737583 0.2887 0.4602 0.2357 0.4602 0.2357 0.4772
t 388 390 368 737583 6B6E7B 727481 0.2357 0.4772 0.2887 0.4772 0.2887 0.4602
t 370 368 390 6C6C75 727481 6B6E7B 0.3417 0.4602 0.2887 0.4602 0.2887 0.4772
t 390 392 370 6B6E7B 70717B 6C6C75 0.2887 0.4772 0.3417 0.4772 0.3417 0.4602
t 372 370 392 4A4A4F 6C6C75 70717B 0.3946 0.4602 0.3417 0.4602 0.3417 0.4772
t 392 394 372 70717B 686970 4A4A4F 0.3417 0.4772 0.3946 0.4772 0.3946 0.4602
t 374 372 394 707076 4A4A4F 686970 0.4476 0.4602 0.3946 0.4602 0.3946 0.4772
t 394 396 374 686970 1A1A1C 707076 0.3946 0.4772 0.4476 0.4772 0.4476 0.4602
t 376 374 396 87878F 707076 1A1A1C 0.5006 0.4602 0.4476 0.4602 0.4476 0.4772
t 396 398 376 1A1A1C 985559 87878F 0.4476 0.4772 0.5006 0.4772 0.5006 0.4602
t 378 376 398 5F6266 87878F 985559 0.5536 0.4602 0.5006 0.4602 0.5006 0.4772
t 398 408 378 985559 818388 5F6266 0.5006 0.4772 0.5536 0.4772 0.5536 0.4602
t 380 378 408 737578 5F6266 818388 0.6065 0.4602 0.5536 0.4602 0.5536 0.4772
t 408 409 380 818388 797B7F 737578 0.5536 0.4772 0.6065 0.4772 0.6065 0.4602
t 382 380 409 0A0A0A 737578 797B7F 0.6595 0.4602 0.6065 0.4602 0.6065 0.4772
t 409 399 382 797B7F 747377 0A0A0A 0.6065 0.4772 0.6595 0.4772 0.6595 0.4602
t 399 401 382 747377 090909 0A0A0A 0.6595 0.4772 0.7125 0.4602 0.6595 0.4602
t 383 382 401 666667 0A0A0A 090909 0.7125 0.4431 0.6595 0.4602 0.7125 0.4602
t 410 383 401 1D1D1D 666667 090909 0.7654 0.4431 0.7125 0.4431 0.7125 0.4602
t 401 402 410 090909 0C0B0C 1D1D1D 0.7125 0.4602 0.7654 0.4602 0.7654 0.4431
t 411 410 402 919191 1D1D1D 0C0B0C 0.8184 0.4431 0.7654 0.4431 0.7654 0.4602
t 402 404 411 0C0B0C 212121 919191 0.7654 0.4602 0.8184 0.4602 0.8184 0.4431
t 412 411 404 817D7C 919191 212121 0.8649 0.4529 0.8184 0.4431 0.8184 0.4602
t 404 406 412 212121 847E7D 817D7C 0.8184 0.4602 0.8649 0.4694 0.8649 0.4529
t 357 356 362 303243 67626D 66616A 0.1827 0.4261 0.1363 0.4198 0.1363 0.4363
t 362 361 357 66616A 2F3140 303243 0.1363 0.4363 0.1827 0.4431 0.1827 0.4261
t 358 357 361 282938 303243 2F3140 0.2357 0.4261 0.1827 0.4261 0.1827 0.4431
t 361 365 358 2F3140 272A35 282938 0.1827 0.4431 0.2357 0.4431 0.2357 0.4261
t 333 358 365 5B5C69 282938 272A35 0.2887 0.4261 0.2357 0.4261 0.2357 0.4431
t 365 367 333 272A35 8D8F9E 5B5C69 0.2357 0.4431 0.2887 0.4431 0.2887 0.4261
t 334 333 367 320D11 5B5C69 8D8F9E 0.3417 0.4261 0.2887 0.4261 0.2887 0.4431
t 367 369 334 8D8F9E 963E46 320D11 0.2887 0.4431 0.3417 0.4431 0.3417 0.4261
t 337 334 369 8E7983 320D11 963E46 0.3946 0.4261 0.3417 0.4261 0.3417 0.4431
t 369 371 337 963E46 151516 8E7983 0.3417 0.4431 0.3946 0.4431 0.3946 0.4261
t 339 337 371 6E7076 8E7983 151516 0.4476 0.4261 0.3946 0.4261 0.3946 0.4431
t 371 373 339 151516 49494D 6E7076 0.3946 0.4431 0.4476 0.4431 0.4476 0.4261
t 341 339 373 505256 6E7076 49494D 0.5006 0.4261 0.4476 0.4261 0.4476 0.4431
t 373 375 341 49494D 646469 505256 0.4476 0.4431 0.5006 0.4431 0.5006 0.4261
t 343 341 375 57575C 505256 646469 0.5536 0.4261 0.5006 0.4261 0.5006 0.4431
t 375 377 343 646469 4F4F53 57575C 0.5006 0.4431 0.5536 0.4431 0.5536 0.4261
t 345 343 377 6E6F75 57575C 4F4F53 0.6065 0.4261 0.5536 0.4261 0.5536 0.4431
t 377 379 345 4F4F53 525254 6E6F75 0.5536 0.4431 0.6065 0.4431 0.6065 0.4261
t 347 345 379 7F8082 6E6F75 525254 0.6595 0.4261 0.6065 0.4261 0.6065 0.4431
t 379 381 347 525254 0F0F0F 7F8082 0.6065 0.4431 0.6595 0.4431 0.6595 0.4261
t 349 347 381 3F3F40 7F8082 0F0F0F 0.7125 0.4261 0.6595 0.4261 0.6595 0.4431
t 381 383 349 0F0F0F 666667 3F3F40 0.6595 0.4431 0.7125 0.4431 0.7125 0.4261
t 351 349 383 7C7C7C 3F3F40 666667 0.7654 0.4261 0.7125 0.4261 0.7125 0.4431
t 383 410 351 666667 1D1D1D 7C7C7C 0.7125 0.4431 0.7654 0.4431 0.7654 0.4261
t 353 351 410 252527 7C7C7C 1D1D1D 0.8184 0.4261 0.7654 0.4261 0.7654 0.4431
t 410 411 353 1D1D1D 919191 252527 0.7654 0.4431 0.8184 0.4431 0.8184 0.4261
t 355 353 411 7F7B7B 252527 919191 0.8649 0.4363 0.8184 0.4261 0.8184 0.4431
t 411 412 355 919191 817D7C 7F7B7B 0.8184 0.4431 0.8649 0.4529 0.8649 0.4363
t 284 283 310 2F3044 6E6A74 6C6871 0.1827 0.3750 0.1363 0.3701 0.1363 0.3867
t 310 309 284 6C6871 303145 2F3044 0.1363 0.3867 0.1827 0.3920 0.1827 0.3750
t 286 284 309 262838 2F3044 303145 0.2357 0.3750 0.1827 0.3750 0.1827 0.3920
t 309 313 286 303145 282A3A 262838 0.1827 0.3920 0.2357 0.3920 0.2357 0.3750
t 288 286 313 51525D 262838 282A3A 0.2887 0.3750 0.2357 0.3750 0.2357 0.3920
t 313 315 288 282A3A 41414E 51525D 0.2357 0.3920 0.2887 0.3920 0.2887 0.3750
t 290 288 315 212125 51525D 41414E 0.3417 0.3750 0.2887 0.3750 0.2887 0.3920
t 315 317 290 41414E 5B0B16 212125 0.2887 0.3920 0.3417 0.3920 0.3417 0.3750
t 292 290 317 968189 212125 5B0B16 0.3946 0.3750 0.3417 0.3750 0.3417 0.3920
t 317 359 292 5B0B16 190C0D 968189 0.3417 0.3920 0.3946 0.3920 0.3946 0.3750
t 294 292 359 99999F 968189 190C0D 0.4476 0.3750 0.3946 0.3750 0.3946 0.3920
t 359 360 294 190C0D 766F75 99999F 0.3946 0.3920 0.4476 0.3920 0.4476 0.3750
t 296 294 360 A1565D 99999F 766F75 0.5006 0.3750 0.4476 0.3750 0.4476 0.3920
t 360 318 296 766F75 75151A A1565D 0.4476 0.3920 0.5006 0.3920 0.5006 0.3750
t 318 320 296 75151A 161618 A1565D 0.5006 0.3920 0.5536 0.3750 0.5006 0.3750
t 297 296 320 74757B A1565D 161618 0.5536 0.3579 0.5006 0.3750 0.5536 0.3750
t 305 297 320 6B6B6F 74757B 161618 0.6065 0.3579 0.5536 0.3579 0.5536 0.3750
t 320 321 305 161618 0A0A0B 6B6B6F 0.5536 0.3750 0.6065 0.3750 0.6065 0.3579
t 306 305 321 84868A 6B6B6F 0A0A0B 0.6595 0.3579 0.6065 0.3579 0.6065 0.3750
t 321 323 306 0A0A0B 8E9094 84868A 0.6065 0.3750 0.6595 0.3750 0.6595 0.3579
t 298 306 323 8A8A8D 84868A 8E9094 0.7125 0.3579 0.6595 0.3579 0.6595 0.3750
t 323 325 298 8E9094 7D7D81 8A8A8D 0.6595 0.3750 0.7125 0.3750 0.7125 0.3579
t 299 298 325 070707 8A8A8D 7D7D81 0.7654 0.3579 0.7125 0.3579 0.7125 0.3750
t 325 327 299 7D7D81 080808 070707 0.7125 0.3750 0.7654 0.3750 0.7654 0.3579
t 302 299 327 090909 070707 080808 0.8184 0.3579 0.7654 0.3579 0.7654 0.3750
t 327 329 302 080808 090909 090909 0.7654 0.3750 0.8184 0.3750 0.8184 0.3579
t 304 302 329 736D6E 090909 090909 0.8649 0.3701 0.8184 0.3579 0.8184 0.3750
t 329 331 304 090909 757070 736D6E 0.8184 0.3750 0.8649 0.3867 0.8649 0.3701
t 57 46 413 666678 645A63 665E68 0.1827 0.2557 0.1376 0.2426 0.1370 0.2567
t 413 211 57 665E68 68626C 666678 0.1370 0.2567 0.1363 0.2708 0.1827 0.2557
t 211 210 57 68626C 242535 666678 0.1363 0.2708 0.1827 0.2727 0.1827 0.2557
t 56 57 210 43434D 666678 242535 0.2357 0.2557 0.1827 0.2557 0.1827 0.2727
t 210 214 56 242535 12131C 43434D 0.1827 0.2727 0.2357 0.2727 0.2357 0.2557
t 55 56 214 8A2A35 43434D 12131C 0.2887 0.2557 0.2357 0.2557 0.2357 0.2727
t 214 216 55 12131C 480E14 8A2A35 0.2357 0.2727 0.2887 0.2727 0.2887 0.2557
t 54 55 216 822023 8A2A35 480E14 0.3417 0.2557 0.2887 0.2557 0.2887 0.2727
t 216 218 54 480E14 7D141E 822023 0.2887 0.2727 0.3417 0.2727 0.3417 0.2557
t 53 54 218 80141C 822023 7D141E 0.3946 0.2557 0.3417 0.2557 0.3417 0.2727
t 218 220 53 7D141E 78161C 80141C 0.3417 0.2727 0.3946 0.2727 0.3946 0.2557
t 52 53 220 922528 80141C 78161C 0.4476 0.2557 0.3946 0.2557 0.3946 0.2727
t 220 252 52 78161C 898285 922528 0.3946 0.2727 0.4476 0.2727 0.4476 0.2557
t 51 52 252 AC252B 922528 898285 0.5006 0.2557 0.4476 0.2557 0.4476 0.2727
t 252 253 51 898285 AF363E AC252B 0.4476 0.2727 0.5006 0.2727 0.5006 0.2557
t 50 51 253 461A1D AC252B AF363E 0.5536 0.2557 0.5006 0.2557 0.5006 0.2727
t 253 254 50 AF363E 7E7D81 461A1D 0.5006 0.2727 0.5536 0.2727 0.5536 0.2557
t 49 50 254 4B1719 461A1D 7E7D81 0.6065 0.2557 0.5536 0.2557 0.5536 0.2727
t 254 255 49 7E7D81 0C0B0C 4B1719 0.5536 0.2727 0.6065 0.2727 0.6065 0.2557
t 48 49 255 531013 4B1719 0C0B0C 0.6595 0.2557 0.6065 0.2557 0.6065 0.2727
t 255 256 48 0C0B0C 330A0E 531013 0.6065 0.2727 0.6595 0.2727 0.6595 0.2557
t 47 48 256 060607 531013 330A0E 0.7125 0.2557 0.6595 0.2557 0.6595 0.2727
t 256 221 47 330A0E 0C0C0C 060607 0.6595 0.2727 0.7125 0.2727 0.7125 0.2557
t 221 223 47 0C0C0C 707072 060607 0.7125 0.2727 0.7654 0.2557 0.7125 0.2557
t 25 47 223 777779 060607 707072 0.7654 0.2386 0.7125 0.2557 0.7654 0.2557
t 21 25 223 0D0D0D 777779 707072 0.8184 0.2386 0.7654 0.2386 0.7654 0.2557
t 223 208 21 707072 070708 0D0D0D 0.7654 0.2557 0.8184 0.2557 0.8184 0.2386
t 22 21 208 615856 0D0D0D 070708 0.8635 0.2426 0.8184 0.2386 0.8184 0.2557
t 208 207 22 070708 68615F 615856 0.8184 0.2557 0.8642 0.2567 0.8635 0.2426
t 414 415 416 2D2F3B 605B62 5E575E 0.1827 0.5113 0.1363 0.5025 0.1363 0.5191
t 416 417 414 5E575E 2B2D3A 2D2F3B 0.1363 0.5191 0.1827 0.5283 0.1827 0.5113
t 418 414 417 8F92A2 2D2F3B 2B2D3A 0.2357 0.5113 0.1827 0.5113 0.1827 0.5283
t 419 420 421 5F6065 A13438 A7585C 0.4476 0.5113 0.5006 0.5113 0.5006 0.4943
t 422 421 420 55555A A7585C A13438 0.5536 0.4943 0.5006 0.4943 0.5006 0.5113
t 420 423 422 A13438 3A3A3C 55555A 0.5006 0.5113 0.5536 0.5113 0.5536 0.4943
t 424 422 423 606164 55555A 3A3A3C 0.6065 0.4943 0.5536 0.4943 0.5536 0.5113
t 423 425 424 3A3A3C 353637 606164 0.5536 0.5113 0.6065 0.5113 0.6065 0.4943
t 426 424 425 535355 606164 353637 0.6595 0.4943 0.6065 0.4943 0.6065 0.5113
t 425 427 426 353637 262727 535355 0.6065 0.5113 0.6595 0.5113 0.6595 0.4943
t 428 426 427 87878A 535355 262727 0.7125 0.4943 0.6595 0.4943 0.6595 0.5113
t 427 429 428 262727 717172 87878A 0.6595 0.5113 0.7125 0.5113 0.7125 0.4943
t 430 428 429 676767 87878A 717172 0.7654 0.4943 0.7125 0.4943 0.7125 0.5113
t 429 431 430 717172 ADADAD 676767 0.7125 0.5113 0.7654 0.5113 0.7654 0.4943
t 432 430 431 111111 676767 ADADAD 0.8184 0.4943 0.7654 0.4943 0.7654 0.5113
t 431 433 432 ADADAD 595959 111111 0.7654 0.5113 0.8184 0.5113 0.8184 0.4943
t 434 432 433 8D8887 111111 595959 0.8649 0.5025 0.8184 0.4943 0.8184 0.5113
t 433 435 434 595959 908A89 8D8887 0.8184 0.5113 0.8649 0.5191 0.8649 0.5025
t 436 437 438 2A2D3A 383945 282A34 0.1827 0.5454 0.2357 0.5454 0.2357 0.5283
t 439 438 437 4E4F5B 282A34 383945 0.2887 0.5283 0.2357 0.5283 0.2357 0.5454
t 437 440 439 383945 737581 4E4F5B 0.2357 0.5454 0.2887 0.5454 0.2887 0.5283
t 441 439 440 53535B 4E4F5B 737581 0.3417 0.5283 0.2887 0.5283 0.2887 0.5454
t 440 442 441 737581 7F818B 53535B 0.2887 0.5454 0.3417 0.5454 0.3417 0.5283
t 443 441 442 5D5F64 53535B 7F818B 0.3946 0.5283 0.3417 0.5283 0.3417 0.5454
t 442 444 443 7F818B 5B5D62 5D5F64 0.3417 0.5454 0.3946 0.5454 0.3946 0.5283
t 445 443 444 5D5E63 5D5F64 5B5D62 0.4476 0.5283 0.3946 0.5283 0.3946 0.5454
t 444 446 445 5B5D62 56575C 5D5E63 0.3946 0.5454 0.4476 0.5454 0.4476 0.5283
t 447 445 446 AD242E 5D5E63 56575C 0.5006 0.5283 0.4476 0.5283 0.4476 0.5454
t 446 448 447 56575C 716E73 AD242E 0.4476 0.5454 0.5006 0.5454 0.5006 0.5283
t 449 447 448 661116 AD242E 716E73 0.5536 0.5283 0.5006 0.5283 0.5006 0.5454
t 448 450 449 716E73 260A0C 661116 0.5006 0.5454 0.5536 0.5454 0.5536 0.5283
t 451 449 450 72161C 661116 260A0C 0.6065 0.5283 0.5536 0.5283 0.5536 0.5454
t 450 452 451 260A0C 6B1418 72161C 0.5536 0.5454 0.6065 0.5454 0.6065 0.5283
t 453 451 452 160C0D 72161C 6B1418 0.6595 0.5283 0.6065 0.5283 0.6065 0.5454
t 452 454 453 6B1418 481213 160C0D 0.6065 0.5454 0.6595 0.5454 0.6595 0.5283
t 455 453 454 0C0C0C 160C0D 481213 0.7125 0.5283 0.6595 0.5283 0.6595 0.5454
t 454 456 455 481213 575858 0C0C0C 0.6595 0.5454 0.7125 0.5454 0.7125 0.5283
t 457 455 456 727272 0C0C0C 575858 0.7654 0.5283 0.7125 0.5283 0.7125 0.5454
t 456 458 457 575858 818181 727272 0.7125 0.5454 0.7654 0.5454 0.7654 0.5283
t 459 457 458 6C6C6C 727272 818181 0.8184 0.5283 0.7654 0.5283 0.7654 0.5454
t 417 416 460 2B2D3A 5E575E 5E5860 0.1827 0.5283 0.1363 0.5191 0.1363 0.5356
t 460 436 417 5E5860 2A2D3A 2B2D3A 0.1363 0.5356 0.1827 0.5454 0.1827 0.5283
t 436 438 417 2A2D3A 282A34 2B2D3A 0.1827 0.5454 0.2357 0.5283 0.1827 0.5283
t 418 417 438 8F92A2 2B2D3A 282A34 0.2357 0.5113 0.1827 0.5283 0.2357 0.5283
t 461 418 438 8E919F 8F92A2 282A34 0.2887 0.5113 0.2357 0.5113 0.2357 0.5283
t 438 439 461 282A34 4E4F5B 8E919F 0.2357 0.5283 0.2887 0.5283 0.2887 0.5113
t 462 461 439 242528 8E919F 4E4F5B 0.3417 0.5113 0.2887 0.5113 0.2887 0.5283
t 439 441 462 4E4F5B 53535B 242528 0.2887 0.5283 0.3417 0.5283 0.3417 0.5113
t 463 462 441 393A3E 242528 53535B 0.3946 0.5113 0.3417 0.5113 0.3417 0.5283
t 441 443 463 53535B 5D5F64 393A3E 0.3417 0.5283 0.3946 0.5283 0.3946 0.5113
t 419 463 443 5F6065 393A3E 5D5F64 0.4476 0.5113 0.3946 0.5113 0.3946 0.5283
t 443 445 419 5D5F64 5D5E63 5F6065 0.3946 0.5283 0.4476 0.5283 0.4476 0.5113
t 420 419 445 A13438 5F6065 5D5E63 0.5006 0.5113 0.4476 0.5113 0.4476 0.5283
t 445 447 420 5D5E63 AD242E A13438 0.4476 0.5283 0.5006 0.5283 0.5006 0.5113
t 423 420 447 3A3A3C A13438 AD242E 0.5536 0.5113 0.5006 0.5113 0.5006 0.5283
t 447 449 423 AD242E 661116 3A3A3C 0.5006 0.5283 0.5536 0.5283 0.5536 0.5113
t 425 423 449 353637 3A3A3C 661116 0.6065 0.5113 0.5536 0.5113 0.5536 0.5283
t 449 451 425 661116 72161C 353637 0.5536 0.5283 0.6065 0.5283 0.6065 0.5113
t 427 425 451 262727 353637 72161C 0.6595 0.5113 0.6065 0.5113 0.6065 0.5283
t 451 453 427 72161C 160C0D 262727 0.6065 0.5283 0.6595 0.5283 0.6595 0.5113
t 429 427 453 717172 262727 160C0D 0.7125 0.5113 0.6595 0.5113 0.6595 0.5283
t 453 455 429 160C0D 0C0C0C 717172 0.6595 0.5283 0.7125 0.5283 0.7125 0.5113
t 431 429 455 ADADAD 717172 0C0C0C 0.7654 0.5113 0.7125 0.5113 0.7125 0.5283
t 455 457 431 0C0C0C 727272 ADADAD 0.7125 0.5283 0.7654 0.5283 0.7654 0.5113
t 433 431 457 595959 ADADAD 727272 0.8184 0.5113 0.7654 0.5113 0.7654 0.5283
t 457 459 433 727272 6C6C6C 595959 0.7654 0.5283 0.8184 0.5283 0.8184 0.5113
t 435 433 459 908A89 595959 6C6C6C 0.8649 0.5191 0.8184 0.5113 0.8184 0.5283
t 459 464 435 6C6C6C 8F898A 908A89 0.8184 0.5283 0.8649 0.5356 0.8649 0.5191
t 465 466 467 2B2D39 5E565E 5E565E 0.1827 0.5624 0.1363 0.5522 0.1363 0.5687
t 467 468 465 5E565E 2C2C37 2B2D39 0.1363 0.5687 0.1827 0.5795 0.1827 0.5624
t 469 465 468 7E818F 2B2D39 2C2C37 0.2357 0.5624 0.1827 0.5624 0.1827 0.5795
t 468 470 469 2C2C37 636471 7E818F 0.1827 0.5795 0.2357 0.5795 0.2357 0.5624
t 471 469 470 585965 7E818F 636471 0.2887 0.5624 0.2357 0.5624 0.2357 0.5795
t 470 472 471 636471 6D6F7C 585965 0.2357 0.5795 0.2887 0.5795 0.2887 0.5624
t 473 471 472 131215 585965 6D6F7C 0.3417 0.5624 0.2887 0.5624 0.2887 0.5795
t 472 474 473 6D6F7C 44454A 131215 0.2887 0.5795 0.3417 0.5795 0.3417 0.5624
t 475 473 474 0D0D0D 131215 44454A 0.3946 0.5624 0.3417 0.5624 0.3417 0.5795
t 474 476 475 44454A 0E0C0B 0D0D0D 0.3417 0.5795 0.3946 0.5795 0.3946 0.5624
t 477 475 476 0D0D0D 0D0D0D 0E0C0B 0.4476 0.5624 0.3946 0.5624 0.3946 0.5795
t 476 478 477 0E0C0B 691B1C 0D0D0D 0.3946 0.5795 0.4476 0.5795 0.4476 0.5624
t 479 477 478 A83D3F 0D0D0D 691B1C 0.5006 0.5624 0.4476 0.5624 0.4476 0.5795
t 478 480 479 691B1C 8E2021 A83D3F 0.4476 0.5795 0.5006 0.5795 0.5006 0.5624
t 481 479 480 545156 A83D3F 8E2021 0.5536 0.5624 0.5006 0.5624 0.5006 0.5795
t 480 482 481 8E2021 181719 545156 0.5006 0.5795 0.5536 0.5795 0.5536 0.5624
t 483 481 482 7E3C44 545156 181719 0.6065 0.5624 0.5536 0.5624 0.5536 0.5795
t 484 485 486 9A9A9A 131313 3C3C3C 0.7654 0.5624 0.8184 0.5624 0.8184 0.5454
t 487 486 485 928C8B 3C3C3C 131313 0.8649 0.5522 0.8184 0.5454 0.8184 0.5624
t 485 488 487 131313 969190 928C8B 0.8184 0.5624 0.8649 0.5687 0.8649 0.5522
t 489 490 491 2B2C35 595258 565056 0.1827 0.5965 0.1363 0.5853 0.1363 0.6018
t 491 492 489 565056 272831 2B2C35 0.1363 0.6018 0.1827 0.6135 0.1827 0.5965
t 493 489 492 383944 2B2C35 272831 0.2357 0.5965 0.1827 0.5965 0.1827 0.6135
t 492 494 493 272831 1A1A22 383944 0.1827 0.6135 0.2357 0.6135 0.2357 0.5965
t 495 493 494 54565E 383944 1A1A22 0.2887 0.5965 0.2357 0.5965 0.2357 0.6135
t 494 496 495 1A1A22 0F0F12 54565E 0.2357 0.6135 0.2887 0.6135 0.2887 0.5965
t 497 495 496 3A1416 54565E 0F0F12 0.3417 0.5965 0.2887 0.5965 0.2887 0.6135
t 496 498 497 0F0F12 3C1014 3A1416 0.2887 0.6135 0.3417 0.6135 0.3417 0.5965
t 499 497 498 401214 3A1416 3C1014 0.3946 0.5965 0.3417 0.5965 0.3417 0.6135
t 500 501 502 0C0C0C 0B0B0B 78777B 0.5536 0.5965 0.6065 0.5965 0.6065 0.5795
t 503 502 501 978386 78777B 0B0B0B 0.6595 0.5795 0.6065 0.5795 0.6065 0.5965
t 501 504 503 0B0B0B 0B0B0D 978386 0.6065 0.5965 0.6595 0.5965 0.6595 0.5795
t 505 503 504 868687 978386 0B0B0D 0.7125 0.5795 0.6595 0.5795 0.6595 0.5965
t 504 506 505 0B0B0D 0A0A0A 868687 0.6595 0.5965 0.7125 0.5965 0.7125 0.5795
t 507 505 506 151515 868687 0A0A0A 0.7654 0.5795 0.7125 0.5795 0.7125 0.5965
t 506 508 507 0A0A0A 0F0F0F 151515 0.7125 0.5965 0.7654 0.5965 0.7654 0.5795
t 509 507 508 121212 151515 0F0F0F 0.8184 0.5795 0.7654 0.5795 0.7654 0.5965
t 508 510 509 0F0F0F 141414 121212 0.7654 0.5965 0.8184 0.5965 0.8184 0.5795
t 511 509 510 979291 121212 141414 0.8649 0.5853 0.8184 0.5795 0.8184 0.5965
t 510 512 511 141414 95908F 979291 0.8184 0.5965 0.8649 0.6018 0.8649 0.5853
t 468 467 490 2C2C37 5E565E 595258 0.1827 0.5795 0.1363 0.5687 0.1363 0.5853
t 490 489 468 595258 2B2C35 2C2C37 0.1363 0.5853 0.1827 0.5965 0.1827 0.5795
t 470 468 489 636471 2C2C37 2B2C35 0.2357 0.5795 0.1827 0.5795 0.1827 0.5965
t 489 493 470 2B2C35 383944 636471 0.1827 0.5965 0.2357 0.5965 0.2357 0.5795
t 472 470 493 6D6F7C 636471 383944 0.2887 0.5795 0.2357 0.5795 0.2357 0.5965
t 493 495 472 383944 54565E 6D6F7C 0.2357 0.5965 0.2887 0.5965 0.2887 0.5795
t 474 472 495 44454A 6D6F7C 54565E 0.3417 0.5795 0.2887 0.5795 0.2887 0.5965
t 495 497 474 54565E 3A1416 44454A 0.2887 0.5965 0.3417 0.5965 0.3417 0.5795
t 476 474 497 0E0C0B 44454A 3A1416 0.3946 0.5795 0.3417 0.5795 0.3417 0.5965
t 497 499 476 3A1416 401214 0E0C0B 0.3417 0.5965 0.3946 0.5965 0.3946 0.5795
t 478 476 499 691B1C 0E0C0B 401214 0.4476 0.5795 0.3946 0.5795 0.3946 0.5965
t 499 513 478 401214 451114 691B1C 0.3946 0.5965 0.4476 0.5965 0.4476 0.5795
t 480 478 513 8E2021 691B1C 451114 0.5006 0.5795 0.4476 0.5795 0.4476 0.5965
t 513 514 480 451114 951F23 8E2021 0.4476 0.5965 0.5006 0.5965 0.5006 0.5795
t 482 480 514 181719 8E2021 951F23 0.5536 0.5795 0.5006 0.5795 0.5006 0.5965
t 514 500 482 951F23 0C0C0C 181719 0.5006 0.5965 0.5536 0.5965 0.5536 0.5795
t 500 502 482 0C0C0C 78777B 181719 0.5536 0.5965 0.6065 0.5795 0.5536 0.5795
t 483 482 502 7E3C44 181719 78777B 0.6065 0.5624 0.5536 0.5795 0.6065 0.5795
t 515 483 502 2E1111 7E3C44 78777B 0.6595 0.5624 0.6065 0.5624 0.6065 0.5795
t 502 503 515 78777B 978386 2E1111 0.6065 0.5795 0.6595 0.5795 0.6595 0.5624
t 516 515 503 929293 2E1111 978386 0.7125 0.5624 0.6595 0.5624 0.6595 0.5795
t 503 505 516 978386 868687 929293 0.6595 0.5795 0.7125 0.5795 0.7125 0.5624
t 484 516 505 9A9A9A 929293 868687 0.7654 0.5624 0.7125 0.5624 0.7125 0.5795
t 505 507 484 868687 151515 9A9A9A 0.7125 0.5795 0.7654 0.5795 0.7654 0.5624
t 485 484 507 131313 9A9A9A 151515 0.8184 0.5624 0.7654 0.5624 0.7654 0.5795
t 507 509 485 151515 121212 131313 0.7654 0.5795 0.8184 0.5795 0.8184 0.5624
t 488 485 509 969190 131313 121212 0.8649 0.5687 0.8184 0.5624 0.8184 0.5795
t 509 511 488 121212 979291 969190 0.8184 0.5795 0.8649 0.5853 0.8649 0.5687
t 436 460 466 2A2D3A 5E5860 5E565E 0.1827 0.5454 0.1363 0.5356 0.1363 0.5522
t 466 465 436 5E565E 2B2D39 2A2D3A 0.1363 0.5522 0.1827 0.5624 0.1827 0.5454
t 437 436 465 383945 2A2D3A 2B2D39 0.2357 0.5454 0.1827 0.5454 0.1827 0.5624
t 465 469 437 2B2D39 7E818F 383945 0.1827 0.5624 0.2357 0.5624 0.2357 0.5454
t 440 437 469 737581 383945 7E818F 0.2887 0.5454 0.2357 0.5454 0.2357 0.5624
t 469 471 440 7E818F 585965 737581 0.2357 0.5624 0.2887 0.5624 0.2887 0.5454
t 442 440 471 7F818B 737581 585965 0.3417 0.5454 0.2887 0.5454 0.2887 0.5624
t 471 473 442 585965 131215 7F818B 0.2887 0.5624 0.3417 0.5624 0.3417 0.5454
t 444 442 473 5B5D62 7F818B 131215 0.3946 0.5454 0.3417 0.5454 0.3417 0.5624
t 473 475 444 131215 0D0D0D 5B5D62 0.3417 0.5624 0.3946 0.5624 0.3946 0.5454
t 446 444 475 56575C 5B5D62 0D0D0D 0.4476 0.5454 0.3946 0.5454 0.3946 0.5624
t 475 477 446 0D0D0D 0D0D0D 56575C 0.3946 0.5624 0.4476 0.5624 0.4476 0.5454
t 448 446 477 716E73 56575C 0D0D0D 0.5006 0.5454 0.4476 0.5454 0.4476 0.5624
t 477 479 448 0D0D0D A83D3F 716E73 0.4476 0.5624 0.5006 0.5624 0.5006 0.5454
t 450 448 479 260A0C 716E73 A83D3F 0.5536 0.5454 0.5006 0.5454 0.5006 0.5624
t 479 481 450 A83D3F 545156 260A0C 0.5006 0.5624 0.5536 0.5624 0.5536 0.5454
t 452 450 481 6B1418 260A0C 545156 0.6065 0.5454 0.5536 0.5454 0.5536 0.5624
t 481 483 452 545156 7E3C44 6B1418 0.5536 0.5624 0.6065 0.5624 0.6065 0.5454
t 454 452 483 481213 6B1418 7E3C44 0.6595 0.5454 0.6065 0.5454 0.6065 0.5624
t 483 515 454 7E3C44 2E1111 481213 0.6065 0.5624 0.6595 0.5624 0.6595 0.5454
t 456 454 515 575858 481213 2E1111 0.7125 0.5454 0.6595 0.5454 0.6595 0.5624
t 515 516 456 2E1111 929293 575858 0.6595 0.5624 0.7125 0.5624 0.7125 0.5454
t 458 456 516 818181 575858 929293 0.7654 0.5454 0.7125 0.5454 0.7125 0.5624
t 516 484 458 929293 9A9A9A 818181 0.7125 0.5624 0.7654 0.5624 0.7654 0.5454
t 484 486 458 9A9A9A 3C3C3C 818181 0.7654 0.5624 0.8184 0.5454 0.7654 0.5454
t 459 458 486 6C6C6C 818181 3C3C3C 0.8184 0.5283 0.7654 0.5454 0.8184 0.5454
t 464 459 486 8F898A 6C6C6C 3C3C3C 0.8649 0.5356 0.8184 0.5283 0.8184 0.5454
t 486 487 464 3C3C3C 928C8B 8F898A 0.8184 0.5454 0.8649 0.5522 0.8649 0.5356
t 517 518 519 24252D 585158 544C53 0.1827 0.6306 0.1363 0.6184 0.1363 0.6350
t 520 521 522 3A1315 5E1419 4A1217 0.3417 0.6306 0.3946 0.6306 0.3946 0.6135
t 523 522 521 250E0E 4A1217 5E1419 0.4476 0.6135 0.3946 0.6135 0.3946 0.6306
t 521 524 523 5E1419 931C23 250E0E 0.3946 0.6306 0.4476 0.6306 0.4476 0.6135
t 525 523 524 B01922 250E0E 931C23 0.5006 0.6135 0.4476 0.6135 0.4476 0.6306
t 524 526 525 931C23 1B0C0E B01922 0.4476 0.6306 0.5006 0.6306 0.5006 0.6135
t 527 525 526 0F0C0C B01922 1B0C0E 0.5536 0.6135 0.5006 0.6135 0.5006 0.6306
t 526 528 527 1B0C0E 8E1B21 0F0C0C 0.5006 0.6306 0.5536 0.6306 0.5536 0.6135
t 529 527 528 0A0B0A 0F0C0C 8E1B21 0.6065 0.6135 0.5536 0.6135 0.5536 0.6306
t 528 530 529 8E1B21 821A1C 0A0B0A 0.5536 0.6306 0.6065 0.6306 0.6065 0.6135
t 531 529 530 0A0A0A 0A0B0A 821A1C 0.6595 0.6135 0.6065 0.6135 0.6065 0.6306
t 530 532 531 821A1C 0A0A0B 0A0A0A 0.6065 0.6306 0.6595 0.6306 0.6595 0.6135
t 533 531 532 0A0A0A 0A0A0A 0A0A0B 0.7125 0.6135 0.6595 0.6135 0.6595 0.6306
t 532 534 533 0A0A0B 0A0A0A 0A0A0A 0.6595 0.6306 0.7125 0.6306 0.7125 0.6135
t 535 533 534 4C4C4C 0A0A0A 0A0A0A 0.7654 0.6135 0.7125 0.6135 0.7125 0.6306
t 534 536 535 0A0A0A 0C0C0C 4C4C4C 0.7125 0.6306 0.7654 0.6306 0.7654 0.6135
t 537 535 536 111111 4C4C4C 0C0C0C 0.8184 0.6135 0.7654 0.6135 0.7654 0.6306
t 536 538 537 0C0C0C 0F0F0F 111111 0.7654 0.6306 0.8184 0.6306 0.8184 0.6135
t 539 537 538 948E8C 111111 0F0F0F 0.8649 0.6184 0.8184 0.6135 0.8184 0.6306
t 538 540 539 0F0F0F 948E8E 948E8C 0.8184 0.6306 0.8649 0.6350 0.8649 0.6184
t 541 542 543 4E454C 1D1E26 1D1E26 0.1363 0.6515 0.1827 0.6647 0.1827 0.6476
t 544 543 542 121216 1D1E26 1D1E26 0.2357 0.6476 0.1827 0.6476 0.1827 0.6647
t 542 545 544 1D1E26 111114 121216 0.1827 0.6647 0.2357 0.6647 0.2357 0.6476
t 546 544 545 0E0D0F 121216 111114 0.2887 0.6476 0.2357 0.6476 0.2357 0.6647
t 545 547 546 111114 0E0E10 0E0D0F 0.2357 0.6647 0.2887 0.6647 0.2887 0.6476
t 548 546 547 8A1B20 0E0D0F 0E0E10 0.3417 0.6476 0.2887 0.6476 0.2887 0.6647
t 547 549 548 0E0E10 742528 8A1B20 0.2887 0.6647 0.3417 0.6647 0.3417 0.6476
t 550 548 549 3D0E12 8A1B20 742528 0.3946 0.6476 0.3417 0.6476 0.3417 0.6647
t 549 551 550 742528 991721 3D0E12 0.3417 0.6647 0.3946 0.6647 0.3946 0.6476
t 552 550 551 531114 3D0E12 991721 0.4476 0.6476 0.3946 0.6476 0.3946 0.6647
t 551 553 552 991721 4C474B 531114 0.3946 0.6647 0.4476 0.6647 0.4476 0.6476
t 554 552 553 5F1117 531114 4C474B 0.5006 0.6476 0.4476 0.6476 0.4476 0.6647
t 553 555 554 4C474B 3F3D40 5F1117 0.4476 0.6647 0.5006 0.6647 0.5006 0.6476
t 556 554 555 4D1416 5F1117 3F3D40 0.5536 0.6476 0.5006 0.6476 0.5006 0.6647
t 555 557 556 3F3D40 6F161B 4D1416 0.5006 0.6647 0.5536 0.6647 0.5536 0.6476
t 558 556 557 1A0B0B 4D1416 6F161B 0.6065 0.6476 0.5536 0.6476 0.5536 0.6647
t 557 559 558 6F161B 6E1719 1A0B0B 0.5536 0.6647 0.6065 0.6647 0.6065 0.6476
t 560 558 559 0B090A 1A0B0B 6E1719 0.6595 0.6476 0.6065 0.6476 0.6065 0.6647
t 559 561 560 6E1719 511416 0B090A 0.6065 0.6647 0.6595 0.6647 0.6595 0.6476
t 562 560 561 0A0A0A 0B090A 511416 0.7125 0.6476 0.6595 0.6476 0.6595 0.6647
t 561 563 562 511416 0A0A0A 0A0A0A 0.6595 0.6647 0.7125 0.6647 0.7125 0.6476
t 564 562 563 1B1B1C 0A0A0A 0A0A0A 0.7654 0.6476 0.7125 0.6476 0.7125 0.6647
t 541 543 519 4E454C 1D1E26 544C53 0.1363 0.6515 0.1827 0.6476 0.1363 0.6350
t 517 519 543 24252D 544C53 1D1E26 0.1827 0.6306 0.1363 0.6350 0.1827 0.6476
t 565 517 543 23242A 24252D 1D1E26 0.2357 0.6306 0.1827 0.6306 0.1827 0.6476
t 543 544 565 1D1E26 121216 23242A 0.1827 0.6476 0.2357 0.6476 0.2357 0.6306
t 566 565 544 0E0D10 23242A 121216 0.2887 0.6306 0.2357 0.6306 0.2357 0.6476
t 544 546 566 121216 0E0D0F 0E0D10 0.2357 0.6476 0.2887 0.6476 0.2887 0.6306
t 520 566 546 3A1315 0E0D10 0E0D0F 0.3417 0.6306 0.2887 0.6306 0.2887 0.6476
t 546 548 520 0E0D0F 8A1B20 3A1315 0.2887 0.6476 0.3417 0.6476 0.3417 0.6306
t 521 520 548 5E1419 3A1315 8A1B20 0.3946 0.6306 0.3417 0.6306 0.3417 0.6476
t 548 550 521 8A1B20 3D0E12 5E1419 0.3417 0.6476 0.3946 0.6476 0.3946 0.6306
t 524 521 550 931C23 5E1419 3D0E12 0.4476 0.6306 0.3946 0.6306 0.3946 0.6476
t 550 552 524 3D0E12 531114 931C23 0.3946 0.6476 0.4476 0.6476 0.4476 0.6306
t 526 524 552 1B0C0E 931C23 531114 0.5006 0.6306 0.4476 0.6306 0.4476 0.6476
t 552 554 526 531114 5F1117 1B0C0E 0.4476 0.6476 0.5006 0.6476 0.5006 0.6306
t 528 526 554 8E1B21 1B0C0E 5F1117 0.5536 0.6306 0.5006 0.6306 0.5006 0.6476
t 554 556 528 5F1117 4D1416 8E1B21 0.5006 0.6476 0.5536 0.6476 0.5536 0.6306
t 530 528 556 821A1C 8E1B21 4D1416 0.6065 0.6306 0.5536 0.6306 0.5536 0.6476
t 556 558 530 4D1416 1A0B0B 821A1C 0.5536 0.6476 0.6065 0.6476 0.6065 0.6306
t 532 530 558 0A0A0B 821A1C 1A0B0B 0.6595 0.6306 0.6065 0.6306 0.6065 0.6476
t 558 560 532 1A0B0B 0B090A 0A0A0B 0.6065 0.6476 0.6595 0.6476 0.6595 0.6306
t 534 532 560 0A0A0A 0A0A0B 0B090A 0.7125 0.6306 0.6595 0.6306 0.6595 0.6476
t 560 562 534 0B090A 0A0A0A 0A0A0A 0.6595 0.6476 0.7125 0.6476 0.7125 0.6306
t 536 534 562 0C0C0C 0A0A0A 0A0A0A 0.7654 0.6306 0.7125 0.6306 0.7125 0.6476
t 562 564 536 0A0A0A 1B1B1C 0C0C0C 0.7125 0.6476 0.7654 0.6476 0.7654 0.6306
t 538 536 564 0F0F0F 0C0C0C 1B1B1C 0.8184 0.6306 0.7654 0.6306 0.7654 0.6476
t 564 567 538 1B1B1C 111111 0F0F0F 0.7654 0.6476 0.8184 0.6476 0.8184 0.6306
t 540 538 567 948E8E 0F0F0F 111111 0.8649 0.6350 0.8184 0.6306 0.8184 0.6476
t 567 568 540 111111 91898A 948E8E 0.8184 0.6476 0.8649 0.6515 0.8649 0.6350
t 569 570 571 15171B 473F46 3F383E 0.1827 0.6817 0.1363 0.6681 0.1363 0.6846
t 571 572 569 3F383E 161519 15171B 0.1363 0.6846 0.1827 0.6987 0.1827 0.6817
t 573 569 572 0F0F13 15171B 161519 0.2357 0.6817 0.1827 0.6817 0.1827 0.6987
t 572 574 573 161519 1A191E 0F0F13 0.1827 0.6987 0.2357 0.6987 0.2357 0.6817
t 575 573 574 0D0C0E 0F0F13 1A191E 0.2887 0.6817 0.2357 0.6817 0.2357 0.6987
t 574 576 575 1A191E 0D0C0E 0D0C0E 0.2357 0.6987 0.2887 0.6987 0.2887 0.6817
t 577 575 576 481115 0D0C0E 0D0C0E 0.3417 0.6817 0.2887 0.6817 0.2887 0.6987
t 576 578 577 0D0C0E 711219 481115 0.2887 0.6987 0.3417 0.6987 0.3417 0.6817
t 579 577 578 591516 481115 711219 0.3946 0.6817 0.3417 0.6817 0.3417 0.6987
t 578 580 579 711219 8B1920 591516 0.3417 0.6987 0.3946 0.6987 0.3946 0.6817
t 581 579 580 4D4D53 591516 8B1920 0.4476 0.6817 0.3946 0.6817 0.3946 0.6987
t 580 582 581 8B1920 4A191B 4D4D53 0.3946 0.6987 0.4476 0.6987 0.4476 0.6817
t 583 581 582 5C5D62 4D4D53 4A191B 0.5006 0.6817 0.4476 0.6817 0.4476 0.6987
t 582 584 583 4A191B 553539 5C5D62 0.4476 0.6987 0.5006 0.6987 0.5006 0.6817
t 585 583 584 5F1619 5C5D62 553539 0.5536 0.6817 0.5006 0.6817 0.5006 0.6987
t 586 587 588 0A0A0A 0C0C0C 515151 0.7125 0.6817 0.7654 0.6817 0.7654 0.6647
t 589 588 587 101010 515151 0C0C0C 0.8184 0.6647 0.7654 0.6647 0.7654 0.6817
t 587 590 589 0C0C0C 0E0E0E 101010 0.7654 0.6817 0.8184 0.6817 0.8184 0.6647
t 591 589 590 908B89 101010 0E0E0E 0.8649 0.6681 0.8184 0.6647 0.8184 0.6817
t 590 592 591 0E0E0E 8B8584 908B89 0.8184 0.6817 0.8649 0.6846 0.8649 0.6681
t 593 594 595 272025 111115 31272D 0.1370 0.7318 0.1827 0.7328 0.1363 0.7177
t 596 597 595 131317 372E33 31272D 0.1827 0.7158 0.1363 0.7012 0.1363 0.7177
t 595 594 596 31272D 111115 131317 0.1363 0.7177 0.1827 0.7328 0.1827 0.7158
t 598 596 594 17151B 131317 111115 0.2357 0.7158 0.1827 0.7158 0.1827 0.7328
t 599 600 601 691117 522123 821A1F 0.5006 0.7158 0.5536 0.7158 0.5536 0.6987
t 602 601 600 8A2427 821A1F 522123 0.6065 0.6987 0.5536 0.6987 0.5536 0.7158
t 600 603 602 522123 3E1013 8A2427 0.5536 0.7158 0.6065 0.7158 0.6065 0.6987
t 604 602 603 090909 8A2427 3E1013 0.6595 0.6987 0.6065 0.6987 0.6065 0.7158
t 603 605 604 3E1013 090909 090909 0.6065 0.7158 0.6595 0.7158 0.6595 0.6987
t 606 604 605 090909 090909 090909 0.7125 0.6987 0.6595 0.6987 0.6595 0.7158
t 605 607 606 090909 090909 090909 0.6595 0.7158 0.7125 0.7158 0.7125 0.6987
t 608 606 607 313131 090909 090909 0.7654 0.6987 0.7125 0.6987 0.7125 0.7158
t 607 609 608 090909 7A7A7B 313131 0.7125 0.7158 0.7654 0.7158 0.7654 0.6987
t 610 608 609 0E0E0E 313131 7A7A7B 0.8184 0.6987 0.7654 0.6987 0.7654 0.7158
t 609 611 610 7A7A7B 0D0D0D 0E0E0E 0.7654 0.7158 0.8184 0.7158 0.8184 0.6987
t 612 610 611 8B8685 0E0E0E 0D0D0D 0.8649 0.7012 0.8184 0.6987 0.8184 0.7158
t 611 613 612 0D0D0D 898583 8B8685 0.8184 0.7158 0.8649 0.7177 0.8649 0.7012
t 572 571 597 161519 3F383E 372E33 0.1827 0.6987 0.1363 0.6846 0.1363 0.7012
t 597 596 572 372E33 131317 161519 0.1363 0.7012 0.1827 0.7158 0.1827 0.6987
t 574 572 596 1A191E 161519 131317 0.2357 0.6987 0.1827 0.6987 0.1827 0.7158
t 596 598 574 131317 17151B 1A191E 0.1827 0.7158 0.2357 0.7158 0.2357 0.6987
t 576 574 598 0D0C0E 1A191E 17151B 0.2887 0.6987 0.2357 0.6987 0.2357 0.7158
t 598 614 576 17151B 0D0C0E 0D0C0E 0.2357 0.7158 0.2887 0.7158 0.2887 0.6987
t 578 576 614 711219 0D0C0E 0D0C0E 0.3417 0.6987 0.2887 0.6987 0.2887 0.7158
t 614 615 578 0D0C0E 470E12 711219 0.2887 0.7158 0.3417 0.7158 0.3417 0.6987
t 580 578 615 8B1920 711219 470E12 0.3946 0.6987 0.3417 0.6987 0.3417 0.7158
t 615 616 580 470E12 5A191C 8B1920 0.3417 0.7158 0.3946 0.7158 0.3946 0.6987
t 582 580 616 4A191B 8B1920 5A191C 0.4476 0.6987 0.3946 0.6987 0.3946 0.7158
t 616 617 582 5A191C 561A1C 4A191B 0.3946 0.7158 0.4476 0.7158 0.4476 0.6987
t 584 582 617 553539 4A191B 561A1C 0.5006 0.6987 0.4476 0.6987 0.4476 0.7158
t 617 599 584 561A1C 691117 553539 0.4476 0.7158 0.5006 0.7158 0.5006 0.6987
t 599 601 584 691117 821A1F 553539 0.5006 0.7158 0.5536 0.6987 0.5006 0.6987
t 585 584 601 5F1619 553539 821A1F 0.5536 0.6817 0.5006 0.6987 0.5536 0.6987
t 618 585 601 7D1D20 5F1619 821A1F 0.6065 0.6817 0.5536 0.6817 0.5536 0.6987
t 601 602 618 821A1F 8A2427 7D1D20 0.5536 0.6987 0.6065 0.6987 0.6065 0.6817
t 619 618 602 3B1112 7D1D20 8A2427 0.6595 0.6817 0.6065 0.6817 0.6065 0.6987
t 602 604 619 8A2427 090909 3B1112 0.6065 0.6987 0.6595 0.6987 0.6595 0.6817
t 586 619 604 0A0A0A 3B1112 090909 0.7125 0.6817 0.6595 0.6817 0.6595 0.6987
t 604 606 586 090909 090909 0A0A0A 0.6595 0.6987 0.7125 0.6987 0.7125 0.6817
t 587 586 606 0C0C0C 0A0A0A 090909 0.7654 0.6817 0.7125 0.6817 0.7125 0.6987
t 606 608 587 090909 313131 0C0C0C 0.7125 0.6987 0.7654 0.6987 0.7654 0.6817
t 590 587 608 0E0E0E 0C0C0C 313131 0.8184 0.6817 0.7654 0.6817 0.7654 0.6987
t 608 610 590 313131 0E0E0E 0E0E0E 0.7654 0.6987 0.8184 0.6987 0.8184 0.6817
t 592 590 610 8B8584 0E0E0E 0E0E0E 0.8649 0.6846 0.8184 0.6817 0.8184 0.6987
t 610 612 592 0E0E0E 8B8685 8B8584 0.8184 0.6987 0.8649 0.7012 0.8649 0.6846
t 542 541 570 1D1E26 4E454C 473F46 0.1827 0.6647 0.1363 0.6515 0.1363 0.6681
t 570 569 542 473F46 15171B 1D1E26 0.1363 0.6681 0.1827 0.6817 0.1827 0.6647
t 545 542 569 111114 1D1E26 15171B 0.2357 0.6647 0.1827 0.6647 0.1827 0.6817
t 569 573 545 15171B 0F0F13 111114 0.1827 0.6817 0.2357 0.6817 0.2357 0.6647
t 547 545 573 0E0E10 111114 0F0F13 0.2887 0.6647 0.2357 0.6647 0.2357 0.6817
t 573 575 547 0F0F13 0D0C0E 0E0E10 0.2357 0.6817 0.2887 0.6817 0.2887 0.6647
t 549 547 575 742528 0E0E10 0D0C0E 0.3417 0.6647 0.2887 0.6647 0.2887 0.6817
t 575 577 549 0D0C0E 481115 742528 0.2887 0.6817 0.3417 0.6817 0.3417 0.6647
t 551 549 577 991721 742528 481115 0.3946 0.6647 0.3417 0.6647 0.3417 0.6817
t 577 579 551 481115 591516 991721 0.3417 0.6817 0.3946 0.6817 0.3946 0.6647
t 553 551 579 4C474B 991721 591516 0.4476 0.6647 0.3946 0.6647 0.3946 0.6817
t 579 581 553 591516 4D4D53 4C474B 0.3946 0.6817 0.4476 0.6817 0.4476 0.6647
t 555 553 581 3F3D40 4C474B 4D4D53 0.5006 0.6647 0.4476 0.6647 0.4476 0.6817
t 581 583 555 4D4D53 5C5D62 3F3D40 0.4476 0.6817 0.5006 0.6817 0.5006 0.6647
t 557 555 583 6F161B 3F3D40 5C5D62 0.5536 0.6647 0.5006 0.6647 0.5006 0.6817
t 583 585 557 5C5D62 5F1619 6F161B 0.5006 0.6817 0.5536 0.6817 0.5536 0.6647
t 559 557 585 6E1719 6F161B 5F1619 0.6065 0.6647 0.5536 0.6647 0.5536 0.6817
t 585 618 559 5F1619 7D1D20 6E1719 0.5536 0.6817 0.6065 0.6817 0.6065 0.6647
t 561 559 618 511416 6E1719 7D1D20 0.6595 0.6647 0.6065 0.6647 0.6065 0.6817
t 618 619 561 7D1D20 3B1112 511416 0.6065 0.6817 0.6595 0.6817 0.6595 0.6647
t 563 561 619 0A0A0A 511416 3B1112 0.7125 0.6647 0.6595 0.6647 0.6595 0.6817
t 619 586 563 3B1112 0A0A0A 0A0A0A 0.6595 0.6817 0.7125 0.6817 0.7125 0.6647
t 586 588 563 0A0A0A 515151 0A0A0A 0.7125 0.6817 0.7654 0.6647 0.7125 0.6647
t 564 563 588 1B1B1C 0A0A0A 515151 0.7654 0.6476 0.7125 0.6647 0.7654 0.6647
t 567 564 588 111111 1B1B1C 515151 0.8184 0.6476 0.7654 0.6476 0.7654 0.6647
t 588 589 567 515151 101010 111111 0.7654 0.6647 0.8184 0.6647 0.8184 0.6476
t 568 567 589 91898A 111111 101010 0.8649 0.6515 0.8184 0.6476 0.8184 0.6647
t 589 591 568 101010 908B89 91898A 0.8184 0.6647 0.8649 0.6681 0.8649 0.6515
t 492 491 518 272831 565056 585158 0.1827 0.6135 0.1363 0.6018 0.1363 0.6184
t 518 517 492 585158 24252D 272831 0.1363 0.6184 0.1827 0.6306 0.1827 0.6135
t 494 492 517 1A1A22 272831 24252D 0.2357 0.6135 0.1827 0.6135 0.1827 0.6306
t 517 565 494 24252D 23242A 1A1A22 0.1827 0.6306 0.2357 0.6306 0.2357 0.6135
t 496 494 565 0F0F12 1A1A22 23242A 0.2887 0.6135 0.2357 0.6135 0.2357 0.6306
t 565 566 496 23242A 0E0D10 0F0F12 0.2357 0.6306 0.2887 0.6306 0.2887 0.6135
t 498 496 566 3C1014 0F0F12 0E0D10 0.3417 0.6135 0.2887 0.6135 0.2887 0.6306
t 566 520 498 0E0D10 3A1315 3C1014 0.2887 0.6306 0.3417 0.6306 0.3417 0.6135
t 520 522 498 3A1315 4A1217 3C1014 0.3417 0.6306 0.3946 0.6135 0.3417 0.6135
t 499 498 522 401214 3C1014 4A1217 0.3946 0.5965 0.3417 0.6135 0.3946 0.6135
t 513 499 522 451114 401214 4A1217 0.4476 0.5965 0.3946 0.5965 0.3946 0.6135
t 522 523 513 4A1217 250E0E 451114 0.3946 0.6135 0.4476 0.6135 0.4476 0.5965
t 514 513 523 951F23 451114 250E0E 0.5006 0.5965 0.4476 0.5965 0.4476 0.6135
t 523 525 514 250E0E B01922 951F23 0.4476 0.6135 0.5006 0.6135 0.5006 0.5965
t 500 514 525 0C0C0C 951F23 B01922 0.5536 0.5965 0.5006 0.5965 0.5006 0.6135
t 525 527 500 B01922 0F0C0C 0C0C0C 0.5006 0.6135 0.5536 0.6135 0.5536 0.5965
t 501 500 527 0B0B0B 0C0C0C 0F0C0C 0.6065 0.5965 0.5536 0.5965 0.5536 0.6135
t 527 529 501 0F0C0C 0A0B0A 0B0B0B 0.5536 0.6135 0.6065 0.6135 0.6065 0.5965
t 504 501 529 0B0B0D 0B0B0B 0A0B0A 0.6595 0.5965 0.6065 0.5965 0.6065 0.6135
t 529 531 504 0A0B0A 0A0A0A 0B0B0D 0.6065 0.6135 0.6595 0.6135 0.6595 0.5965
t 506 504 531 0A0A0A 0B0B0D 0A0A0A 0.7125 0.5965 0.6595 0.5965 0.6595 0.6135
t 531 533 506 0A0A0A 0A0A0A 0A0A0A 0.6595 0.6135 0.7125 0.6135 0.7125 0.5965
t 508 506 533 0F0F0F 0A0A0A 0A0A0A 0.7654 0.5965 0.7125 0.5965 0.7125 0.6135
t 533 535 508 0A0A0A 4C4C4C 0F0F0F 0.7125 0.6135 0.7654 0.6135 0.7654 0.5965
t 510 508 535 141414 0F0F0F 4C4C4C 0.8184 0.5965 0.7654 0.5965 0.7654 0.6135
t 535 537 510 4C4C4C 111111 141414 0.7654 0.6135 0.8184 0.6135 0.8184 0.5965
t 512 510 537 95908F 141414 111111 0.8649 0.6018 0.8184 0.5965 0.8184 0.6135
t 537 539 512 111111 948E8C 95908F 0.8184 0.6135 0.8649 0.6184 0.8649 0.6018
t 620 621 622 0F0F12 51535B 111214 0.1827 0.7499 0.2357 0.7499 0.2357 0.7328
t 623 622 621 161519 111214 51535B 0.2887 0.7328 0.2357 0.7328 0.2357 0.7499
t 621 624 623 51535B 535159 161519 0.2357 0.7499 0.2887 0.7499 0.2887 0.7328
t 625 623 624 0B0C0C 161519 535159 0.3417 0.7328 0.2887 0.7328 0.2887 0.7499
t 624 626 625 535159 888A94 0B0C0C 0.2887 0.7499 0.3417 0.7499 0.3417 0.7328
t 627 625 626 090A0A 0B0C0C 888A94 0.3946 0.7328 0.3417 0.7328 0.3417 0.7499
t 626 628 627 888A94 0A0A0A 090A0A 0.3417 0.7499 0.3946 0.7499 0.3946 0.7328
t 629 627 628 310C10 090A0A 0A0A0A 0.4476 0.7328 0.3946 0.7328 0.3946 0.7499
t 628 630 629 0A0A0A 0A0A0B 310C10 0.3946 0.7499 0.4476 0.7499 0.4476 0.7328
t 631 629 630 561014 310C10 0A0A0B 0.5006 0.7328 0.4476 0.7328 0.4476 0.7499
t 630 632 631 0A0A0B 0A0A0A 561014 0.4476 0.7499 0.5006 0.7499 0.5006 0.7328
t 633 631 632 0D0A0A 561014 0A0A0A 0.5536 0.7328 0.5006 0.7328 0.5006 0.7499
t 632 634 633 0A0A0A 0A0A0B 0D0A0A 0.5006 0.7499 0.5536 0.7499 0.5536 0.7328
t 635 633 634 0A0A0A 0D0A0A 0A0A0B 0.6065 0.7328 0.5536 0.7328 0.5536 0.7499
t 634 636 635 0A0A0B 0A0A0B 0A0A0A 0.5536 0.7499 0.6065 0.7499 0.6065 0.7328
t 637 635 636 0A0A0A 0A0A0A 0A0A0B 0.6595 0.7328 0.6065 0.7328 0.6065 0.7499
t 636 638 637 0A0A0B 94969A 0A0A0A 0.6065 0.7499 0.6595 0.7499 0.6595 0.7328
t 639 637 638 0D0D0E 0A0A0A 94969A 0.7125 0.7328 0.6595 0.7328 0.6595 0.7499
t 638 640 639 94969A 6B6A6D 0D0D0E 0.6595 0.7499 0.7125 0.7499 0.7125 0.7328
t 641 639 640 141414 0D0D0E 6B6A6D 0.7654 0.7328 0.7125 0.7328 0.7125 0.7499
t 640 642 641 6B6A6D 3E3E3F 141414 0.7125 0.7499 0.7654 0.7499 0.7654 0.7328
t 643 641 642 0A0A0A 141414 3E3E3F 0.8184 0.7328 0.7654 0.7328 0.7654 0.7499
t 644 645 646 131316 1A181B 141116 0.1827 0.7669 0.1387 0.7596 0.1397 0.7732
t 646 647 644 141116 585961 131316 0.1397 0.7732 0.1827 0.7839 0.1827 0.7669
t 648 644 647 797984 131316 585961 0.2357 0.7669 0.1827 0.7669 0.1827 0.7839
t 647 649 648 585961 66676E 797984 0.1827 0.7839 0.2357 0.7839 0.2357 0.7669
t 650 648 649 C63245 797984 66676E 0.2887 0.7669 0.2357 0.7669 0.2357 0.7839
t 649 651 650 66676E 2E2E32 C63245 0.2357 0.7839 0.2887 0.7839 0.2887 0.7669
t 652 650 651 63636B C63245 2E2E32 0.3417 0.7669 0.2887 0.7669 0.2887 0.7839
t 651 653 652 2E2E32 36363A 63636B 0.2887 0.7839 0.3417 0.7839 0.3417 0.7669
t 654 652 653 0A0A0B 63636B 36363A 0.3946 0.7669 0.3417 0.7669 0.3417 0.7839
t 653 655 654 36363A 080808 0A0A0B 0.3417 0.7839 0.3946 0.7839 0.3946 0.7669
t 656 654 655 09090A 0A0A0B 080808 0.4476 0.7669 0.3946 0.7669 0.3946 0.7839
t 655 657 656 080808 090808 09090A 0.3946 0.7839 0.4476 0.7839 0.4476 0.7669
t 658 656 657 090909 09090A 090808 0.5006 0.7669 0.4476 0.7669 0.4476 0.7839
t 657 659 658 090808 090909 090909 0.4476 0.7839 0.5006 0.7839 0.5006 0.7669
t 660 658 659 0A0A0A 090909 090909 0.5536 0.7669 0.5006 0.7669 0.5006 0.7839
t 659 661 660 090909 0E0C0D 0A0A0A 0.5006 0.7839 0.5536 0.7839 0.5536 0.7669
t 662 660 661 09090A 0A0A0A 0E0C0D 0.6065 0.7669 0.5536 0.7669 0.5536 0.7839
t 663 664 665 5C5C5E 0A0A0B 0A0A0B 0.7654 0.7669 0.8184 0.7669 0.8184 0.7499
t 666 665 664 7E7471 0A0A0B 0A0A0B 0.8625 0.7596 0.8184 0.7499 0.8184 0.7669
t 664 667 666 0A0A0B 79706E 7E7471 0.8184 0.7669 0.8615 0.7732 0.8625 0.7596
t 620 668 645 0F0F12 251D24 1A181B 0.1827 0.7499 0.1376 0.7459 0.1387 0.7596
t 645 644 620 1A181B 131316 0F0F12 0.1387 0.7596 0.1827 0.7669 0.1827 0.7499
t 621 620 644 51535B 0F0F12 131316 0.2357 0.7499 0.1827 0.7499 0.1827 0.7669
t 644 648 621 131316 797984 51535B 0.1827 0.7669 0.2357 0.7669 0.2357 0.7499
t 624 621 648 535159 51535B 797984 0.2887 0.7499 0.2357 0.7499 0.2357 0.7669
t 648 650 624 797984 C63245 535159 0.2357 0.7669 0.2887 0.7669 0.2887 0.7499
t 626 624 650 888A94 535159 C63245 0.3417 0.7499 0.2887 0.7499 0.2887 0.7669
t 650 652 626 C63245 63636B 888A94 0.2887 0.7669 0.3417 0.7669 0.3417 0.7499
t 628 626 652 0A0A0A 888A94 63636B 0.3946 0.7499 0.3417 0.7499 0.3417 0.7669
t 652 654 628 63636B 0A0A0B 0A0A0A 0.3417 0.7669 0.3946 0.7669 0.3946 0.7499
t 630 628 654 0A0A0B 0A0A0A 0A0A0B 0.4476 0.7499 0.3946 0.7499 0.3946 0.7669
t 654 656 630 0A0A0B 09090A 0A0A0B 0.3946 0.7669 0.4476 0.7669 0.4476 0.7499
t 632 630 656 0A0A0A 0A0A0B 09090A 0.5006 0.7499 0.4476 0.7499 0.4476 0.7669
t 656 658 632 09090A 090909 0A0A0A 0.4476 0.7669 0.5006 0.7669 0.5006 0.7499
t 634 632 658 0A0A0B 0A0A0A 090909 0.5536 0.7499 0.5006 0.7499 0.5006 0.7669
t 658 660 634 090909 0A0A0A 0A0A0B 0.5006 0.7669 0.5536 0.7669 0.5536 0.7499
t 636 634 660 0A0A0B 0A0A0B 0A0A0A 0.6065 0.7499 0.5536 0.7499 0.5536 0.7669
t 660 662 636 0A0A0A 09090A 0A0A0B 0.5536 0.7669 0.6065 0.7669 0.6065 0.7499
t 638 636 662 94969A 0A0A0B 09090A 0.6595 0.7499 0.6065 0.7499 0.6065 0.7669
t 662 669 638 09090A 48464A 94969A 0.6065 0.7669 0.6595 0.7669 0.6595 0.7499
t 640 638 669 6B6A6D 94969A 48464A 0.7125 0.7499 0.6595 0.7499 0.6595 0.7669
t 669 670 640 48464A D02033 6B6A6D 0.6595 0.7669 0.7125 0.7669 0.7125 0.7499
t 642 640 670 3E3E3F 6B6A6D D02033 0.7654 0.7499 0.7125 0.7499 0.7125 0.7669
t 670 663 642 D02033 5C5C5E 3E3E3F 0.7125 0.7669 0.7654 0.7669 0.7654 0.7499
t 663 665 642 5C5C5E 0A0A0B 3E3E3F 0.7654 0.7669 0.8184 0.7499 0.7654 0.7499
t 643 642 665 0A0A0A 3E3E3F 0A0A0B 0.8184 0.7328 0.7654 0.7499 0.8184 0.7499
t 671 643 665 807878 0A0A0A 0A0A0B 0.8635 0.7459 0.8184 0.7328 0.8184 0.7499
t 665 666 671 0A0A0B 7E7471 807878 0.8184 0.7499 0.8625 0.7596 0.8635 0.7459
t 672 673 674 0D0C0E 0A0A0A 121013 0.1425 0.7995 0.1827 0.8010 0.1411 0.7864
t 673 672 675 0A0A0A 0D0C0E 09090A 0.1827 0.8010 0.1425 0.7995 0.1444 0.8122
t 675 676 673 09090A 090908 0A0A0A 0.1444 0.8122 0.1827 0.8180 0.1827 0.8010
t 677 673 676 0A090A 0A0A0A 090908 0.2357 0.8010 0.1827 0.8010 0.1827 0.8180
t 676 678 677 090908 09090A 0A090A 0.1827 0.8180 0.2357 0.8180 0.2357 0.8010
t 679 677 678 101011 0A090A 09090A 0.2887 0.8010 0.2357 0.8010 0.2357 0.8180
t 680 681 682 090808 080809 090909 0.5536 0.8010 0.6065 0.8010 0.6065 0.7839
t 683 682 681 5B5B5F 090909 080809 0.6595 0.7839 0.6065 0.7839 0.6065 0.8010
t 681 684 683 080809 1A1B1E 5B5B5F 0.6065 0.8010 0.6595 0.8010 0.6595 0.7839
t 685 683 684 232325 5B5B5F 1A1B1E 0.7125 0.7839 0.6595 0.7839 0.6595 0.8010
t 684 686 685 1A1B1E 2F3033 232325 0.6595 0.8010 0.7125 0.8010 0.7125 0.7839
t 687 685 686 6E6E72 232325 2F3033 0.7654 0.7839 0.7125 0.7839 0.7125 0.8010
t 686 688 687 2F3033 08090A 6E6E72 0.7125 0.8010 0.7654 0.8010 0.7654 0.7839
t 689 687 688 383739 6E6E72 08090A 0.8184 0.7839 0.7654 0.7839 0.7654 0.8010
t 688 690 689 08090A 080808 383739 0.7654 0.8010 0.8184 0.8010 0.8184 0.7839
t 691 689 690 746968 383739 080808 0.8600 0.7864 0.8184 0.7839 0.8184 0.8010
t 692 691 690 6A5C5A 746968 080808 0.8586 0.7995 0.8600 0.7864 0.8184 0.8010
t 690 693 692 080808 5F534F 6A5C5A 0.8184 0.8010 0.8568 0.8122 0.8586 0.7995
t 694 695 696 4A4754 4E4B58 0A0A0D 0.2357 0.8351 0.2887 0.8351 0.2887 0.8180
t 697 696 695 1C0B0F 0A0A0D 4E4B58 0.3417 0.8180 0.2887 0.8180 0.2887 0.8351
t 695 698 697 4E4B58 78515D 1C0B0F 0.2887 0.8351 0.3417 0.8351 0.3417 0.8180
t 699 697 698 0C0C0F 1C0B0F 78515D 0.3946 0.8180 0.3417 0.8180 0.3417 0.8351
t 698 700 699 78515D D4939C 0C0C0F 0.3417 0.8351 0.3946 0.8351 0.3946 0.8180
t 701 699 700 0C0B0E 0C0C0F D4939C 0.4476 0.8180 0.3946 0.8180 0.3946 0.8351
t 700 702 701 D4939C 7C4250 0C0B0E 0.3946 0.8351 0.4476 0.8351 0.4476 0.8180
t 703 701 702 B94354 0C0B0E 7C4250 0.5006 0.8180 0.4476 0.8180 0.4476 0.8351
t 702 704 703 7C4250 E2C2C9 B94354 0.4476 0.8351 0.5006 0.8351 0.5006 0.8180
t 705 703 704 0B090C B94354 E2C2C9 0.5536 0.8180 0.5006 0.8180 0.5006 0.8351
t 704 706 705 E2C2C9 6A3541 0B090C 0.5006 0.8351 0.5536 0.8351 0.5536 0.8180
t 707 705 706 09080A 0B090C 6A3541 0.6065 0.8180 0.5536 0.8180 0.5536 0.8351
t 706 708 707 6A3541 A64956 09080A 0.5536 0.8351 0.6065 0.8351 0.6065 0.8180
t 709 707 708 080708 09080A A64956 0.6595 0.8180 0.6065 0.8180 0.6065 0.8351
t 708 710 709 A64956 19171F 080708 0.6065 0.8351 0.6595 0.8351 0.6595 0.8180
t 711 709 710 060608 080708 19171F 0.7125 0.8180 0.6595 0.8180 0.6595 0.8351
t 710 712 711 19171F 151419 060608 0.6595 0.8351 0.7125 0.8351 0.7125 0.8180
t 713 711 712 060507 060608 151419 0.7654 0.8180 0.7125 0.8180 0.7125 0.8351
t 712 714 713 151419 111015 060507 0.7125 0.8351 0.7654 0.8351 0.7654 0.8180
t 715 713 714 060606 060507 111015 0.8184 0.8180 0.7654 0.8180 0.7654 0.8351
t 714 716 715 111015 0E0D11 060606 0.7654 0.8351 0.8184 0.8351 0.8184 0.8180
t 717 715 716 5B504F 060606 0E0D11 0.8549 0.8249 0.8184 0.8180 0.8184 0.8351
t 676 675 718 090908 09090A 0C0C0F 0.1827 0.8180 0.1444 0.8122 0.1462 0.8249
t 718 719 676 0C0C0F 393743 090908 0.1462 0.8249 0.1827 0.8351 0.1827 0.8180
t 678 676 719 09090A 090908 393743 0.2357 0.8180 0.1827 0.8180 0.1827 0.8351
t 719 694 678 393743 4A4754 09090A 0.1827 0.8351 0.2357 0.8351 0.2357 0.8180
t 694 696 678 4A4754 0A0A0D 09090A 0.2357 0.8351 0.2887 0.8180 0.2357 0.8180
t 679 678 696 101011 09090A 0A0A0D 0.2887 0.8010 0.2357 0.8180 0.2887 0.8180
t 720 679 696 090A09 101011 0A0A0D 0.3417 0.8010 0.2887 0.8010 0.2887 0.8180
t 696 697 720 0A0A0D 1C0B0F 090A09 0.2887 0.8180 0.3417 0.8180 0.3417 0.8010
t 721 720 697 080807 090A09 1C0B0F 0.3946 0.8010 0.3417 0.8010 0.3417 0.8180
t 697 699 721 1C0B0F 0C0C0F 080807 0.3417 0.8180 0.3946 0.8180 0.3946 0.8010
t 722 721 699 080809 080807 0C0C0F 0.4476 0.8010 0.3946 0.8010 0.3946 0.8180
t 699 701 722 0C0C0F 0C0B0E 080809 0.3946 0.8180 0.4476 0.8180 0.4476 0.8010
t 723 722 701 090909 080809 0C0B0E 0.5006 0.8010 0.4476 0.8010 0.4476 0.8180
t 701 703 723 0C0B0E B94354 090909 0.4476 0.8180 0.5006 0.8180 0.5006 0.8010
t 680 723 703 090808 090909 B94354 0.5536 0.8010 0.5006 0.8010 0.5006 0.8180
t 703 705 680 B94354 0B090C 090808 0.5006 0.8180 0.5536 0.8180 0.5536 0.8010
t 681 680 705 080809 090808 0B090C 0.6065 0.8010 0.5536 0.8010 0.5536 0.8180
t 705 707 681 0B090C 09080A 080809 0.5536 0.8180 0.6065 0.8180 0.6065 0.8010
t 684 681 707 1A1B1E 080809 09080A 0.6595 0.8010 0.6065 0.8010 0.6065 0.8180
t 707 709 684 09080A 080708 1A1B1E 0.6065 0.8180 0.6595 0.8180 0.6595 0.8010
t 686 684 709 2F3033 1A1B1E 080708 0.7125 0.8010 0.6595 0.8010 0.6595 0.8180
t 709 711 686 080708 060608 2F3033 0.6595 0.8180 0.7125 0.8180 0.7125 0.8010
t 688 686 711 08090A 2F3033 060608 0.7654 0.8010 0.7125 0.8010 0.7125 0.8180
t 711 713 688 060608 060507 08090A 0.7125 0.8180 0.7654 0.8180 0.7654 0.8010
t 690 688 713 080808 08090A 060507 0.8184 0.8010 0.7654 0.8010 0.7654 0.8180
t 713 715 690 060507 060606 080808 0.7654 0.8180 0.8184 0.8180 0.8184 0.8010
t 693 690 715 5F534F 080808 060606 0.8568 0.8122 0.8184 0.8010 0.8184 0.8180
t 715 717 693 060606 5B504F 5F534F 0.8184 0.8180 0.8549 0.8249 0.8568 0.8122
t 647 646 674 585961 141116 121013 0.1827 0.7839 0.1397 0.7732 0.1411 0.7864
t 674 673 647 121013 0A0A0A 585961 0.1411 0.7864 0.1827 0.8010 0.1827 0.7839
t 649 647 673 66676E 585961 0A0A0A 0.2357 0.7839 0.1827 0.7839 0.1827 0.8010
t 673 677 649 0A0A0A 0A090A 66676E 0.1827 0.8010 0.2357 0.8010 0.2357 0.7839
t 651 649 677 2E2E32 66676E 0A090A 0.2887 0.7839 0.2357 0.7839 0.2357 0.8010
t 677 679 651 0A090A 101011 2E2E32 0.2357 0.8010 0.2887 0.8010 0.2887 0.7839
t 653 651 679 36363A 2E2E32 101011 0.3417 0.7839 0.2887 0.7839 0.2887 0.8010
t 679 720 653 101011 090A09 36363A 0.2887 0.8010 0.3417 0.8010 0.3417 0.7839
t 655 653 720 080808 36363A 090A09 0.3946 0.7839 0.3417 0.7839 0.3417 0.8010
t 720 721 655 090A09 080807 080808 0.3417 0.8010 0.3946 0.8010 0.3946 0.7839
t 657 655 721 090808 080808 080807 0.4476 0.7839 0.3946 0.7839 0.3946 0.8010
t 721 722 657 080807 080809 090808 0.3946 0.8010 0.4476 0.8010 0.4476 0.7839
t 659 657 722 090909 090808 080809 0.5006 0.7839 0.4476 0.7839 0.4476 0.8010
t 722 723 659 080809 090909 090909 0.4476 0.8010 0.5006 0.8010 0.5006 0.7839
t 661 659 723 0E0C0D 090909 090909 0.5536 0.7839 0.5006 0.7839 0.5006 0.8010
t 723 680 661 090909 090808 0E0C0D 0.5006 0.8010 0.5536 0.8010 0.5536 0.7839
t 680 682 661 090808 090909 0E0C0D 0.5536 0.8010 0.6065 0.7839 0.5536 0.7839
t 662 661 682 09090A 0E0C0D 090909 0.6065 0.7669 0.5536 0.7839 0.6065 0.7839
t 669 662 682 48464A 09090A 090909 0.6595 0.7669 0.6065 0.7669 0.6065 0.7839
t 682 683 669 090909 5B5B5F 48464A 0.6065 0.7839 0.6595 0.7839 0.6595 0.7669
t 670 669 683 D02033 48464A 5B5B5F 0.7125 0.7669 0.6595 0.7669 0.6595 0.7839
t 683 685 670 5B5B5F 232325 D02033 0.6595 0.7839 0.7125 0.7839 0.7125 0.7669
t 663 670 685 5C5C5E D02033 232325 0.7654 0.7669 0.7125 0.7669 0.7125 0.7839
t 685 687 663 232325 6E6E72 5C5C5E 0.7125 0.7839 0.7654 0.7839 0.7654 0.7669
t 664 663 687 0A0A0B 5C5C5E 6E6E72 0.8184 0.7669 0.7654 0.7669 0.7654 0.7839
t 687 689 664 6E6E72 383739 0A0A0B 0.7654 0.7839 0.8184 0.7839 0.8184 0.7669
t 667 664 689 79706E 0A0A0B 383739 0.8615 0.7732 0.8184 0.7669 0.8184 0.7839
t 689 691 667 383739 746968 79706E 0.8184 0.7839 0.8600 0.7864 0.8615 0.7732
t 724 725 726 5B565C 514C55 342F34 0.1827 0.8521 0.1507 0.8494 0.1534 0.8611
t 726 727 724 342F34 2D272B 5B565C 0.1534 0.8611 0.1827 0.8691 0.1827 0.8521
t 728 724 727 696369 5B565C 2D272B 0.2357 0.8521 0.1827 0.8521 0.1827 0.8691
t 727 729 728 2D272B 322D31 696369 0.1827 0.8691 0.2357 0.8691 0.2357 0.8521
t 730 728 729 8C7779 696369 322D31 0.2887 0.8521 0.2357 0.8521 0.2357 0.8691
t 729 731 730 322D31 46393B 8C7779 0.2357 0.8691 0.2887 0.8691 0.2887 0.8521
t 732 730 731 AC8F91 8C7779 46393B 0.3417 0.8521 0.2887 0.8521 0.2887 0.8691
t 731 733 732 46393B DB9FA2 AC8F91 0.2887 0.8691 0.3417 0.8691 0.3417 0.8521
t 734 732 733 F0DDDD AC8F91 DB9FA2 0.3946 0.8521 0.3417 0.8521 0.3417 0.8691
t 733 735 734 DB9FA2 E7D5D8 F0DDDD 0.3417 0.8691 0.3946 0.8691 0.3946 0.8521
t 736 734 735 F2E1E2 F0DDDD E7D5D8 0.4476 0.8521 0.3946 0.8521 0.3946 0.8691
t 735 737 736 E7D5D8 E0C6CA F2E1E2 0.3946 0.8691 0.4476 0.8691 0.4476 0.8521
t 738 736 737 EDD6DA F2E1E2 E0C6CA 0.5006 0.8521 0.4476 0.8521 0.4476 0.8691
t 737 739 738 E0C6CA D3ABB3 EDD6DA 0.4476 0.8691 0.5006 0.8691 0.5006 0.8521
t 740 738 739 EAD5DA EDD6DA D3ABB3 0.5536 0.8521 0.5006 0.8521 0.5006 0.8691
t 741 742 743 1D1B21 5D5455 5E5354 0.8184 0.8521 0.8478 0.8611 0.8504 0.8494
t 744 745 746 645A59 6C6062 181518 0.8386 0.8833 0.8451 0.8728 0.8184 0.8691
t 747 748 749 1C191B 1B1718 1A1617 0.2357 0.8862 0.1625 0.8833 0.1690 0.8937
t 749 750 747 1A1617 381318 1C191B 0.1690 0.8937 0.2357 0.9032 0.2357 0.8862
t 751 747 750 251C1D 1C191B 381318 0.2887 0.8862 0.2357 0.8862 0.2357 0.9032
t 750 752 751 381318 B05463 251C1D 0.2357 0.9032 0.2887 0.9032 0.2887 0.8862
t 753 751 752 A85054 251C1D B05463 0.3417 0.8862 0.2887 0.8862 0.2887 0.9032
t 752 754 753 B05463 C37B88 A85054 0.2887 0.9032 0.3417 0.9032 0.3417 0.8862
t 754 755 753 C37B88 D1AAAD A85054 0.3417 0.9032 0.3946 0.8862 0.3417 0.8862
t 756 757 758 D3B8BF D2ACB5 D3A4AC 0.5006 0.8862 0.5536 0.8862 0.5536 0.8691
t 759 758 757 D08F96 D3A4AC D2ACB5 0.6065 0.8691 0.5536 0.8691 0.5536 0.8862
t 757 760 759 D2ACB5 CAA0AA D08F96 0.5536 0.8862 0.6065 0.8862 0.6065 0.8691
t 761 759 760 91484C D08F96 CAA0AA 0.6595 0.8691 0.6065 0.8691 0.6065 0.8862
t 760 762 761 CAA0AA 944E56 91484C 0.6065 0.8862 0.6595 0.8862 0.6595 0.8691
t 763 761 762 211C20 91484C 944E56 0.7125 0.8691 0.6595 0.8691 0.6595 0.8862
t 762 764 763 944E56 191214 211C20 0.6595 0.8862 0.7125 0.8862 0.7125 0.8691
t 765 763 764 1B181C 211C20 191214 0.7654 0.8691 0.7125 0.8691 0.7125 0.8862
t 764 766 765 191214 131012 1B181C 0.7125 0.8862 0.7654 0.8862 0.7654 0.8691
t 746 765 766 181518 1B181C 131012 0.8184 0.8691 0.7654 0.8691 0.7654 0.8862
t 744 746 766 645A59 181518 131012 0.8386 0.8833 0.8184 0.8691 0.7654 0.8862
t 766 767 744 131012 685F60 645A59 0.7654 0.8862 0.8322 0.8937 0.8386 0.8833
t 727 726 768 2D272B 342F34 221C1F 0.1827 0.8691 0.1534 0.8611 0.1561 0.8728
t 768 748 727 221C1F 1B1718 2D272B 0.1561 0.8728 0.1625 0.8833 0.1827 0.8691
t 748 747 727 1B1718 1C191B 2D272B 0.1625 0.8833 0.2357 0.8862 0.1827 0.8691
t 729 727 747 322D31 2D272B 1C191B 0.2357 0.8691 0.1827 0.8691 0.2357 0.8862
t 731 729 747 46393B 322D31 1C191B 0.2887 0.8691 0.2357 0.8691 0.2357 0.8862
t 747 751 731 1C191B 251C1D 46393B 0.2357 0.8862 0.2887 0.8862 0.2887 0.8691
t 733 731 751 DB9FA2 46393B 251C1D 0.3417 0.8691 0.2887 0.8691 0.2887 0.8862
t 751 753 733 251C1D A85054 DB9FA2 0.2887 0.8862 0.3417 0.8862 0.3417 0.8691
t 735 733 753 E7D5D8 DB9FA2 A85054 0.3946 0.8691 0.3417 0.8691 0.3417 0.8862
t 753 755 735 A85054 D1AAAD E7D5D8 0.3417 0.8862 0.3946 0.8862 0.3946 0.8691
t 737 735 755 E0C6CA E7D5D8 D1AAAD 0.4476 0.8691 0.3946 0.8691 0.3946 0.8862
t 755 769 737 D1AAAD CFADB3 E0C6CA 0.3946 0.8862 0.4476 0.8862 0.4476 0.8691
t 739 737 769 D3ABB3 E0C6CA CFADB3 0.5006 0.8691 0.4476 0.8691 0.4476 0.8862
t 769 756 739 CFADB3 D3B8BF D3ABB3 0.4476 0.8862 0.5006 0.8862 0.5006 0.8691
t 756 758 739 D3B8BF D3A4AC D3ABB3 0.5006 0.8862 0.5536 0.8691 0.5006 0.8691
t 740 739 758 EAD5DA D3ABB3 D3A4AC 0.5536 0.8521 0.5006 0.8691 0.5536 0.8691
t 770 740 758 553F48 EAD5DA D3A4AC 0.6065 0.8521 0.5536 0.8521 0.5536 0.8691
t 758 759 770 D3A4AC D08F96 553F48 0.5536 0.8691 0.6065 0.8691 0.6065 0.8521
t 771 770 759 6B4048 553F48 D08F96 0.6595 0.8521 0.6065 0.8521 0.6065 0.8691
t 759 761 771 D08F96 91484C 6B4048 0.6065 0.8691 0.6595 0.8691 0.6595 0.8521
t 772 771 761 563138 6B4048 91484C 0.7125 0.8521 0.6595 0.8521 0.6595 0.8691
t 761 763 772 91484C 211C20 563138 0.6595 0.8691 0.7125 0.8691 0.7125 0.8521
t 773 772 763 232128 563138 211C20 0.7654 0.8521 0.7125 0.8521 0.7125 0.8691
t 763 765 773 211C20 1B181C 232128 0.7125 0.8691 0.7654 0.8691 0.7654 0.8521
t 741 773 765 1D1B21 232128 1B181C 0.8184 0.8521 0.7654 0.8521 0.7654 0.8691
t 765 746 741 1B181C 181518 1D1B21 0.7654 0.8691 0.8184 0.8691 0.8184 0.8521
t 742 741 746 5D5455 1D1B21 181518 0.8478 0.8611 0.8184 0.8521 0.8184 0.8691
t 746 745 742 181518 6C6062 5D5455 0.8184 0.8691 0.8451 0.8728 0.8478 0.8611
t 774 775 776 655D5D 5C5455 0F0D0F 0.8098 0.9139 0.8210 0.9038 0.7654 0.9032
t 777 778 779 222020 312D2D 090707 0.7647 0.9340 0.7872 0.9240 0.7125 0.9203
t 780 781 782 B75E6B 58131A AE616A 0.3946 0.9203 0.3417 0.9203 0.3417 0.9373
t 783 784 785 0C0A0A 090807 0A0809 0.2139 0.9240 0.2365 0.9340 0.2887 0.9203
t 782 781 785 AE616A 58131A 0A0809 0.3417 0.9373 0.3417 0.9203 0.2887 0.9203
t 781 780 786 58131A B75E6B C599A3 0.3417 0.9203 0.3946 0.9203 0.3946 0.9032
t 787 786 780 C6A6AE C599A3 B75E6B 0.4476 0.9032 0.3946 0.9032 0.3946 0.9203
t 780 788 787 B75E6B B87A83 C6A6AE 0.3946 0.9203 0.4476 0.9203 0.4476 0.9032
t 789 787 788 C0A0A9 C6A6AE B87A83 0.5006 0.9032 0.4476 0.9032 0.4476 0.9203
t 788 790 789 B87A83 B5848E C0A0A9 0.4476 0.9203 0.5006 0.9203 0.5006 0.9032
t 791 789 790 B8757E C0A0A9 B5848E 0.5536 0.9032 0.5006 0.9032 0.5006 0.9203
t 790 792 791 B5848E AF6E78 B8757E 0.5006 0.9203 0.5536 0.9203 0.5536 0.9032
t 793 791 792 AD5561 B8757E AF6E78 0.6065 0.9032 0.5536 0.9032 0.5536 0.9203
t 792 794 793 AF6E78 B6414D AD5561 0.5536 0.9203 0.6065 0.9203 0.6065 0.9032
t 795 793 794 9F525F AD5561 B6414D 0.6595 0.9032 0.6065 0.9032 0.6065 0.9203
t 794 796 795 B6414D 3B1317 9F525F 0.6065 0.9203 0.6595 0.9203 0.6595 0.9032
t 797 795 796 833B45 9F525F 3B1317 0.7125 0.9032 0.6595 0.9032 0.6595 0.9203
t 796 779 797 3B1317 090707 833B45 0.6595 0.9203 0.7125 0.9203 0.7125 0.9032
t 776 797 779 0F0D0F 833B45 090707 0.7654 0.9032 0.7125 0.9032 0.7125 0.9203
t 779 778 776 090707 312D2D 0F0D0F 0.7125 0.9203 0.7872 0.9240 0.7654 0.9032
t 774 776 778 655D5D 0F0D0F 312D2D 0.8098 0.9139 0.7654 0.9032 0.7872 0.9240
t 798 799 800 AF2936 36060B 320509 0.4476 0.9373 0.3946 0.9373 0.3946 0.9543
t 800 801 798 320509 36050A AF2936 0.3946 0.9543 0.4476 0.9543 0.4476 0.9373
t 802 798 801 50090D AF2936 36050A 0.5006 0.9373 0.4476 0.9373 0.4476 0.9543
t 801 803 802 36050A 040404 50090D 0.4476 0.9543 0.5006 0.9543 0.5006 0.9373
t 804 802 803 AB3D46 50090D 040404 0.5536 0.9373 0.5006 0.9373 0.5006 0.9543
t 805 806 807 040504 090607 71323B 0.7072 0.9500 0.7359 0.9420 0.6595 0.9373
t 808 809 810 040404 040404 040303 0.6395 0.9624 0.6733 0.9562 0.6065 0.9543
t 811 812 813 040404 0C0405 A2414B 0.5276 0.9711 0.5546 0.9705 0.5536 0.9543
t 812 814 813 0C0405 060404 A2414B 0.5546 0.9705 0.5971 0.9664 0.5536 0.9543
t 810 813 814 040303 A2414B 060404 0.6065 0.9543 0.5536 0.9543 0.5971 0.9664
t 808 810 814 040404 040303 060404 0.6395 0.9624 0.6065 0.9543 0.5971 0.9664
t 815 816 800 060505 050505 320509 0.3278 0.9562 0.3617 0.9624 0.3946 0.9543
t 816 817 800 050505 1C0609 320509 0.3617 0.9624 0.4041 0.9664 0.3946 0.9543
t 801 800 817 36050A 320509 1C0609 0.4476 0.9543 0.3946 0.9543 0.4041 0.9664
t 817 818 801 1C0609 050505 36050A 0.4041 0.9664 0.4465 0.9705 0.4476 0.9543
t 818 819 801 050505 040303 36050A 0.4465 0.9705 0.4736 0.9711 0.4476 0.9543
t 803 801 819 040404 36050A 040303 0.5006 0.9543 0.4476 0.9543 0.4736 0.9711
t 819 820 803 040303 030303 040404 0.4736 0.9711 0.5006 0.9717 0.5006 0.9543
t 820 811 803 030303 040404 040404 0.5006 0.9717 0.5276 0.9711 0.5006 0.9543
t 811 813 803 040404 A2414B 040404 0.5276 0.9711 0.5536 0.9543 0.5006 0.9543
t 804 803 813 AB3D46 040404 A2414B 0.5536 0.9373 0.5006 0.9543 0.5536 0.9543
t 821 804 813 070405 AB3D46 A2414B 0.6065 0.9373 0.5536 0.9373 0.5536 0.9543
t 813 810 821 A2414B 040303 070405 0.5536 0.9543 0.6065 0.9543 0.6065 0.9373
t 807 821 810 71323B 070405 040303 0.6595 0.9373 0.6065 0.9373 0.6065 0.9543
t 810 809 807 040303 040404 71323B 0.6065 0.9543 0.6733 0.9562 0.6595 0.9373
t 805 807 809 040504 71323B 040404 0.7072 0.9500 0.6595 0.9373 0.6733 0.9562
t 785 784 822 0A0809 090807 070607 0.2887 0.9203 0.2365 0.9340 0.2652 0.9420
t 782 785 822 AE616A 0A0809 070607 0.3417 0.9373 0.2887 0.9203 0.2652 0.9420
t 822 823 782 070607 0D0506 AE616A 0.2652 0.9420 0.2939 0.9500 0.3417 0.9373
t 823 815 782 0D0506 060505 AE616A 0.2939 0.9500 0.3278 0.9562 0.3417 0.9373
t 815 800 782 060505 320509 AE616A 0.3278 0.9562 0.3946 0.9543 0.3417 0.9373
t 800 799 782 320509 36060B AE616A 0.3946 0.9543 0.3946 0.9373 0.3417 0.9373
t 780 782 799 B75E6B AE616A 36060B 0.3946 0.9203 0.3417 0.9373 0.3946 0.9373
t 788 780 799 B87A83 B75E6B 36060B 0.4476 0.9203 0.3946 0.9203 0.3946 0.9373
t 799 798 788 36060B AF2936 B87A83 0.3946 0.9373 0.4476 0.9373 0.4476 0.9203
t 790 788 798 B5848E B87A83 AF2936 0.5006 0.9203 0.4476 0.9203 0.4476 0.9373
t 798 802 790 AF2936 50090D B5848E 0.4476 0.9373 0.5006 0.9373 0.5006 0.9203
t 792 790 802 AF6E78 B5848E 50090D 0.5536 0.9203 0.5006 0.9203 0.5006 0.9373
t 802 804 792 50090D AB3D46 AF6E78 0.5006 0.9373 0.5536 0.9373 0.5536 0.9203
t 794 792 804 B6414D AF6E78 AB3D46 0.6065 0.9203 0.5536 0.9203 0.5536 0.9373
t 804 821 794 AB3D46 070405 B6414D 0.5536 0.9373 0.6065 0.9373 0.6065 0.9203
t 796 794 821 3B1317 B6414D 070405 0.6595 0.9203 0.6065 0.9203 0.6065 0.9373
t 821 807 796 070405 71323B 3B1317 0.6065 0.9373 0.6595 0.9373 0.6595 0.9203
t 779 796 807 090707 3B1317 71323B 0.7125 0.9203 0.6595 0.9203 0.6595 0.9373
t 807 806 779 71323B 090607 090707 0.6595 0.9373 0.7359 0.9420 0.7125 0.9203
t 777 779 806 222020 090707 090607 0.7647 0.9340 0.7125 0.9203 0.7359 0.9420
t 750 749 824 381318 1A1617 181315 0.2357 0.9032 0.1690 0.8937 0.1802 0.9038
t 824 825 750 181315 1B1818 381318 0.1802 0.9038 0.1913 0.9139 0.2357 0.9032
t 825 783 750 1B1818 0C0A0A 381318 0.1913 0.9139 0.2139 0.9240 0.2357 0.9032
t 783 785 750 0C0A0A 0A0809 381318 0.2139 0.9240 0.2887 0.9203 0.2357 0.9032
t 752 750 785 B05463 381318 0A0809 0.2887 0.9032 0.2357 0.9032 0.2887 0.9203
t 754 752 785 C37B88 B05463 0A0809 0.3417 0.9032 0.2887 0.9032 0.2887 0.9203
t 785 781 754 0A0809 58131A C37B88 0.2887 0.9203 0.3417 0.9203 0.3417 0.9032
t 781 786 754 58131A C599A3 C37B88 0.3417 0.9203 0.3946 0.9032 0.3417 0.9032
t 755 754 786 D1AAAD C37B88 C599A3 0.3946 0.8862 0.3417 0.9032 0.3946 0.9032
t 769 755 786 CFADB3 D1AAAD C599A3 0.4476 0.8862 0.3946 0.8862 0.3946 0.9032
t 786 787 769 C599A3 C6A6AE CFADB3 0.3946 0.9032 0.4476 0.9032 0.4476 0.8862
t 756 769 787 D3B8BF CFADB3 C6A6AE 0.5006 0.8862 0.4476 0.8862 0.4476 0.9032
t 787 789 756 C6A6AE C0A0A9 D3B8BF 0.4476 0.9032 0.5006 0.9032 0.5006 0.8862
t 757 756 789 D2ACB5 D3B8BF C0A0A9 0.5536 0.8862 0.5006 0.8862 0.5006 0.9032
t 789 791 757 C0A0A9 B8757E D2ACB5 0.5006 0.9032 0.5536 0.9032 0.5536 0.8862
t 760 757 791 CAA0AA D2ACB5 B8757E 0.6065 0.8862 0.5536 0.8862 0.5536 0.9032
t 791 793 760 B8757E AD5561 CAA0AA 0.5536 0.9032 0.6065 0.9032 0.6065 0.8862
t 762 760 793 944E56 CAA0AA AD5561 0.6595 0.8862 0.6065 0.8862 0.6065 0.9032
t 793 795 762 AD5561 9F525F 944E56 0.6065 0.9032 0.6595 0.9032 0.6595 0.8862
t 764 762 795 191214 944E56 9F525F 0.7125 0.8862 0.6595 0.8862 0.6595 0.9032
t 795 797 764 9F525F 833B45 191214 0.6595 0.9032 0.7125 0.9032 0.7125 0.8862
t 766 764 797 131012 191214 833B45 0.7654 0.8862 0.7125 0.8862 0.7125 0.9032
t 797 776 766 833B45 0F0D0F 131012 0.7125 0.9032 0.7654 0.9032 0.7654 0.8862
t 767 766 776 685F60 131012 0F0D0F 0.8322 0.8937 0.7654 0.8862 0.7654 0.9032
t 776 775 767 0F0D0F 5C5455 685F60 0.7654 0.9032 0.8210 0.9038 0.8322 0.8937
t 719 718 826 393743 0C0C0F 383641 0.1827 0.8351 0.1462 0.8249 0.1485 0.8371
t 826 725 719 383641 514C55 393743 0.1485 0.8371 0.1507 0.8494 0.1827 0.8351
t 725 724 719 514C55 5B565C 393743 0.1507 0.8494 0.1827 0.8521 0.1827 0.8351
t 694 719 724 4A4754 393743 5B565C 0.2357 0.8351 0.1827 0.8351 0.1827 0.8521
t 724 728 694 5B565C 696369 4A4754 0.1827 0.8521 0.2357 0.8521 0.2357 0.8351
t 695 694 728 4E4B58 4A4754 696369 0.2887 0.8351 0.2357 0.8351 0.2357 0.8521
t 728 730 695 696369 8C7779 4E4B58 0.2357 0.8521 0.2887 0.8521 0.2887 0.8351
t 698 695 730 78515D 4E4B58 8C7779 0.3417 0.8351 0.2887 0.8351 0.2887 0.8521
t 730 732 698 8C7779 AC8F91 78515D 0.2887 0.8521 0.3417 0.8521 0.3417 0.8351
t 700 698 732 D4939C 78515D AC8F91 0.3946 0.8351 0.3417 0.8351 0.3417 0.8521
t 732 734 700 AC8F91 F0DDDD D4939C 0.3417 0.8521 0.3946 0.8521 0.3946 0.8351
t 702 700 734 7C4250 D4939C F0DDDD 0.4476 0.8351 0.3946 0.8351 0.3946 0.8521
t 734 736 702 F0DDDD F2E1E2 7C4250 0.3946 0.8521 0.4476 0.8521 0.4476 0.8351
t 704 702 736 E2C2C9 7C4250 F2E1E2 0.5006 0.8351 0.4476 0.8351 0.4476 0.8521
t 736 738 704 F2E1E2 EDD6DA E2C2C9 0.4476 0.8521 0.5006 0.8521 0.5006 0.8351
t 706 704 738 6A3541 E2C2C9 EDD6DA 0.5536 0.8351 0.5006 0.8351 0.5006 0.8521
t 738 740 706 EDD6DA EAD5DA 6A3541 0.5006 0.8521 0.5536 0.8521 0.5536 0.8351
t 708 706 740 A64956 6A3541 EAD5DA 0.6065 0.8351 0.5536 0.8351 0.5536 0.8521
t 740 770 708 EAD5DA 553F48 A64956 0.5536 0.8521 0.6065 0.8521 0.6065 0.8351
t 710 708 770 19171F A64956 553F48 0.6595 0.8351 0.6065 0.8351 0.6065 0.8521
t 770 771 710 553F48 6B4048 19171F 0.6065 0.8521 0.6595 0.8521 0.6595 0.8351
t 712 710 771 151419 19171F 6B4048 0.7125 0.8351 0.6595 0.8351 0.6595 0.8521
t 771 772 712 6B4048 563138 151419 0.6595 0.8521 0.7125 0.8521 0.7125 0.8351
t 714 712 772 111015 151419 563138 0.7654 0.8351 0.7125 0.8351 0.7125 0.8521
t 772 773 714 563138 232128 111015 0.7125 0.8521 0.7654 0.8521 0.7654 0.8351
t 716 714 773 0E0D11 111015 232128 0.8184 0.8351 0.7654 0.8351 0.7654 0.8521
t 773 741 716 232128 1D1B21 0E0D11 0.7654 0.8521 0.8184 0.8521 0.8184 0.8351
t 741 743 716 1D1B21 5E5354 0E0D11 0.8184 0.8521 0.8504 0.8494 0.8184 0.8351
t 743 827 716 5E5354 585050 0E0D11 0.8504 0.8494 0.8527 0.8371 0.8184 0.8351
t 717 716 827 5B504F 0E0D11 585050 0.8549 0.8249 0.8184 0.8351 0.8527 0.8371
t 594 593 668 111115 272025 251D24 0.1827 0.7328 0.1370 0.7318 0.1376 0.7459
t 668 620 594 251D24 0F0F12 111115 0.1376 0.7459 0.1827 0.7499 0.1827 0.7328
t 620 622 594 0F0F12 111214 111115 0.1827 0.7499 0.2357 0.7328 0.1827 0.7328
t 598 594 622 17151B 111115 111214 0.2357 0.7158 0.1827 0.7328 0.2357 0.7328
t 614 598 622 0D0C0E 17151B 111214 0.2887 0.7158 0.2357 0.7158 0.2357 0.7328
t 622 623 614 111214 161519 0D0C0E 0.2357 0.7328 0.2887 0.7328 0.2887 0.7158
t 615 614 623 470E12 0D0C0E 161519 0.3417 0.7158 0.2887 0.7158 0.2887 0.7328
t 623 625 615 161519 0B0C0C 470E12 0.2887 0.7328 0.3417 0.7328 0.3417 0.7158
t 616 615 625 5A191C 470E12 0B0C0C 0.3946 0.7158 0.3417 0.7158 0.3417 0.7328
t 625 627 616 0B0C0C 090A0A 5A191C 0.3417 0.7328 0.3946 0.7328 0.3946 0.7158
t 617 616 627 561A1C 5A191C 090A0A 0.4476 0.7158 0.3946 0.7158 0.3946 0.7328
t 627 629 617 090A0A 310C10 561A1C 0.3946 0.7328 0.4476 0.7328 0.4476 0.7158
t 599 617 629 691117 561A1C 310C10 0.5006 0.7158 0.4476 0.7158 0.4476 0.7328
t 629 631 599 310C10 561014 691117 0.4476 0.7328 0.5006 0.7328 0.5006 0.7158
t 600 599 631 522123 691117 561014 0.5536 0.7158 0.5006 0.7158 0.5006 0.7328
t 631 633 600 561014 0D0A0A 522123 0.5006 0.7328 0.5536 0.7328 0.5536 0.7158
t 603 600 633 3E1013 522123 0D0A0A 0.6065 0.7158 0.5536 0.7158 0.5536 0.7328
t 633 635 603 0D0A0A 0A0A0A 3E1013 0.5536 0.7328 0.6065 0.7328 0.6065 0.7158
t 605 603 635 090909 3E1013 0A0A0A 0.6595 0.7158 0.6065 0.7158 0.6065 0.7328
t 635 637 605 0A0A0A 0A0A0A 090909 0.6065 0.7328 0.6595 0.7328 0.6595 0.7158
t 607 605 637 090909 090909 0A0A0A 0.7125 0.7158 0.6595 0.7158 0.6595 0.7328
t 637 639 607 0A0A0A 0D0D0E 090909 0.6595 0.7328 0.7125 0.7328 0.7125 0.7158
t 609 607 639 7A7A7B 090909 0D0D0E 0.7654 0.7158 0.7125 0.7158 0.7125 0.7328
t 639 641 609 0D0D0E 141414 7A7A7B 0.7125 0.7328 0.7654 0.7328 0.7654 0.7158
t 611 609 641 0D0D0D 7A7A7B 141414 0.8184 0.7158 0.7654 0.7158 0.7654 0.7328
t 641 643 611 141414 0A0A0A 0D0D0D 0.7654 0.7328 0.8184 0.7328 0.8184 0.7158
t 613 611 643 898583 0D0D0D 0A0A0A 0.8649 0.7177 0.8184 0.7158 0.8184 0.7328
t 828 613 643 837C7C 898583 0A0A0A 0.8642 0.7318 0.8649 0.7177 0.8184 0.7328
t 643 671 828 0A0A0A 807878 837C7C 0.8184 0.7328 0.8635 0.7459 0.8642 0.7318
t 387 386 415 2E303D 625E65 605B62 0.1827 0.4943 0.1363 0.4860 0.1363 0.5025
t 415 414 387 605B62 2D2F3B 2E303D 0.1363 0.5025 0.1827 0.5113 0.1827 0.4943
t 389 387 414 5B5D6C 2E303D 2D2F3B 0.2357 0.4943 0.1827 0.4943 0.1827 0.5113
t 414 418 389 2D2F3B 8F92A2 5B5D6C 0.1827 0.5113 0.2357 0.5113 0.2357 0.4943
t 391 389 418 888B97 5B5D6C 8F92A2 0.2887 0.4943 0.2357 0.4943 0.2357 0.5113
t 418 461 391 8F92A2 8E919F 888B97 0.2357 0.5113 0.2887 0.5113 0.2887 0.4943
t 393 391 461 7E7F89 888B97 8E919F 0.3417 0.4943 0.2887 0.4943 0.2887 0.5113
t 461 462 393 8E919F 242528 7E7F89 0.2887 0.5113 0.3417 0.5113 0.3417 0.4943
t 395 393 462 606168 7E7F89 242528 0.3946 0.4943 0.3417 0.4943 0.3417 0.5113
t 462 463 395 242528 393A3E 606168 0.3417 0.5113 0.3946 0.5113 0.3946 0.4943
t 397 395 463 78787F 606168 393A3E 0.4476 0.4943 0.3946 0.4943 0.3946 0.5113
t 463 419 397 393A3E 5F6065 78787F 0.3946 0.5113 0.4476 0.5113 0.4476 0.4943
t 419 421 397 5F6065 A7585C 78787F 0.4476 0.5113 0.5006 0.4943 0.4476 0.4943
t 398 397 421 985559 78787F A7585C 0.5006 0.4772 0.4476 0.4943 0.5006 0.4943
t 408 398 421 818388 985559 A7585C 0.5536 0.4772 0.5006 0.4772 0.5006 0.4943
t 421 422 408 A7585C 55555A 818388 0.5006 0.4943 0.5536 0.4943 0.5536 0.4772
t 409 408 422 797B7F 818388 55555A 0.6065 0.4772 0.5536 0.4772 0.5536 0.4943
t 422 424 409 55555A 606164 797B7F 0.5536 0.4943 0.6065 0.4943 0.6065 0.4772
t 399 409 424 747377 797B7F 606164 0.6595 0.4772 0.6065 0.4772 0.6065 0.4943
t 424 426 399 606164 535355 747377 0.6065 0.4943 0.6595 0.4943 0.6595 0.4772
t 400 399 426 444445 747377 535355 0.7125 0.4772 0.6595 0.4772 0.6595 0.4943
t 426 428 400 535355 87878A 444445 0.6595 0.4943 0.7125 0.4943 0.7125 0.4772
t 403 400 428 161616 444445 87878A 0.7654 0.4772 0.7125 0.4772 0.7125 0.4943
t 428 430 403 87878A 676767 161616 0.7125 0.4943 0.7654 0.4943 0.7654 0.4772
t 405 403 430 0E0E0E 161616 676767 0.8184 0.4772 0.7654 0.4772 0.7654 0.4943
t 430 432 405 676767 111111 0E0E0E 0.7654 0.4943 0.8184 0.4943 0.8184 0.4772
t 407 405 432 878281 0E0E0E 111111 0.8649 0.4860 0.8184 0.4772 0.8184 0.4943
t 432 434 407 111111 8D8887 878281 0.8184 0.4943 0.8649 0.5025 0.8649 0.4860
part deck
v -6.117 -14.226 -36.854
v -6.117 -14.199 -34.806
v -4.078 -14.199 -34.806
v -4.078 -14.226 -36.854
v -2.039 -14.199 -34.806
v -2.039 -14.226 -36.854
v -0.000 -14.199 -34.806
v -0.000 -14.226 -36.854
v 2.039 -14.199 -34.806
v 2.039 -14.226 -36.854
v 4.078 -14.199 -34.806
v 4.078 -14.226 -36.854
v 6.117 -14.199 -34.806
v 6.117 -14.199 -32.759
v 8.156 -14.199 -32.759
v 8.156 -14.199 -34.806
v 10.195 -14.199 -32.759
v 10.195 -14.199 -34.806
v 12.234 -14.216 -32.759
v 12.234 -14.199 -34.806
v 13.792 -14.197 -33.238
v 13.747 -14.208 -34.849
v -13.832 -14.289 -31.590
v -13.871 -14.381 -29.942
v -12.234 -14.328 -30.711
v -12.234 -14.216 -32.759
v -10.195 -14.300 -30.711
v -10.195 -14.199 -32.759
v -8.156 -14.272 -30.711
v -8.156 -14.199 -32.759
v -6.117 -14.244 -30.711
v -6.117 -14.199 -32.759
v -4.078 -14.216 -30.711
v -4.078 -14.199 -32.759
v -2.039 -14.199 -30.711
v -2.039 -14.199 -32.759
v -0.000 -14.199 -30.711
v -0.000 -14.199 -32.759
v 2.039 -14.199 -30.711
v 2.039 -14.199 -32.759
v 4.078 -14.216 -30.711
v 4.078 -14.199 -32.759
v 6.117 -14.244 -30.711
v 8.156 -14.272 -30.711
v 10.195 -14.300 -30.711
v 12.234 -14.328 -30.711
v 13.832 -14.289 -31.590
v 13.871 -14.381 -29.942
v -8.156 -14.317 -28.664
v -6.117 -14.285 -28.664
v -4.078 -14.256 -28.664
v -2.039 -14.227 -28.664
v -0.000 -14.199 -28.664
v 2.039 -14.227 -28.664
v 4.078 -14.256 -28.664
v 6.117 -14.285 -28.664
v 8.156 -14.317 -28.664
v 10.195 -14.373 -28.664
v 12.234 -14.430 -28.664
v -13.792 -14.197 -33.238
v -12.234 -14.199 -34.806
v -10.195 -14.199 -34.806
v -8.156 -14.199 -34.806
v -13.559 -14.403 -39.570
v -13.630 -14.311 -38.015
v -12.234 -14.349 -38.901
v -12.234 -14.558 -40.948
v -10.195 -14.349 -38.901
v -10.195 -14.558 -40.948
v -8.156 -14.349 -38.901
v -8.156 -14.558 -40.948
v -6.117 -14.349 -38.901
v -4.078 -14.349 -38.901
v -2.039 -14.349 -38.901
v -0.000 -14.349 -38.901
v 2.039 -14.349 -38.901
v 4.078 -14.349 -38.901
v 6.117 -14.226 -36.854
v 6.117 -14.349 -38.901
v 8.156 -14.226 -36.854
v 8.156 -14.349 -38.901
v 10.195 -14.226 -36.854
v 10.195 -14.349 -38.901
v 12.234 -14.226 -36.854
v 12.234 -14.349 -38.901
v 13.630 -14.311 -38.015
v 13.559 -14.403 -39.570
v -13.701 -14.219 -36.459
v -12.234 -14.226 -36.854
v -10.195 -14.226 -36.854
v -8.156 -14.226 -36.854
v 13.701 -14.219 -36.459
v -13.470 -14.584 -41.075
v -6.117 -14.558 -40.948
v -4.078 -14.558 -40.948
v -2.039 -14.558 -40.948
v -0.000 -14.558 -40.948
v 2.039 -14.558 -40.948
v 4.078 -14.558 -40.948
v 6.117 -14.558 -40.948
v 8.156 -14.558 -40.948
v 10.195 -14.558 -40.948
v 12.234 -14.558 -40.948
v -12.253 -16.559 -49.351
v -12.684 -16.093 -48.082
v -10.195 -16.462 -49.138
v -11.823 -17.026 -50.619
v -10.957 -17.645 -51.873
v -8.156 -17.304 -51.186
v -8.156 -16.462 -49.138
v -6.117 -16.462 -49.138
v -6.117 -17.304 -51.186
v -4.078 -16.462 -49.138
v -4.078 -17.304 -51.186
v -2.039 -16.462 -49.138
v -2.039 -17.304 -51.186
v -0.000 -16.462 -49.138
v -0.000 -17.304 -51.186
v 2.039 -16.462 -49.138
v 2.039 -15.790 -47.091
v 4.078 -15.790 -47.091
v 4.078 -16.462 -49.138
v 6.117 -15.790 -47.091
v 6.117 -16.462 -49.138
v 8.156 -15.790 -47.091
v 8.156 -16.462 -49.138
v 10.195 -15.790 -47.091
v 10.195 -16.462 -49.138
v 12.684 -16.093 -48.082
v 12.253 -16.559 -49.351
v -13.170 -15.327 -45.477
v -13.275 -15.046 -44.028
v -10.195 -15.236 -45.043
v -12.927 -15.710 -46.780
v -10.195 -15.790 -47.091
v -8.156 -15.236 -45.043
v -8.156 -15.790 -47.091
v -6.117 -15.236 -45.043
v -6.117 -15.790 -47.091
v -4.078 -15.236 -45.043
v -4.078 -15.790 -47.091
v -2.039 -15.236 -45.043
v -2.039 -15.790 -47.091
v -0.000 -15.236 -45.043
v -0.000 -15.790 -47.091
v 2.039 -15.236 -45.043
v 4.078 -15.236 -45.043
v 6.117 -15.236 -45.043
v 6.117 -14.839 -42.996
v 8.156 -14.839 -42.996
v 8.156 -15.236 -45.043
v 10.195 -14.839 -42.996
v 10.195 -15.236 -45.043
v 12.234 -14.839 -42.996
v 13.275 -15.046 -44.028
v 13.170 -15.327 -45.477
v -13.380 -14.764 -42.579
v -12.234 -14.839 -42.996
v -10.195 -14.839 -42.996
v -8.156 -14.839 -42.996
v -6.117 -14.839 -42.996
v -4.078 -14.839 -42.996
v -2.039 -14.839 -42.996
v -0.000 -14.839 -42.996
v 2.039 -14.839 -42.996
v 4.078 -14.839 -42.996
v 13.380 -14.764 -42.579
v 12.927 -15.710 -46.780
v -8.994 -18.815 -54.090
v -10.091 -18.265 -53.127
v -8.156 -18.334 -53.233
v -7.896 -19.365 -55.054
v -6.117 -18.334 -53.233
v -6.599 -19.765 -55.771
v -4.078 -19.524 -55.280
v -4.078 -18.334 -53.233
v -2.039 -18.334 -53.233
v -2.039 -19.524 -55.280
v -0.000 -18.334 -53.233
v 2.039 -17.304 -51.186
v 2.039 -18.334 -53.233
v 4.078 -17.304 -51.186
v 4.078 -18.334 -53.233
v 6.117 -17.304 -51.186
v 6.117 -18.334 -53.233
v 8.156 -17.304 -51.186
v 8.156 -18.334 -53.233
v 10.091 -18.265 -53.127
v 8.994 -18.815 -54.090
v 10.957 -17.646 -51.873
v 11.823 -17.026 -50.619
v -5.301 -20.165 -56.487
v -3.684 -20.375 -56.940
v -2.068 -20.586 -57.393
v -1.034 -20.614 -57.465
v -0.000 -19.524 -55.280
v -0.000 -20.642 -57.537
v 1.034 -20.614 -57.465
v 2.039 -19.524 -55.280
v 2.068 -20.586 -57.393
v 3.684 -20.375 -56.940
v 4.078 -19.524 -55.280
v 6.599 -19.765 -55.771
v 7.896 -19.365 -55.054
v 5.301 -20.165 -56.487
v -13.747 -14.208 -34.849
v 13.470 -14.584 -41.075
v 12.234 -14.539 -26.616
v 13.921 -14.559 -26.617
v 13.896 -14.470 -28.279
v 13.921 -14.559 -24.645
v 12.234 -14.540 -24.569
v 10.195 -14.483 -26.616
v 10.195 -14.483 -24.569
v 8.156 -14.426 -26.616
v 8.156 -14.426 -24.569
v 6.117 -14.369 -26.616
v 6.117 -14.369 -24.569
v 4.078 -14.312 -26.616
v -10.195 -14.373 -28.664
v -10.195 -14.483 -26.616
v -8.156 -14.426 -26.616
v -12.234 -14.430 -28.664
v -12.234 -14.539 -26.616
v -13.896 -14.470 -28.279
v -13.921 -14.559 -26.617
v -13.921 -14.559 -24.645
v 13.921 -14.559 -20.702
v 13.921 -14.559 -22.673
v 12.234 -14.540 -22.522
v 4.078 -14.312 -24.569
v 4.078 -14.312 -22.522
v 6.117 -14.369 -22.522
v 2.039 -14.255 -24.569
v 2.039 -14.255 -22.522
v -0.000 -14.199 -24.569
v -0.000 -14.199 -22.522
v -2.039 -14.255 -24.569
v -2.039 -14.255 -22.522
v -4.078 -14.312 -24.569
v -4.078 -14.312 -22.522
v -6.117 -14.369 -24.569
v -6.117 -14.369 -22.522
v -8.156 -14.426 -24.569
v -8.156 -14.426 -22.522
v -10.195 -14.483 -24.569
v -10.195 -14.483 -22.522
v -12.234 -14.540 -24.569
v -12.234 -14.540 -22.522
v -13.921 -14.559 -22.673
v -13.921 -14.559 -20.702
v 10.195 -14.483 -22.522
v 8.156 -14.426 -22.522
v 2.039 -14.255 -26.616
v -0.000 -14.199 -26.616
v -2.039 -14.255 -26.616
v -4.078 -14.312 -26.616
v -6.117 -14.369 -26.616
v 12.234 -14.540 -20.474
v 12.234 -14.540 -18.427
v 13.921 -14.559 -18.730
v 10.195 -14.483 -20.474
v 10.195 -14.483 -18.427
v 8.156 -14.426 -20.474
v 8.156 -14.426 -18.427
v 6.117 -14.369 -20.474
v 6.117 -14.369 -18.427
v 4.078 -14.312 -20.474
v 4.078 -14.312 -18.427
v 2.039 -14.255 -20.474
v 2.039 -14.255 -18.427
v -0.000 -14.199 -20.474
v -0.000 -14.199 -18.427
v -2.039 -14.255 -20.474
v -2.039 -14.255 -18.427
v -4.078 -14.312 -20.474
v -4.078 -14.312 -18.427
v -6.117 -14.369 -20.474
v -6.117 -14.369 -18.427
v -8.156 -14.426 -20.474
v -8.156 -14.426 -18.427
v -10.195 -14.483 -20.474
v 13.921 -14.559 -14.787
v 13.921 -14.559 -16.759
v 12.234 -14.540 -16.379
v 12.234 -14.540 -14.332
v 10.195 -14.483 -16.379
v 10.195 -14.483 -14.332
v 8.156 -14.426 -16.379
v 8.156 -14.426 -14.332
v 6.117 -14.369 -16.379
v 6.117 -14.369 -14.332
v 4.078 -14.312 -16.379
v 4.078 -14.312 -14.332
v 2.039 -14.255 -16.379
v 2.039 -14.255 -14.332
v -0.000 -14.199 -16.379
v -0.000 -14.199 -14.332
v -2.039 -14.255 -16.379
v -10.195 -14.483 -18.427
v -10.195 -14.483 -16.379
v -8.156 -14.426 -16.379
v -12.234 -14.540 -18.427
v -12.234 -14.540 -16.379
v -13.921 -14.559 -16.759
v -13.921 -14.559 -14.787
v -4.078 -14.312 -16.379
v -6.117 -14.369 -16.379
v -12.234 -14.540 -20.474
v -13.921 -14.559 -18.730
v 13.921 -14.559 -10.844
v 13.921 -14.559 -12.815
v 12.234 -14.540 -12.285
v 12.234 -14.540 -10.237
v 10.195 -14.483 -12.285
v 10.195 -14.483 -10.237
v 8.156 -14.426 -12.285
v 8.156 -14.426 -10.237
v 6.117 -14.369 -12.285
v -2.039 -14.255 -14.332
v -2.039 -14.255 -12.285
v -0.000 -14.199 -12.285
v -4.078 -14.312 -14.332
v -4.078 -14.312 -12.285
v -6.117 -14.369 -14.332
v -6.117 -14.369 -12.285
v -8.156 -14.426 -14.332
v -8.156 -14.426 -12.285
v -10.195 -14.483 -14.332
v -10.195 -14.483 -12.285
v -12.234 -14.540 -14.332
v -12.234 -14.540 -12.285
v -13.921 -14.559 -12.815
v -13.921 -14.559 -10.844
v 13.921 -14.559 -6.901
v 13.921 -14.559 -8.872
v 12.234 -14.540 -8.190
v 6.117 -14.369 -10.237
v 6.117 -14.369 -8.190
v 8.156 -14.426 -8.190
v 4.078 -14.312 -10.237
v 4.078 -14.312 -8.190
v 2.039 -14.255 -10.237
v 2.039 -14.255 -8.190
v -0.000 -14.199 -10.237
v -0.000 -14.199 -8.190
v -2.039 -14.255 -10.237
v -2.039 -14.255 -8.190
v -4.078 -14.312 -10.237
v -4.078 -14.312 -8.190
v -6.117 -14.369 -10.237
v -6.117 -14.369 -8.190
v -8.156 -14.426 -10.237
v -8.156 -14.426 -8.190
v -10.195 -14.483 -10.237
v -10.195 -14.483 -8.190
v -12.234 -14.540 -10.237
v -12.234 -14.540 -8.190
v -13.921 -14.559 -8.872
v 10.195 -14.483 -8.190
v 4.078 -14.312 -12.285
v 2.039 -14.255 -12.285
v 12.234 -14.540 -6.142
v 12.234 -14.540 -4.095
v 13.921 -14.559 -4.929
v 10.195 -14.483 -6.142
v 10.195 -14.483 -4.095
v 8.156 -14.426 -6.142
v 8.156 -14.426 -4.095
v 6.117 -14.369 -6.142
v 6.117 -14.369 -4.095
v 4.078 -14.312 -6.142
v 4.078 -14.312 -4.095
v 2.039 -14.255 -6.142
v 2.039 -14.255 -4.095
v -0.000 -14.199 -6.142
v -0.000 -14.199 -4.095
v -2.039 -14.255 -6.142
v -2.039 -14.255 -4.095
v -4.078 -14.312 -6.142
v -4.078 -14.312 -4.095
v -6.117 -14.369 -6.142
v -6.117 -14.369 -4.095
v -8.156 -14.426 -6.142
v -13.921 -14.559 -6.901
v -13.921 -14.559 -4.929
v -12.234 -14.540 -6.142
v 13.921 -14.559 -0.986
v 13.921 -14.559 -2.957
v 12.234 -14.540 -2.047
v 12.234 -14.540 -0.000
v 10.195 -14.483 -2.047
v 10.195 -14.483 -0.000
v 8.156 -14.426 -2.047
v 8.156 -14.426 -0.000
v 6.117 -14.369 -2.047
v 6.117 -14.369 -0.000
v 4.078 -14.312 -2.047
v 4.078 -14.312 -0.000
v 2.039 -14.255 -2.047
v 2.039 -14.255 -0.000
v -0.000 -14.199 -2.047
v -8.156 -14.426 -4.095
v -8.156 -14.426 -2.047
v -6.117 -14.369 -2.047
v -10.195 -14.483 -4.095
v -10.195 -14.483 -2.047
v -12.234 -14.540 -4.095
v -12.234 -14.540 -2.047
v -13.921 -14.559 -2.957
v -13.921 -14.559 -0.986
v -2.039 -14.255 -2.047
v -4.078 -14.312 -2.047
v -10.195 -14.483 -6.142
v 13.921 -14.559 2.957
v 13.921 -14.559 0.986
v 12.234 -14.540 2.047
v 12.234 -14.540 4.095
v 10.195 -14.483 2.047
v -0.000 -14.199 -0.000
v -0.000 -14.199 2.047
v 2.039 -14.255 2.047
v -2.039 -14.255 -0.000
v -2.039 -14.255 2.047
v -4.078 -14.312 -0.000
v -4.078 -14.312 2.047
v -6.117 -14.369 -0.000
v -6.117 -14.369 2.047
v -8.156 -14.426 -0.000
v -8.156 -14.426 2.047
v -10.195 -14.483 -0.000
v -10.195 -14.483 2.047
v -12.234 -14.540 -0.000
v -12.234 -14.540 2.047
v -13.921 -14.559 0.986
v -13.921 -14.559 2.957
v 10.195 -14.483 4.095
v 10.195 -14.483 6.142
v 12.234 -14.540 6.142
v 8.156 -14.426 4.095
v 8.156 -14.426 6.142
v 6.117 -14.369 4.095
v 6.117 -14.369 6.142
v 4.078 -14.312 4.095
v 4.078 -14.312 6.142
v 2.039 -14.255 4.095
v 2.039 -14.255 6.142
v -0.000 -14.199 4.095
v -0.000 -14.199 6.142
v -2.039 -14.255 4.095
v -2.039 -14.255 6.142
v -4.078 -14.312 4.095
v -4.078 -14.312 6.142
v -6.117 -14.369 4.095
v -6.117 -14.369 6.142
v -8.156 -14.426 4.095
v -8.156 -14.426 6.142
v -10.195 -14.483 4.095
v -10.195 -14.483 6.142
v -12.234 -14.540 4.095
v 13.921 -14.559 4.929
v 8.156 -14.426 2.047
v 6.117 -14.369 2.047
v 4.078 -14.312 2.047
v -13.921 -14.559 4.929
v 13.921 -14.559 8.872
v 13.921 -14.559 6.901
v 12.234 -14.540 8.190
v 12.234 -14.540 10.237
v 10.195 -14.483 8.190
v 10.195 -14.483 10.237
v 8.156 -14.426 8.190
v 8.156 -14.426 10.237
v 6.117 -14.369 8.190
v 6.117 -14.369 10.237
v 4.078 -14.312 8.190
v 4.078 -14.312 10.237
v 2.039 -14.255 8.190
v 2.039 -14.255 10.237
v -0.000 -14.199 8.190
v -0.000 -14.199 10.237
v -2.039 -14.255 8.190
v -2.039 -14.255 10.237
v -4.078 -14.312 8.190
v -12.234 -14.540 6.142
v -12.234 -14.540 8.190
v -10.195 -14.483 8.190
v -13.921 -14.559 6.901
v -13.921 -14.559 8.872
v 13.921 -14.559 12.815
v 13.921 -14.559 10.844
v 12.234 -14.540 12.285
v 12.234 -14.540 14.332
v 10.195 -14.483 12.285
v 10.195 -14.483 14.332
v 8.156 -14.426 12.285
v 8.156 -14.426 14.332
v 6.117 -14.369 12.285
v 6.117 -14.369 14.332
v 4.078 -14.312 12.285
v -4.078 -14.312 10.237
v -4.078 -14.312 12.285
v -2.039 -14.255 12.285
v -6.117 -14.369 10.237
v -6.117 -14.369 12.285
v -8.156 -14.426 10.237
v -8.156 -14.426 12.285
v -10.195 -14.483 10.237
v -10.195 -14.483 12.285
v -12.234 -14.540 10.237
v -12.234 -14.540 12.285
v -13.921 -14.559 10.844
v -13.921 -14.559 12.815
v 2.039 -14.255 12.285
v -0.000 -14.199 12.285
v -6.117 -14.369 8.190
v -8.156 -14.426 8.190
v 13.921 -14.559 16.759
v 13.921 -14.559 14.787
v 12.234 -14.540 16.379
v 4.078 -14.312 14.332
v 4.078 -14.312 16.379
v 6.117 -14.369 16.379
v 2.039 -14.255 14.332
v 2.039 -14.255 16.379
v -0.000 -14.199 14.332
v -0.000 -14.199 16.379
v -2.039 -14.255 14.332
v -2.039 -14.255 16.379
v -4.078 -14.312 14.332
v -4.078 -14.312 16.379
v -6.117 -14.369 14.332
v -6.117 -14.369 16.379
v -8.156 -14.426 14.332
v -8.156 -14.426 16.379
v -10.195 -14.483 14.332
v -10.195 -14.483 16.379
v -12.234 -14.540 14.332
v -12.234 -14.540 16.379
v -13.921 -14.559 14.787
v -13.921 -14.559 16.759
v 12.234 -14.540 18.427
v 12.234 -14.540 20.474
v 13.921 -14.559 18.730
v 10.195 -14.483 18.427
v 10.195 -14.483 20.474
v 8.156 -14.426 18.427
v 8.156 -14.426 20.474
v 6.117 -14.369 18.427
v 6.117 -14.369 20.474
v 4.078 -14.312 18.427
v 4.078 -14.312 20.474
v 2.039 -14.255 18.427
v 2.039 -14.255 20.474
v -0.000 -14.199 18.427
v -0.000 -14.199 20.474
v -2.039 -14.255 18.427
v -2.039 -14.255 20.474
v -4.078 -14.312 18.427
v -4.078 -14.312 20.474
v -6.117 -14.369 18.427
v -6.117 -14.369 20.474
v -8.156 -14.426 18.427
v -8.156 -14.426 20.474
v -10.195 -14.483 18.427
v 10.195 -14.483 16.379
v 8.156 -14.426 16.379
v -12.234 -14.540 18.427
v -13.921 -14.559 18.730
v 13.921 -14.559 22.673
v 13.921 -14.559 20.702
v 12.234 -14.540 22.522
v 12.234 -14.540 24.569
v 10.195 -14.483 22.522
v 10.195 -14.483 24.569
v 8.156 -14.426 22.522
v 8.156 -14.426 24.569
v 6.117 -14.369 22.522
v 6.117 -14.369 24.569
v 4.078 -14.312 22.522
v 4.078 -14.312 24.569
v 2.039 -14.255 22.522
v 2.039 -14.255 24.569
v -0.000 -14.199 22.522
v -0.000 -14.199 24.569
v -2.039 -14.255 22.522
v -10.195 -14.483 20.474
v -10.195 -14.483 22.522
v -8.156 -14.426 22.522
v -12.234 -14.540 20.474
v -12.234 -14.540 22.522
v -13.921 -14.559 20.702
v -13.921 -14.559 22.673
v -12.234 -14.539 26.616
v -13.921 -14.559 26.617
v -13.896 -14.470 28.279
v 13.921 -14.559 26.617
v 13.921 -14.559 24.645
v 12.234 -14.539 26.616
v 13.896 -14.470 28.279
v 12.234 -14.430 28.664
v 10.195 -14.483 26.616
v -2.039 -14.255 24.569
v -2.039 -14.255 26.616
v -0.000 -14.199 26.616
v -4.078 -14.312 24.569
v -4.078 -14.312 26.616
v -6.117 -14.369 24.569
v -6.117 -14.369 26.616
v -8.156 -14.426 24.569
v -8.156 -14.426 26.616
v -10.195 -14.483 24.569
v -10.195 -14.483 26.616
v -12.234 -14.540 24.569
v -13.921 -14.559 24.645
v 8.156 -14.426 26.616
v 6.117 -14.369 26.616
v 4.078 -14.312 26.616
v 2.039 -14.255 26.616
v -4.078 -14.312 22.522
v -6.117 -14.369 22.522
v 10.195 -14.373 28.664
v 10.195 -14.300 30.711
v 12.234 -14.328 30.711
v 8.156 -14.317 28.664
v 8.156 -14.272 30.711
v 6.117 -14.285 28.664
v 6.117 -14.244 30.711
v 4.078 -14.256 28.664
v 4.078 -14.216 30.711
v 2.039 -14.227 28.664
v 2.039 -14.199 30.711
v -0.000 -14.199 28.664
v -0.000 -14.199 30.711
v -2.039 -14.227 28.664
v -2.039 -14.199 30.711
v -4.078 -14.256 28.664
v -4.078 -14.216 30.711
v -6.117 -14.285 28.664
v -6.117 -14.244 30.711
v -8.156 -14.317 28.664
v -8.156 -14.272 30.711
v -10.195 -14.373 28.664
v -10.195 -14.300 30.711
v -12.234 -14.430 28.664
v 13.792 -14.197 33.238
v 13.832 -14.289 31.590
v 12.234 -14.216 32.759
v 12.234 -14.199 34.806
v 10.195 -14.199 32.759
v 10.195 -14.199 34.806
v 8.156 -14.199 32.759
v 8.156 -14.199 34.806
v 6.117 -14.199 32.759
v 6.117 -14.199 34.806
v 4.078 -14.199 32.759
v 4.078 -14.199 34.806
v 2.039 -14.199 32.759
v 2.039 -14.199 34.806
v -0.000 -14.199 32.759
v -0.000 -14.199 34.806
v -2.039 -14.199 32.759
v -2.039 -14.199 34.806
v -4.078 -14.199 32.759
v -12.234 -14.328 30.711
v -12.234 -14.216 32.759
v -10.195 -14.199 32.759
v -13.832 -14.289 31.590
v -13.792 -14.197 33.238
v 13.871 -14.381 29.942
v -6.117 -14.199 32.759
v -8.156 -14.199 32.759
v -13.871 -14.381 29.942
v -12.234 -14.199 34.806
v -13.747 -14.208 34.849
v -13.701 -14.219 36.459
v 13.630 -14.311 38.015
v 13.701 -14.219 36.459
v 12.234 -14.226 36.854
v 12.234 -14.349 38.901
v 10.195 -14.226 36.854
v 10.195 -14.349 38.901
v 8.156 -14.226 36.854
v -4.078 -14.199 34.806
v -4.078 -14.226 36.854
v -2.039 -14.226 36.854
v -6.117 -14.199 34.806
v -6.117 -14.226 36.854
v -8.156 -14.199 34.806
v -8.156 -14.226 36.854
v -10.195 -14.199 34.806
v -10.195 -14.226 36.854
v -12.234 -14.226 36.854
v -13.630 -14.311 38.015
v 8.156 -14.349 38.901
v 8.156 -14.558 40.948
v 10.195 -14.558 40.948
v 6.117 -14.349 38.901
v 6.117 -14.558 40.948
v 4.078 -14.349 38.901
v 4.078 -14.558 40.948
v 2.039 -14.349 38.901
v 2.039 -14.558 40.948
v -0.000 -14.349 38.901
v -0.000 -14.558 40.948
v -2.039 -14.349 38.901
v -2.039 -14.558 40.948
v -4.078 -14.349 38.901
v -4.078 -14.558 40.948
v -6.117 -14.349 38.901
v -6.117 -14.558 40.948
v -8.156 -14.349 38.901
v -8.156 -14.558 40.948
v -10.195 -14.349 38.901
v -10.195 -14.558 40.948
v -12.234 -14.349 38.901
v -12.234 -14.558 40.948
v -13.559 -14.403 39.570
v 13.559 -14.403 39.570
v 12.234 -14.558 40.948
v 6.117 -14.226 36.854
v 4.078 -14.226 36.854
v 2.039 -14.226 36.854
v -0.000 -14.226 36.854
v 13.747 -14.208 34.849
v 13.275 -15.046 44.028
v 13.380 -14.764 42.579
v 12.234 -14.839 42.996
v 10.195 -15.236 45.043
v 10.195 -14.839 42.996
v 8.156 -14.839 42.996
v 8.156 -15.236 45.043
v 6.117 -14.839 42.996
v 6.117 -15.236 45.043
v 4.078 -14.839 42.996
v 4.078 -15.236 45.043
v 2.039 -14.839 42.996
v 2.039 -15.236 45.043
v -0.000 -14.839 42.996
v -0.000 -15.236 45.043
v -2.039 -14.839 42.996
v -2.039 -15.236 45.043
v -4.078 -14.839 42.996
v -13.380 -14.764 42.579
v -13.275 -15.046 44.028
v -12.234 -14.839 42.996
v -12.927 -15.710 46.780
v -10.195 -15.236 45.043
v -13.170 -15.327 45.477
v 12.684 -16.093 48.082
v 12.927 -15.710 46.780
v 10.195 -15.790 47.091
v 10.195 -16.462 49.138
v 8.156 -15.790 47.091
v 8.156 -16.462 49.138
v 6.117 -15.790 47.091
v 6.117 -16.462 49.138
v 4.078 -15.790 47.091
v 4.078 -16.462 49.138
v 2.039 -15.790 47.091
v 2.039 -16.462 49.138
v -0.000 -15.790 47.091
v -4.078 -15.236 45.043
v -4.078 -15.790 47.091
v -2.039 -15.790 47.091
v -6.117 -15.236 45.043
v -6.117 -15.790 47.091
v -8.156 -15.236 45.043
v -8.156 -15.790 47.091
v -10.195 -15.790 47.091
v -12.684 -16.093 48.082
v 13.170 -15.327 45.477
v -6.117 -14.839 42.996
v -8.156 -14.839 42.996
v -10.195 -14.839 42.996
v -10.195 -16.462 49.138
v -12.253 -16.559 49.351
v -11.823 -17.026 50.619
v -8.156 -17.304 51.186
v -10.957 -17.645 51.873
v -10.091 -18.265 53.127
v 8.156 -17.304 51.186
v 10.091 -18.265 53.127
v 10.957 -17.646 51.873
v 8.156 -18.334 53.233
v 6.117 -17.304 51.186
v 6.117 -18.334 53.233
v 4.078 -17.304 51.186
v 4.078 -18.334 53.233
v 2.039 -17.304 51.186
v -0.000 -16.462 49.138
v -0.000 -17.304 51.186
v -2.039 -16.462 49.138
v -2.039 -17.304 51.186
v -4.078 -16.462 49.138
v -4.078 -17.304 51.186
v -6.117 -16.462 49.138
v -6.117 -17.304 51.186
v -8.156 -16.462 49.138
v 2.039 -18.334 53.233
v 2.039 -19.524 55.280
v 4.078 -19.524 55.280
v -0.000 -18.334 53.233
v -0.000 -19.524 55.280
v -2.039 -18.334 53.233
v -7.896 -19.365 55.054
v -6.117 -18.334 53.233
v -8.156 -18.334 53.233
v -8.994 -18.815 54.090
v -4.078 -19.524 55.280
v -6.599 -19.765 55.771
v -5.301 -20.165 56.487
v -2.039 -19.524 55.280
v -2.068 -20.586 57.393
v -1.034 -20.614 57.465
v -3.684 -20.375 56.940
v 5.301 -20.165 56.487
v 6.599 -19.765 55.771
v 3.684 -20.375 56.940
v 2.068 -20.586 57.393
v 1.034 -20.614 57.465
v -0.000 -20.642 57.537
v -4.078 -18.334 53.233
v 8.994 -18.815 54.090
v 7.896 -19.365 55.054
v 12.253 -16.559 49.351
v 11.823 -17.026 50.619
v 13.470 -14.584 41.075
v -13.470 -14.584 41.075
t 0 1 2 3B3636 333333 3E3838 0.3631 0.2005 0.3631 0.2172 0.4083 0.2172
t 2 3 0 3E3838 363636 3B3636 0.4083 0.2172 0.4083 0.2005 0.3631 0.2005
t 3 2 4 363636 3E3838 853B3B 0.4083 0.2005 0.4083 0.2172 0.4535 0.2172
t 4 5 3 853B3B 3A3839 363636 0.4535 0.2172 0.4535 0.2005 0.4083 0.2005
t 5 4 6 3A3839 853B3B 624747 0.4535 0.2005 0.4535 0.2172 0.4987 0.2172
t 6 7 5 624747 BEBDBD 3A3839 0.4987 0.2172 0.4987 0.2005 0.4535 0.2005
t 7 6 8 BEBDBD 624747 6F3534 0.4987 0.2005 0.4987 0.2172 0.5439 0.2172
t 8 9 7 6F3534 3A3838 BEBDBD 0.5439 0.2172 0.5439 0.2005 0.4987 0.2005
t 9 8 10 3A3838 6F3534 AE9494 0.5439 0.2005 0.5439 0.2172 0.5891 0.2172
t 10 11 9 AE9494 5A4343 3A3838 0.5891 0.2172 0.5891 0.2005 0.5439 0.2005
t 10 12 11 AE9494 442929 5A4343 0.5891 0.2172 0.6343 0.2172 0.5891 0.2005
t 12 10 13 442929 AE9494 B32C2B 0.6343 0.2172 0.5891 0.2172 0.6343 0.2339
t 12 13 14 442929 B32C2B FBF0F0 0.6343 0.2172 0.6343 0.2339 0.6795 0.2339
t 14 15 12 FBF0F0 FEFDFE 442929 0.6795 0.2339 0.6795 0.2172 0.6343 0.2172
t 15 14 16 FEFDFE FBF0F0 E51D1D 0.6795 0.2172 0.6795 0.2339 0.7248 0.2339
t 16 17 15 E51D1D 871F1F FEFDFE 0.7248 0.2339 0.7248 0.2172 0.6795 0.2172
t 17 16 18 871F1F E51D1D E1B9B9 0.7248 0.2172 0.7248 0.2339 0.7700 0.2339
t 18 19 17 E1B9B9 AD9494 871F1F 0.7700 0.2339 0.7700 0.2172 0.7248 0.2172
t 19 18 20 AD9494 E1B9B9 71463F 0.7700 0.2172 0.7700 0.2339 0.8045 0.2300
t 20 21 19 71463F 4D463E AD9494 0.8045 0.2300 0.8035 0.2169 0.7700 0.2172
t 22 23 24 BE544C D9ADA5 B71817 0.1920 0.2435 0.1912 0.2569 0.2275 0.2506
t 24 25 22 B71817 1B1819 BE544C 0.2275 0.2506 0.2275 0.2339 0.1920 0.2435
t 25 24 26 1B1819 B71817 ECDCDB 0.2275 0.2339 0.2275 0.2506 0.2727 0.2506
t 26 27 25 ECDCDB 2B2121 1B1819 0.2727 0.2506 0.2727 0.2339 0.2275 0.2339
t 27 26 28 2B2121 ECDCDB 852929 0.2727 0.2339 0.2727 0.2506 0.3179 0.2506
t 28 29 27 852929 322828 2B2121 0.3179 0.2506 0.3179 0.2339 0.2727 0.2339
t 29 28 30 322828 852929 F6D1D1 0.3179 0.2339 0.3179 0.2506 0.3631 0.2506
t 30 31 29 F6D1D1 353030 322828 0.3631 0.2506 0.3631 0.2339 0.3179 0.2339
t 31 30 32 353030 F6D1D1 EF7574 0.3631 0.2339 0.3631 0.2506 0.4083 0.2506
t 32 33 31 EF7574 4A3636 353030 0.4083 0.2506 0.4083 0.2339 0.3631 0.2339
t 33 32 34 4A3636 EF7574 FAEEEE 0.4083 0.2339 0.4083 0.2506 0.4535 0.2506
t 34 35 33 FAEEEE A33E3E 4A3636 0.4535 0.2506 0.4535 0.2339 0.4083 0.2339
t 35 34 36 A33E3E FAEEEE F75555 0.4535 0.2339 0.4535 0.2506 0.4987 0.2506
t 36 37 35 F75555 B24E4D A33E3E 0.4987 0.2506 0.4987 0.2339 0.4535 0.2339
t 37 36 38 B24E4D F75555 BC3231 0.4987 0.2339 0.4987 0.2506 0.5439 0.2506
t 38 39 37 BC3231 973131 B24E4D 0.5439 0.2506 0.5439 0.2339 0.4987 0.2339
t 39 38 40 973131 BC3231 ECA7A7 0.5439 0.2339 0.5439 0.2506 0.5891 0.2506
t 40 41 39 ECA7A7 ECAEAE 973131 0.5891 0.2506 0.5891 0.2339 0.5439 0.2339
t 41 40 42 ECAEAE ECA7A7 C62524 0.5891 0.2339 0.5891 0.2506 0.6343 0.2506
t 42 13 41 C62524 B32C2B ECAEAE 0.6343 0.2506 0.6343 0.2339 0.5891 0.2339
t 13 42 43 B32C2B C62524 E2C6C6 0.6343 0.2339 0.6343 0.2506 0.6795 0.2506
t 43 14 13 E2C6C6 FBF0F0 B32C2B 0.6795 0.2506 0.6795 0.2339 0.6343 0.2339
t 14 43 44 FBF0F0 E2C6C6 C51A19 0.6795 0.2339 0.6795 0.2506 0.7248 0.2506
t 44 16 14 C51A19 E51D1D FBF0F0 0.7248 0.2506 0.7248 0.2339 0.6795 0.2339
t 16 44 45 E51D1D C51A19 E86160 0.7248 0.2339 0.7248 0.2506 0.7700 0.2506
t 45 18 16 E86160 E1B9B9 E51D1D 0.7700 0.2506 0.7700 0.2339 0.7248 0.2339
t 45 46 18 E86160 964B43 E1B9B9 0.7700 0.2506 0.8054 0.2435 0.7700 0.2339
t 46 45 47 964B43 E86160 CF5148 0.8054 0.2435 0.7700 0.2506 0.8063 0.2569
t 48 28 26 4E2424 852929 ECDCDB 0.3179 0.2673 0.3179 0.2506 0.2727 0.2506
t 28 48 49 852929 4E2424 AD6362 0.3179 0.2506 0.3179 0.2673 0.3631 0.2673
t 49 30 28 AD6362 F6D1D1 852929 0.3631 0.2673 0.3631 0.2506 0.3179 0.2506
t 30 49 50 F6D1D1 AD6362 A03838 0.3631 0.2506 0.3631 0.2673 0.4083 0.2673
t 50 32 30 A03838 EF7574 F6D1D1 0.4083 0.2673 0.4083 0.2506 0.3631 0.2506
t 32 50 51 EF7574 A03838 F65150 0.4083 0.2506 0.4083 0.2673 0.4535 0.2673
t 51 34 32 F65150 FAEEEE EF7574 0.4535 0.2673 0.4535 0.2506 0.4083 0.2506
t 34 51 52 FAEEEE F65150 FC3433 0.4535 0.2506 0.4535 0.2673 0.4987 0.2673
t 52 36 34 FC3433 F75555 FAEEEE 0.4987 0.2673 0.4987 0.2506 0.4535 0.2506
t 36 52 53 F75555 FC3433 F72D2C 0.4987 0.2506 0.4987 0.2673 0.5439 0.2673
t 53 38 36 F72D2C BC3231 F75555 0.5439 0.2673 0.5439 0.2506 0.4987 0.2506
t 38 53 54 BC3231 F72D2C B02B2B 0.5439 0.2506 0.5439 0.2673 0.5891 0.2673
t 54 40 38 B02B2B ECA7A7 BC3231 0.5891 0.2673 0.5891 0.2506 0.5439 0.2506
t 40 54 55 ECA7A7 B02B2B DF3B3A 0.5891 0.2506 0.5891 0.2673 0.6343 0.2673
t 55 42 40 DF3B3A C62524 ECA7A7 0.6343 0.2673 0.6343 0.2506 0.5891 0.2506
t 42 55 56 C62524 DF3B3A CA3A39 0.6343 0.2506 0.6343 0.2673 0.6795 0.2673
t 56 43 42 CA3A39 E2C6C6 C62524 0.6795 0.2673 0.6795 0.2506 0.6343 0.2506
t 43 56 57 E2C6C6 CA3A39 EA1513 0.6795 0.2506 0.6795 0.2673 0.7248 0.2673
t 57 44 43 EA1513 C51A19 E2C6C6 0.7248 0.2673 0.7248 0.2506 0.6795 0.2506
t 44 57 58 C51A19 EA1513 E10E0D 0.7248 0.2506 0.7248 0.2673 0.7700 0.2673
t 58 45 44 E10E0D E86160 C51A19 0.7700 0.2673 0.7700 0.2506 0.7248 0.2506
t 45 58 47 E86160 E10E0D CF5148 0.7700 0.2506 0.7700 0.2673 0.8063 0.2569
t 59 22 25 504740 BE544C 1B1819 0.1929 0.2300 0.1920 0.2435 0.2275 0.2339
t 25 60 59 1B1819 1F1E1E 504740 0.2275 0.2339 0.2275 0.2172 0.1929 0.2300
t 60 25 27 1F1E1E 1B1819 2B2121 0.2275 0.2172 0.2275 0.2339 0.2727 0.2339
t 27 61 60 2B2121 292828 1F1E1E 0.2727 0.2339 0.2727 0.2172 0.2275 0.2172
t 61 27 29 292828 2B2121 322828 0.2727 0.2172 0.2727 0.2339 0.3179 0.2339
t 29 62 61 322828 2B2B2B 292828 0.3179 0.2339 0.3179 0.2172 0.2727 0.2172
t 62 29 31 2B2B2B 322828 353030 0.3179 0.2172 0.3179 0.2339 0.3631 0.2339
t 31 1 62 353030 333333 2B2B2B 0.3631 0.2339 0.3631 0.2172 0.3179 0.2172
t 1 31 33 333333 353030 4A3636 0.3631 0.2172 0.3631 0.2339 0.4083 0.2339
t 33 2 1 4A3636 3E3838 333333 0.4083 0.2339 0.4083 0.2172 0.3631 0.2172
t 2 33 35 3E3838 4A3636 A33E3E 0.4083 0.2172 0.4083 0.2339 0.4535 0.2339
t 35 4 2 A33E3E 853B3B 3E3838 0.4535 0.2339 0.4535 0.2172 0.4083 0.2172
t 4 35 37 853B3B A33E3E B24E4D 0.4535 0.2172 0.4535 0.2339 0.4987 0.2339
t 37 6 4 B24E4D 624747 853B3B 0.4987 0.2339 0.4987 0.2172 0.4535 0.2172
t 6 37 39 624747 B24E4D 973131 0.4987 0.2172 0.4987 0.2339 0.5439 0.2339
t 39 8 6 973131 6F3534 624747 0.5439 0.2339 0.5439 0.2172 0.4987 0.2172
t 8 39 41 6F3534 973131 ECAEAE 0.5439 0.2172 0.5439 0.2339 0.5891 0.2339
t 41 10 8 ECAEAE AE9494 6F3534 0.5891 0.2339 0.5891 0.2172 0.5439 0.2172
t 10 41 13 AE9494 ECAEAE B32C2B 0.5891 0.2172 0.5891 0.2339 0.6343 0.2339
t 46 20 18 964B43 71463F E1B9B9 0.8054 0.2435 0.8045 0.2300 0.7700 0.2339
t 63 64 65 B57E76 73675F 444444 0.1981 0.1784 0.1965 0.1911 0.2275 0.1839
t 65 66 63 444444 8E2828 B57E76 0.2275 0.1839 0.2275 0.1672 0.1981 0.1784
t 66 65 67 8E2828 444444 2E2E2E 0.2275 0.1672 0.2275 0.1839 0.2727 0.1839
t 67 68 66 2E2E2E 291819 8E2828 0.2727 0.1839 0.2727 0.1672 0.2275 0.1672
t 68 67 69 291819 2E2E2E 2A2A2A 0.2727 0.1672 0.2727 0.1839 0.3179 0.1839
t 69 70 68 2A2A2A 291C1C 291819 0.3179 0.1839 0.3179 0.1672 0.2727 0.1672
t 69 71 70 2A2A2A 2D2A2A 291C1C 0.3179 0.1839 0.3631 0.1839 0.3179 0.1672
t 71 69 0 2D2A2A 2A2A2A 3B3636 0.3631 0.1839 0.3179 0.1839 0.3631 0.2005
t 71 0 3 2D2A2A 3B3636 363636 0.3631 0.1839 0.3631 0.2005 0.4083 0.2005
t 3 72 71 363636 514E4E 2D2A2A 0.4083 0.2005 0.4083 0.1839 0.3631 0.1839
t 72 3 5 514E4E 363636 3A3839 0.4083 0.1839 0.4083 0.2005 0.4535 0.2005
t 5 73 72 3A3839 2F2728 514E4E 0.4535 0.2005 0.4535 0.1839 0.4083 0.1839
t 73 5 7 2F2728 3A3839 BEBDBD 0.4535 0.1839 0.4535 0.2005 0.4987 0.2005
t 7 74 73 BEBDBD 292828 2F2728 0.4987 0.2005 0.4987 0.1839 0.4535 0.1839
t 74 7 9 292828 BEBDBD 3A3838 0.4987 0.1839 0.4987 0.2005 0.5439 0.2005
t 9 75 74 3A3838 5E3232 292828 0.5439 0.2005 0.5439 0.1839 0.4987 0.1839
t 75 9 11 5E3232 3A3838 5A4343 0.5439 0.1839 0.5439 0.2005 0.5891 0.2005
t 11 76 75 5A4343 563232 5E3232 0.5891 0.2005 0.5891 0.1839 0.5439 0.1839
t 76 11 77 563232 5A4343 6B2E2E 0.5891 0.1839 0.5891 0.2005 0.6343 0.2005
t 77 78 76 6B2E2E 942928 563232 0.6343 0.2005 0.6343 0.1839 0.5891 0.1839
t 78 77 79 942928 6B2E2E F9EAEA 0.6343 0.1839 0.6343 0.2005 0.6795 0.2005
t 79 80 78 F9EAEA F7F5F5 942928 0.6795 0.2005 0.6795 0.1839 0.6343 0.1839
t 80 79 81 F7F5F5 F9EAEA 702322 0.6795 0.1839 0.6795 0.2005 0.7248 0.2005
t 81 82 80 702322 722626 F7F5F5 0.7248 0.2005 0.7248 0.1839 0.6795 0.1839
t 82 81 83 722626 702322 F4F3F3 0.7248 0.1839 0.7248 0.2005 0.7700 0.2005
t 83 84 82 F4F3F3 F8F4F4 722626 0.7700 0.2005 0.7700 0.1839 0.7248 0.1839
t 84 83 85 F8F4F4 F4F3F3 B7A9A0 0.7700 0.1839 0.7700 0.2005 0.8009 0.1911
t 85 86 84 B7A9A0 B6A89F F8F4F4 0.8009 0.1911 0.7993 0.1784 0.7700 0.1839
t 64 87 88 73675F 4F4942 292929 0.1965 0.1911 0.1949 0.2038 0.2275 0.2005
t 88 65 64 292929 444444 73675F 0.2275 0.2005 0.2275 0.1839 0.1965 0.1911
t 65 88 89 444444 292929 2F2F2F 0.2275 0.1839 0.2275 0.2005 0.2727 0.2005
t 89 67 65 2F2F2F 2E2E2E 444444 0.2727 0.2005 0.2727 0.1839 0.2275 0.1839
t 67 89 90 2E2E2E 2F2F2F 303030 0.2727 0.1839 0.2727 0.2005 0.3179 0.2005
t 90 69 67 303030 2A2A2A 2E2E2E 0.3179 0.2005 0.3179 0.1839 0.2727 0.1839
t 69 90 0 2A2A2A 303030 3B3636 0.3179 0.1839 0.3179 0.2005 0.3631 0.2005
t 12 77 11 442929 6B2E2E 5A4343 0.6343 0.2172 0.6343 0.2005 0.5891 0.2005
t 77 12 15 6B2E2E 442929 FEFDFE 0.6343 0.2005 0.6343 0.2172 0.6795 0.2172
t 15 79 77 FEFDFE F9EAEA 6B2E2E 0.6795 0.2172 0.6795 0.2005 0.6343 0.2005
t 79 15 17 F9EAEA FEFDFE 871F1F 0.6795 0.2005 0.6795 0.2172 0.7248 0.2172
t 17 81 79 871F1F 702322 F9EAEA 0.7248 0.2172 0.7248 0.2005 0.6795 0.2005
t 81 17 19 702322 871F1F AD9494 0.7248 0.2005 0.7248 0.2172 0.7700 0.2172
t 19 83 81 AD9494 F4F3F3 702322 0.7700 0.2172 0.7700 0.2005 0.7248 0.2005
t 83 19 91 F4F3F3 AD9494 7A7068 0.7700 0.2005 0.7700 0.2172 0.8025 0.2038
t 91 85 83 7A7068 B7A9A0 F4F3F3 0.8025 0.2038 0.8009 0.1911 0.7700 0.2005
t 91 19 21 7A7068 AD9494 4D463E 0.8025 0.2038 0.7700 0.2172 0.8035 0.2169
t 92 63 66 B8655C B57E76 8E2828 0.2001 0.1661 0.1981 0.1784 0.2275 0.1672
t 71 93 70 2D2A2A 2F1E1E 291C1C 0.3631 0.1839 0.3631 0.1672 0.3179 0.1672
t 93 71 72 2F1E1E 2D2A2A 514E4E 0.3631 0.1672 0.3631 0.1839 0.4083 0.1839
t 72 94 93 514E4E 655253 2F1E1E 0.4083 0.1839 0.4083 0.1672 0.3631 0.1672
t 94 72 73 655253 514E4E 2F2728 0.4083 0.1672 0.4083 0.1839 0.4535 0.1839
t 73 95 94 2F2728 1C1A1A 655253 0.4535 0.1839 0.4535 0.1672 0.4083 0.1672
t 95 73 74 1C1A1A 2F2728 292828 0.4535 0.1672 0.4535 0.1839 0.4987 0.1839
t 74 96 95 292828 451B1B 1C1A1A 0.4987 0.1839 0.4987 0.1672 0.4535 0.1672
t 96 74 75 451B1B 292828 5E3232 0.4987 0.1672 0.4987 0.1839 0.5439 0.1839
t 75 97 96 5E3232 691D1D 451B1B 0.5439 0.1839 0.5439 0.1672 0.4987 0.1672
t 97 75 76 691D1D 5E3232 563232 0.5439 0.1672 0.5439 0.1839 0.5891 0.1839
t 76 98 97 563232 3A2929 691D1D 0.5891 0.1839 0.5891 0.1672 0.5439 0.1672
t 98 76 78 3A2929 563232 942928 0.5891 0.1672 0.5891 0.1839 0.6343 0.1839
t 78 99 98 942928 261B1B 3A2929 0.6343 0.1839 0.6343 0.1672 0.5891 0.1672
t 99 78 80 261B1B 942928 F7F5F5 0.6343 0.1672 0.6343 0.1839 0.6795 0.1839
t 80 100 99 F7F5F5 EADBDB 261B1B 0.6795 0.1839 0.6795 0.1672 0.6343 0.1672
t 100 80 82 EADBDB F7F5F5 722626 0.6795 0.1672 0.6795 0.1839 0.7248 0.1839
t 82 101 100 722626 331515 EADBDB 0.7248 0.1839 0.7248 0.1672 0.6795 0.1672
t 101 82 84 331515 722626 F8F4F4 0.7248 0.1672 0.7248 0.1839 0.7700 0.1839
t 84 102 101 F8F4F4 B78887 331515 0.7700 0.1839 0.7700 0.1672 0.7248 0.1672
t 102 84 86 B78887 F8F4F4 B6A89F 0.7700 0.1672 0.7700 0.1839 0.7993 0.1784
t 103 104 105 DFDDD9 DCD9D5 050000 0.2270 0.0987 0.2175 0.1090 0.2727 0.1004
t 105 106 103 050000 E5E4E2 DFDDD9 0.2727 0.1004 0.2366 0.0883 0.2270 0.0987
t 105 107 106 050000 E3E0DC E5E4E2 0.2727 0.1004 0.2558 0.0781 0.2366 0.0883
t 105 108 107 050000 3F3535 E3E0DC 0.2727 0.1004 0.3179 0.0837 0.2558 0.0781
t 108 105 109 3F3535 050000 190101 0.3179 0.0837 0.2727 0.1004 0.3179 0.1004
t 108 109 110 3F3535 190101 030203 0.3179 0.0837 0.3179 0.1004 0.3631 0.1004
t 110 111 108 030203 180505 3F3535 0.3631 0.1004 0.3631 0.0837 0.3179 0.0837
t 111 110 112 180505 030203 150001 0.3631 0.0837 0.3631 0.1004 0.4083 0.1004
t 112 113 111 150001 240707 180505 0.4083 0.1004 0.4083 0.0837 0.3631 0.0837
t 113 112 114 240707 150001 010000 0.4083 0.0837 0.4083 0.1004 0.4535 0.1004
t 114 115 113 010000 030000 240707 0.4535 0.1004 0.4535 0.0837 0.4083 0.0837
t 115 114 116 030000 010000 000000 0.4535 0.0837 0.4535 0.1004 0.4987 0.1004
t 116 117 115 000000 252121 030000 0.4987 0.1004 0.4987 0.0837 0.4535 0.0837
t 116 118 117 000000 030000 252121 0.4987 0.1004 0.5439 0.1004 0.4987 0.0837
t 118 116 119 030000 000000 060000 0.5439 0.1004 0.4987 0.1004 0.5439 0.1171
t 118 119 120 030000 060000 080000 0.5439 0.1004 0.5439 0.1171 0.5891 0.1171
t 120 121 118 080000 060000 030000 0.5891 0.1171 0.5891 0.1004 0.5439 0.1004
t 121 120 122 060000 080000 D8D8D7 0.5891 0.1004 0.5891 0.1171 0.6343 0.1171
t 122 123 121 D8D8D7 C57473 060000 0.6343 0.1171 0.6343 0.1004 0.5891 0.1004
t 123 122 124 C57473 D8D8D7 CEBEBE 0.6343 0.1004 0.6343 0.1171 0.6795 0.1171
t 124 125 123 CEBEBE D5C4C3 C57473 0.6795 0.1171 0.6795 0.1004 0.6343 0.1004
t 125 124 126 D5C4C3 CEBEBE 160303 0.6795 0.1004 0.6795 0.1171 0.7248 0.1171
t 126 127 125 160303 000000 D5C4C3 0.7248 0.1171 0.7248 0.1004 0.6795 0.1004
t 127 126 128 000000 160303 ADA9A6 0.7248 0.1004 0.7248 0.1171 0.7799 0.1090
t 128 129 127 ADA9A6 ABA9A6 000000 0.7799 0.1090 0.7704 0.0987 0.7248 0.1004
t 130 131 132 D6BDB4 D3A095 7C3232 0.2067 0.1302 0.2044 0.1421 0.2727 0.1338
t 132 133 130 7C3232 D4CCC5 D6BDB4 0.2727 0.1338 0.2121 0.1196 0.2067 0.1302
t 132 134 133 7C3232 050202 D4CCC5 0.2727 0.1338 0.2727 0.1171 0.2121 0.1196
t 134 132 135 050202 7C3232 351111 0.2727 0.1171 0.2727 0.1338 0.3179 0.1338
t 135 136 134 351111 290909 050202 0.3179 0.1338 0.3179 0.1171 0.2727 0.1171
t 136 135 137 290909 351111 2F1313 0.3179 0.1171 0.3179 0.1338 0.3631 0.1338
t 137 138 136 2F1313 180C0C 290909 0.3631 0.1338 0.3631 0.1171 0.3179 0.1171
t 138 137 139 180C0C 2F1313 121212 0.3631 0.1171 0.3631 0.1338 0.4083 0.1338
t 139 140 138 121212 1D0808 180C0C 0.4083 0.1338 0.4083 0.1171 0.3631 0.1171
t 140 139 141 1D0808 121212 0F0E0E 0.4083 0.1171 0.4083 0.1338 0.4535 0.1338
t 141 142 140 0F0E0E 0C0101 1D0808 0.4535 0.1338 0.4535 0.1171 0.4083 0.1171
t 142 141 143 0C0101 0F0E0E 0B0B0B 0.4535 0.1171 0.4535 0.1338 0.4987 0.1338
t 143 144 142 0B0B0B 000000 0C0101 0.4987 0.1338 0.4987 0.1171 0.4535 0.1171
t 144 143 145 000000 0B0B0B 190808 0.4987 0.1171 0.4987 0.1338 0.5439 0.1338
t 145 119 144 190808 060000 000000 0.5439 0.1338 0.5439 0.1171 0.4987 0.1171
t 119 145 146 060000 190808 120707 0.5439 0.1171 0.5439 0.1338 0.5891 0.1338
t 146 120 119 120707 080000 060000 0.5891 0.1338 0.5891 0.1171 0.5439 0.1171
t 146 147 120 120707 D7D8D7 080000 0.5891 0.1338 0.6343 0.1338 0.5891 0.1171
t 147 146 148 D7D8D7 120707 B57878 0.6343 0.1338 0.5891 0.1338 0.6343 0.1505
t 147 148 149 D7D8D7 B57878 C2BFBF 0.6343 0.1338 0.6343 0.1505 0.6795 0.1505
t 149 150 147 C2BFBF 9E8787 D7D8D7 0.6795 0.1505 0.6795 0.1338 0.6343 0.1338
t 150 149 151 9E8787 C2BFBF 574545 0.6795 0.1338 0.6795 0.1505 0.7248 0.1505
t 151 152 150 574545 BB9E9E 9E8787 0.7248 0.1505 0.7248 0.1338 0.6795 0.1338
t 152 151 153 BB9E9E 574545 C6B9B9 0.7248 0.1338 0.7248 0.1505 0.7700 0.1505
t 152 153 154 BB9E9E C6B9B9 9F8F84 0.7248 0.1338 0.7700 0.1505 0.7930 0.1421
t 154 155 152 9F8F84 B19D95 BB9E9E 0.7930 0.1421 0.7907 0.1302 0.7248 0.1338
t 131 156 157 D3A095 B77B70 C42625 0.2044 0.1421 0.2020 0.1539 0.2275 0.1505
t 157 132 131 C42625 7C3232 D3A095 0.2275 0.1505 0.2727 0.1338 0.2044 0.1421
t 132 157 158 7C3232 C42625 251010 0.2727 0.1338 0.2275 0.1505 0.2727 0.1505
t 132 158 159 7C3232 251010 6C1717 0.2727 0.1338 0.2727 0.1505 0.3179 0.1505
t 159 135 132 6C1717 351111 7C3232 0.3179 0.1505 0.3179 0.1338 0.2727 0.1338
t 135 159 160 351111 6C1717 211919 0.3179 0.1338 0.3179 0.1505 0.3631 0.1505
t 160 137 135 211919 2F1313 351111 0.3631 0.1505 0.3631 0.1338 0.3179 0.1338
t 137 160 161 2F1313 211919 211818 0.3631 0.1338 0.3631 0.1505 0.4083 0.1505
t 161 139 137 211818 121212 2F1313 0.4083 0.1505 0.4083 0.1338 0.3631 0.1338
t 139 161 162 121212 211818 171616 0.4083 0.1338 0.4083 0.1505 0.4535 0.1505
t 162 141 139 171616 0F0E0E 121212 0.4535 0.1505 0.4535 0.1338 0.4083 0.1338
t 141 162 163 0F0E0E 171616 2A1514 0.4535 0.1338 0.4535 0.1505 0.4987 0.1505
t 163 143 141 2A1514 0B0B0B 0F0E0E 0.4987 0.1505 0.4987 0.1338 0.4535 0.1338
t 143 163 164 0B0B0B 2A1514 511919 0.4987 0.1338 0.4987 0.1505 0.5439 0.1505
t 164 145 143 511919 190808 0B0B0B 0.5439 0.1505 0.5439 0.1338 0.4987 0.1338
t 145 164 165 190808 511919 6B1314 0.5439 0.1338 0.5439 0.1505 0.5891 0.1505
t 165 146 145 6B1314 120707 190808 0.5891 0.1505 0.5891 0.1338 0.5439 0.1338
t 146 165 148 120707 6B1314 B57878 0.5891 0.1338 0.5891 0.1505 0.6343 0.1505
t 166 154 153 B0A096 9F8F84 C6B9B9 0.7954 0.1539 0.7930 0.1421 0.7700 0.1505
t 104 133 134 DCD9D5 D4CCC5 050202 0.2175 0.1090 0.2121 0.1196 0.2727 0.1171
t 134 105 104 050202 050000 DCD9D5 0.2727 0.1171 0.2727 0.1004 0.2175 0.1090
t 105 134 136 050000 050202 290909 0.2727 0.1004 0.2727 0.1171 0.3179 0.1171
t 136 109 105 290909 190101 050000 0.3179 0.1171 0.3179 0.1004 0.2727 0.1004
t 109 136 138 190101 290909 180C0C 0.3179 0.1004 0.3179 0.1171 0.3631 0.1171
t 138 110 109 180C0C 030203 190101 0.3631 0.1171 0.3631 0.1004 0.3179 0.1004
t 110 138 140 030203 180C0C 1D0808 0.3631 0.1004 0.3631 0.1171 0.4083 0.1171
t 140 112 110 1D0808 150001 030203 0.4083 0.1171 0.4083 0.1004 0.3631 0.1004
t 112 140 142 150001 1D0808 0C0101 0.4083 0.1004 0.4083 0.1171 0.4535 0.1171
t 142 114 112 0C0101 010000 150001 0.4535 0.1171 0.4535 0.1004 0.4083 0.1004
t 114 142 144 010000 0C0101 000000 0.4535 0.1004 0.4535 0.1171 0.4987 0.1171
t 144 116 114 000000 000000 010000 0.4987 0.1171 0.4987 0.1004 0.4535 0.1004
t 144 119 116 000000 060000 000000 0.4987 0.1171 0.5439 0.1171 0.4987 0.1004
t 147 122 120 D7D8D7 D8D8D7 080000 0.6343 0.1338 0.6343 0.1171 0.5891 0.1171
t 122 147 150 D8D8D7 D7D8D7 9E8787 0.6343 0.1171 0.6343 0.1338 0.6795 0.1338
t 150 124 122 9E8787 CEBEBE D8D8D7 0.6795 0.1338 0.6795 0.1171 0.6343 0.1171
t 124 150 152 CEBEBE 9E8787 BB9E9E 0.6795 0.1171 0.6795 0.1338 0.7248 0.1338
t 152 126 124 BB9E9E 160303 CEBEBE 0.7248 0.1338 0.7248 0.1171 0.6795 0.1171
t 126 152 167 160303 BB9E9E AFA59E 0.7248 0.1171 0.7248 0.1338 0.7853 0.1196
t 167 128 126 AFA59E ADA9A6 160303 0.7853 0.1196 0.7799 0.1090 0.7248 0.1171
t 152 155 167 BB9E9E B19D95 AFA59E 0.7248 0.1338 0.7907 0.1302 0.7853 0.1196
t 168 169 170 E0D9CF E7E3DF C2BDBC 0.2993 0.0600 0.2750 0.0679 0.3179 0.0670
t 170 171 168 C2BDBC DFCDC2 E0D9CF 0.3179 0.0670 0.3236 0.0522 0.2993 0.0600
t 171 170 172 DFCDC2 C2BDBC 440707 0.3236 0.0522 0.3179 0.0670 0.3631 0.0670
t 172 173 171 440707 B78275 DFCDC2 0.3631 0.0670 0.3524 0.0463 0.3236 0.0522
t 172 174 173 440707 AD1918 B78275 0.3631 0.0670 0.4083 0.0503 0.3524 0.0463
t 174 172 175 AD1918 440707 630403 0.4083 0.0503 0.3631 0.0670 0.4083 0.0670
t 174 175 176 AD1918 630403 0B0000 0.4083 0.0503 0.4083 0.0670 0.4535 0.0670
t 176 177 174 0B0000 8B5151 AD1918 0.4535 0.0670 0.4535 0.0503 0.4083 0.0503
t 176 178 177 0B0000 6D0908 8B5151 0.4535 0.0670 0.4987 0.0670 0.4535 0.0503
t 178 176 117 6D0908 0B0000 252121 0.4987 0.0670 0.4535 0.0670 0.4987 0.0837
t 178 117 179 6D0908 252121 373737 0.4987 0.0670 0.4987 0.0837 0.5439 0.0837
t 179 180 178 373737 0D0909 6D0908 0.5439 0.0837 0.5439 0.0670 0.4987 0.0670
t 180 179 181 0D0909 373737 120505 0.5439 0.0670 0.5439 0.0837 0.5891 0.0837
t 181 182 180 120505 880E0E 0D0909 0.5891 0.0837 0.5891 0.0670 0.5439 0.0670
t 182 181 183 880E0E 120505 9D7676 0.5891 0.0670 0.5891 0.0837 0.6343 0.0837
t 183 184 182 9D7676 970404 880E0E 0.6343 0.0837 0.6343 0.0670 0.5891 0.0670
t 184 183 185 970404 9D7676 C12625 0.6343 0.0670 0.6343 0.0837 0.6795 0.0837
t 185 186 184 C12625 580606 970404 0.6795 0.0837 0.6795 0.0670 0.6343 0.0670
t 186 185 187 580606 C12625 B3AEAA 0.6795 0.0670 0.6795 0.0837 0.7224 0.0679
t 187 188 186 B3AEAA A59A92 580606 0.7224 0.0679 0.6981 0.0600 0.6795 0.0670
t 108 169 107 3F3535 E7E3DF E3E0DC 0.3179 0.0837 0.2750 0.0679 0.2558 0.0781
t 108 170 169 3F3535 C2BDBC E7E3DF 0.3179 0.0837 0.3179 0.0670 0.2750 0.0679
t 170 108 111 C2BDBC 3F3535 180505 0.3179 0.0670 0.3179 0.0837 0.3631 0.0837
t 111 172 170 180505 440707 C2BDBC 0.3631 0.0837 0.3631 0.0670 0.3179 0.0670
t 172 111 113 440707 180505 240707 0.3631 0.0670 0.3631 0.0837 0.4083 0.0837
t 113 175 172 240707 630403 440707 0.4083 0.0837 0.4083 0.0670 0.3631 0.0670
t 175 113 115 630403 240707 030000 0.4083 0.0670 0.4083 0.0837 0.4535 0.0837
t 115 176 175 030000 0B0000 630403 0.4535 0.0837 0.4535 0.0670 0.4083 0.0670
t 115 117 176 030000 252121 0B0000 0.4535 0.0837 0.4987 0.0837 0.4535 0.0670
t 118 179 117 030000 373737 252121 0.5439 0.1004 0.5439 0.0837 0.4987 0.0837
t 179 118 121 373737 030000 060000 0.5439 0.0837 0.5439 0.1004 0.5891 0.1004
t 121 181 179 060000 120505 373737 0.5891 0.1004 0.5891 0.0837 0.5439 0.0837
t 181 121 123 120505 060000 C57473 0.5891 0.0837 0.5891 0.1004 0.6343 0.1004
t 123 183 181 C57473 9D7676 120505 0.6343 0.1004 0.6343 0.0837 0.5891 0.0837
t 183 123 125 9D7676 C57473 D5C4C3 0.6343 0.0837 0.6343 0.1004 0.6795 0.1004
t 125 185 183 D5C4C3 C12625 9D7676 0.6795 0.1004 0.6795 0.0837 0.6343 0.0837
t 185 125 127 C12625 D5C4C3 000000 0.6795 0.0837 0.6795 0.1004 0.7248 0.1004
t 127 189 185 000000 B0AEAB C12625 0.7248 0.1004 0.7416 0.0781 0.6795 0.0837
t 189 127 190 B0AEAB 000000 ACABAA 0.7416 0.0781 0.7248 0.1004 0.7608 0.0883
t 190 127 129 ACABAA 000000 ABA9A6 0.7608 0.0883 0.7248 0.1004 0.7704 0.0987
t 187 185 189 B3AEAA C12625 B0AEAB 0.7224 0.0679 0.6795 0.0837 0.7416 0.0781
t 174 191 173 AD1918 D46C60 B78275 0.4083 0.0503 0.3812 0.0405 0.3524 0.0463
t 174 192 191 AD1918 D19287 D46C60 0.4083 0.0503 0.4170 0.0368 0.3812 0.0405
t 192 174 177 D19287 AD1918 8B5151 0.4170 0.0368 0.4083 0.0503 0.4535 0.0503
t 177 193 192 8B5151 D4BDB1 D19287 0.4535 0.0503 0.4529 0.0331 0.4170 0.0368
t 177 194 193 8B5151 D1B4A9 D4BDB1 0.4535 0.0503 0.4758 0.0325 0.4529 0.0331
t 194 177 195 D1B4A9 8B5151 B6504F 0.4758 0.0325 0.4535 0.0503 0.4987 0.0503
t 195 196 194 B6504F D4CDC3 D1B4A9 0.4987 0.0503 0.4987 0.0319 0.4758 0.0325
t 195 197 196 B6504F D2CBC2 D4CDC3 0.4987 0.0503 0.5216 0.0325 0.4987 0.0319
t 197 195 198 D2CBC2 B6504F A60707 0.5216 0.0325 0.4987 0.0503 0.5439 0.0503
t 198 199 197 A60707 AB8D82 D2CBC2 0.5439 0.0503 0.5445 0.0331 0.5216 0.0325
t 198 200 199 A60707 B3645B AB8D82 0.5439 0.0503 0.5804 0.0368 0.5445 0.0331
t 198 201 200 A60707 D85756 B3645B 0.5439 0.0503 0.5891 0.0503 0.5804 0.0368
t 201 198 182 D85756 A60707 880E0E 0.5891 0.0503 0.5439 0.0503 0.5891 0.0670
t 201 182 184 D85756 880E0E 970404 0.5891 0.0503 0.5891 0.0670 0.6343 0.0670
t 184 202 201 970404 A96C61 D85756 0.6343 0.0670 0.6450 0.0463 0.5891 0.0503
t 202 184 203 A96C61 970404 9F9289 0.6450 0.0463 0.6343 0.0670 0.6738 0.0522
t 178 195 177 6D0908 B6504F 8B5151 0.4987 0.0670 0.4987 0.0503 0.4535 0.0503
t 195 178 180 B6504F 6D0908 0D0909 0.4987 0.0503 0.4987 0.0670 0.5439 0.0670
t 180 198 195 0D0909 A60707 B6504F 0.5439 0.0670 0.5439 0.0503 0.4987 0.0503
t 198 180 182 A60707 0D0909 880E0E 0.5439 0.0503 0.5439 0.0670 0.5891 0.0670
t 203 184 186 9F9289 970404 580606 0.6738 0.0522 0.6343 0.0670 0.6795 0.0670
t 203 186 188 9F9289 580606 A59A92 0.6738 0.0522 0.6795 0.0670 0.6981 0.0600
t 200 201 204 B3645B D85756 C8655A 0.5804 0.0368 0.5891 0.0503 0.6162 0.0405
t 204 201 202 C8655A D85756 A96C61 0.6162 0.0405 0.5891 0.0503 0.6450 0.0463
t 1 0 90 333333 3B3636 303030 0.3631 0.2172 0.3631 0.2005 0.3179 0.2005
t 90 62 1 303030 2B2B2B 333333 0.3179 0.2005 0.3179 0.2172 0.3631 0.2172
t 62 90 89 2B2B2B 303030 2F2F2F 0.3179 0.2172 0.3179 0.2005 0.2727 0.2005
t 89 61 62 2F2F2F 292828 2B2B2B 0.2727 0.2005 0.2727 0.2172 0.3179 0.2172
t 61 89 88 292828 2F2F2F 292929 0.2727 0.2172 0.2727 0.2005 0.2275 0.2005
t 88 60 61 292929 1F1E1E 292828 0.2275 0.2005 0.2275 0.2172 0.2727 0.2172
t 60 88 87 1F1E1E 292929 4F4942 0.2275 0.2172 0.2275 0.2005 0.1949 0.2038
t 60 87 205 1F1E1E 4F4942 48433C 0.2275 0.2172 0.1949 0.2038 0.1939 0.2169
t 205 59 60 48433C 504740 1F1E1E 0.1939 0.2169 0.1929 0.2300 0.2275 0.2172
t 206 102 86 948177 B78887 B6A89F 0.7974 0.1661 0.7700 0.1672 0.7993 0.1784
t 102 206 166 B78887 948177 B0A096 0.7700 0.1672 0.7974 0.1661 0.7954 0.1539
t 102 166 153 B78887 B0A096 C6B9B9 0.7700 0.1672 0.7954 0.1539 0.7700 0.1505
t 102 153 151 B78887 C6B9B9 574545 0.7700 0.1672 0.7700 0.1505 0.7248 0.1505
t 151 101 102 574545 331515 B78887 0.7248 0.1505 0.7248 0.1672 0.7700 0.1672
t 101 151 149 331515 574545 C2BFBF 0.7248 0.1672 0.7248 0.1505 0.6795 0.1505
t 149 100 101 C2BFBF EADBDB 331515 0.6795 0.1505 0.6795 0.1672 0.7248 0.1672
t 100 149 148 EADBDB C2BFBF B57878 0.6795 0.1672 0.6795 0.1505 0.6343 0.1505
t 148 99 100 B57878 261B1B EADBDB 0.6343 0.1505 0.6343 0.1672 0.6795 0.1672
t 99 148 165 261B1B B57878 6B1314 0.6343 0.1672 0.6343 0.1505 0.5891 0.1505
t 165 98 99 6B1314 3A2929 261B1B 0.5891 0.1505 0.5891 0.1672 0.6343 0.1672
t 98 165 164 3A2929 6B1314 511919 0.5891 0.1672 0.5891 0.1505 0.5439 0.1505
t 164 97 98 511919 691D1D 3A2929 0.5439 0.1505 0.5439 0.1672 0.5891 0.1672
t 97 164 163 691D1D 511919 2A1514 0.5439 0.1672 0.5439 0.1505 0.4987 0.1505
t 163 96 97 2A1514 451B1B 691D1D 0.4987 0.1505 0.4987 0.1672 0.5439 0.1672
t 96 163 162 451B1B 2A1514 171616 0.4987 0.1672 0.4987 0.1505 0.4535 0.1505
t 162 95 96 171616 1C1A1A 451B1B 0.4535 0.1505 0.4535 0.1672 0.4987 0.1672
t 95 162 161 1C1A1A 171616 211818 0.4535 0.1672 0.4535 0.1505 0.4083 0.1505
t 161 94 95 211818 655253 1C1A1A 0.4083 0.1505 0.4083 0.1672 0.4535 0.1672
t 94 161 160 655253 211818 211919 0.4083 0.1672 0.4083 0.1505 0.3631 0.1505
t 160 93 94 211919 2F1E1E 655253 0.3631 0.1505 0.3631 0.1672 0.4083 0.1672
t 93 160 159 2F1E1E 211919 6C1717 0.3631 0.1672 0.3631 0.1505 0.3179 0.1505
t 159 70 93 6C1717 291C1C 2F1E1E 0.3179 0.1505 0.3179 0.1672 0.3631 0.1672
t 70 159 158 291C1C 6C1717 251010 0.3179 0.1672 0.3179 0.1505 0.2727 0.1505
t 158 68 70 251010 291819 291C1C 0.2727 0.1505 0.2727 0.1672 0.3179 0.1672
t 68 158 157 291819 251010 C42625 0.2727 0.1672 0.2727 0.1505 0.2275 0.1505
t 157 66 68 C42625 8E2828 291819 0.2275 0.1505 0.2275 0.1672 0.2727 0.1672
t 66 157 156 8E2828 C42625 B77B70 0.2275 0.1672 0.2275 0.1505 0.2020 0.1539
t 156 92 66 B77B70 B8655C 8E2828 0.2020 0.1539 0.2001 0.1661 0.2275 0.1672
t 207 208 209 E10E0D DC574E CD544B 0.7700 0.2840 0.8074 0.2840 0.8068 0.2705
t 210 208 207 DD574E DC574E E10E0D 0.8074 0.3001 0.8074 0.2840 0.7700 0.2840
t 207 211 210 E10E0D F90B09 DD574E 0.7700 0.2840 0.7700 0.3007 0.8074 0.3001
t 211 207 212 F90B09 E10E0D F91311 0.7700 0.3007 0.7700 0.2840 0.7248 0.2840
t 212 213 211 F91311 F9100F F90B09 0.7248 0.2840 0.7248 0.3007 0.7700 0.3007
t 213 212 214 F9100F F91311 F21C1B 0.7248 0.3007 0.7248 0.2840 0.6795 0.2840
t 214 215 213 F21C1B F81A19 F9100F 0.6795 0.2840 0.6795 0.3007 0.7248 0.3007
t 215 214 216 F81A19 F21C1B EC2523 0.6795 0.3007 0.6795 0.2840 0.6343 0.2840
t 216 217 215 EC2523 FC2120 F81A19 0.6343 0.2840 0.6343 0.3007 0.6795 0.3007
t 217 216 218 FC2120 EC2523 F72725 0.6343 0.3007 0.6343 0.2840 0.5891 0.2840
t 219 220 221 F9F7F7 3C1919 593C3C 0.2727 0.2673 0.2727 0.2840 0.3179 0.2840
t 220 219 222 3C1919 F9F7F7 411313 0.2727 0.2840 0.2727 0.2673 0.2275 0.2673
t 222 223 220 411313 321211 3C1919 0.2275 0.2673 0.2275 0.2840 0.2727 0.2840
t 223 222 224 321211 411313 EAE5DD 0.2275 0.2840 0.2275 0.2673 0.1906 0.2705
t 223 224 225 321211 EAE5DD DAD4CD 0.2275 0.2840 0.1906 0.2705 0.1901 0.2840
t 225 226 223 DAD4CD EAD9D1 321211 0.1901 0.2840 0.1901 0.3001 0.2275 0.2840
t 227 228 229 DC574E CC574E F63C3D 0.8074 0.3322 0.8074 0.3162 0.7700 0.3174
t 230 231 232 E32322 F82120 FC211F 0.5891 0.3007 0.5891 0.3174 0.6343 0.3174
t 231 230 233 F82120 E32322 D32423 0.5891 0.3174 0.5891 0.3007 0.5439 0.3007
t 233 234 231 D32423 C22120 F82120 0.5439 0.3007 0.5439 0.3174 0.5891 0.3174
t 234 233 235 C22120 D32423 FB706E 0.5439 0.3174 0.5439 0.3007 0.4987 0.3007
t 235 236 234 FB706E F86463 C22120 0.4987 0.3007 0.4987 0.3174 0.5439 0.3174
t 236 235 237 F86463 FB706E 955B5B 0.4987 0.3174 0.4987 0.3007 0.4535 0.3007
t 237 238 236 955B5B 733838 F86463 0.4535 0.3007 0.4535 0.3174 0.4987 0.3174
t 238 237 239 733838 955B5B 984343 0.4535 0.3174 0.4535 0.3007 0.4083 0.3007
t 239 240 238 984343 ED2C2B 733838 0.4083 0.3007 0.4083 0.3174 0.4535 0.3174
t 240 239 241 ED2C2B 984343 913737 0.4083 0.3174 0.4083 0.3007 0.3631 0.3007
t 241 242 240 913737 995554 ED2C2B 0.3631 0.3007 0.3631 0.3174 0.4083 0.3174
t 242 241 243 995554 913737 F0DDDC 0.3631 0.3174 0.3631 0.3007 0.3179 0.3007
t 243 244 242 F0DDDC E8ABAA 995554 0.3179 0.3007 0.3179 0.3174 0.3631 0.3174
t 244 243 245 E8ABAA F0DDDC F01717 0.3179 0.3174 0.3179 0.3007 0.2727 0.3007
t 245 246 244 F01717 F69F9F E8ABAA 0.2727 0.3007 0.2727 0.3174 0.3179 0.3174
t 246 245 247 F69F9F F01717 C51414 0.2727 0.3174 0.2727 0.3007 0.2275 0.3007
t 247 248 246 C51414 FEFCFC F69F9F 0.2275 0.3007 0.2275 0.3174 0.2727 0.3174
t 248 247 249 FEFCFC C51414 E6CDC5 0.2275 0.3174 0.2275 0.3007 0.1901 0.3162
t 249 250 248 E6CDC5 E19189 FEFCFC 0.1901 0.3162 0.1901 0.3322 0.2275 0.3174
t 228 210 211 CC574E DD574E F90B09 0.8074 0.3162 0.8074 0.3001 0.7700 0.3007
t 211 229 228 F90B09 F63C3D CC574E 0.7700 0.3007 0.7700 0.3174 0.8074 0.3162
t 229 211 213 F63C3D F90B09 F9100F 0.7700 0.3174 0.7700 0.3007 0.7248 0.3007
t 213 251 229 F9100F FA100E F63C3D 0.7248 0.3007 0.7248 0.3174 0.7700 0.3174
t 251 213 215 FA100E F9100F F81A19 0.7248 0.3174 0.7248 0.3007 0.6795 0.3007
t 215 252 251 F81A19 FB1918 FA100E 0.6795 0.3007 0.6795 0.3174 0.7248 0.3174
t 252 215 217 FB1918 F81A19 FC2120 0.6795 0.3174 0.6795 0.3007 0.6343 0.3007
t 217 232 252 FC2120 FC211F FB1918 0.6343 0.3007 0.6343 0.3174 0.6795 0.3174
t 217 230 232 FC2120 E32322 FC211F 0.6343 0.3007 0.5891 0.3007 0.6343 0.3174
t 230 217 218 E32322 FC2120 F72725 0.5891 0.3007 0.6343 0.3007 0.5891 0.2840
t 230 218 253 E32322 F72725 FA2A28 0.5891 0.3007 0.5891 0.2840 0.5439 0.2840
t 253 233 230 FA2A28 D32423 E32322 0.5439 0.2840 0.5439 0.3007 0.5891 0.3007
t 233 253 254 D32423 FA2A28 FB302F 0.5439 0.3007 0.5439 0.2840 0.4987 0.2840
t 254 235 233 FB302F FB706E D32423 0.4987 0.2840 0.4987 0.3007 0.5439 0.3007
t 235 254 255 FB706E FB302F EA6766 0.4987 0.3007 0.4987 0.2840 0.4535 0.2840
t 255 237 235 EA6766 955B5B FB706E 0.4535 0.2840 0.4535 0.3007 0.4987 0.3007
t 237 255 256 955B5B EA6766 6B6161 0.4535 0.3007 0.4535 0.2840 0.4083 0.2840
t 256 239 237 6B6161 984343 955B5B 0.4083 0.2840 0.4083 0.3007 0.4535 0.3007
t 239 256 257 984343 6B6161 8F4443 0.4083 0.3007 0.4083 0.2840 0.3631 0.2840
t 257 241 239 8F4443 913737 984343 0.3631 0.2840 0.3631 0.3007 0.4083 0.3007
t 241 257 221 913737 8F4443 593C3C 0.3631 0.3007 0.3631 0.2840 0.3179 0.2840
t 221 243 241 593C3C F0DDDC 913737 0.3179 0.2840 0.3179 0.3007 0.3631 0.3007
t 243 221 220 F0DDDC 593C3C 3C1919 0.3179 0.3007 0.3179 0.2840 0.2727 0.2840
t 220 245 243 3C1919 F01717 F0DDDC 0.2727 0.2840 0.2727 0.3007 0.3179 0.3007
t 245 220 223 F01717 3C1919 321211 0.2727 0.3007 0.2727 0.2840 0.2275 0.2840
t 223 247 245 321211 C51414 F01717 0.2275 0.2840 0.2275 0.3007 0.2727 0.3007
t 247 223 226 C51414 321211 EAD9D1 0.2275 0.3007 0.2275 0.2840 0.1901 0.3001
t 226 249 247 EAD9D1 E6CDC5 C51414 0.1901 0.3001 0.1901 0.3162 0.2275 0.3007
t 258 259 260 F10A09 ED1918 A5574D 0.7700 0.3341 0.7700 0.3508 0.8074 0.3483
t 259 258 261 ED1918 F10A09 F80F0E 0.7700 0.3508 0.7700 0.3341 0.7248 0.3341
t 261 262 259 F80F0E 5B0D0D ED1918 0.7248 0.3341 0.7248 0.3508 0.7700 0.3508
t 262 261 263 5B0D0D F80F0E FA1A19 0.7248 0.3508 0.7248 0.3341 0.6795 0.3341
t 263 264 262 FA1A19 4F1516 5B0D0D 0.6795 0.3341 0.6795 0.3508 0.7248 0.3508
t 264 263 265 4F1516 FA1A19 FC1F1E 0.6795 0.3508 0.6795 0.3341 0.6343 0.3341
t 265 266 264 FC1F1E F33C3B 4F1516 0.6343 0.3341 0.6343 0.3508 0.6795 0.3508
t 266 265 267 F33C3B FC1F1E FC2120 0.6343 0.3508 0.6343 0.3341 0.5891 0.3341
t 267 268 266 FC2120 FA2B2A F33C3B 0.5891 0.3341 0.5891 0.3508 0.6343 0.3508
t 268 267 269 FA2B2A FC2120 FC2120 0.5891 0.3508 0.5891 0.3341 0.5439 0.3341
t 269 270 268 FC2120 FD2120 FA2B2A 0.5439 0.3341 0.5439 0.3508 0.5891 0.3508
t 270 269 271 FD2120 FC2120 F97473 0.5439 0.3508 0.5439 0.3341 0.4987 0.3341
t 271 272 270 F97473 F64443 FD2120 0.4987 0.3341 0.4987 0.3508 0.5439 0.3508
t 272 271 273 F64443 F97473 9C5959 0.4987 0.3508 0.4987 0.3341 0.4535 0.3341
t 273 274 272 9C5959 F79291 F64443 0.4535 0.3341 0.4535 0.3508 0.4987 0.3508
t 274 273 275 F79291 9C5959 A34545 0.4535 0.3508 0.4535 0.3341 0.4083 0.3341
t 275 276 274 A34545 F93232 F79291 0.4083 0.3341 0.4083 0.3508 0.4535 0.3508
t 276 275 277 F93232 A34545 B25756 0.4083 0.3508 0.4083 0.3341 0.3631 0.3341
t 277 278 276 B25756 ED9393 F93232 0.3631 0.3341 0.3631 0.3508 0.4083 0.3508
t 278 277 279 ED9393 B25756 AC8585 0.3631 0.3508 0.3631 0.3341 0.3179 0.3341
t 279 280 278 AC8585 FEFCFC ED9393 0.3179 0.3341 0.3179 0.3508 0.3631 0.3508
t 280 279 281 FEFCFC AC8585 F8D5D5 0.3179 0.3508 0.3179 0.3341 0.2727 0.3341
t 282 283 284 BD6960 67564D F04847 0.8074 0.3805 0.8074 0.3644 0.7700 0.3675
t 284 285 282 F04847 F01A19 BD6960 0.7700 0.3675 0.7700 0.3842 0.8074 0.3805
t 285 284 286 F01A19 F04847 820F0F 0.7700 0.3842 0.7700 0.3675 0.7248 0.3675
t 286 287 285 820F0F EF1110 F01A19 0.7248 0.3675 0.7248 0.3842 0.7700 0.3842
t 287 286 288 EF1110 820F0F F81E1E 0.7248 0.3842 0.7248 0.3675 0.6795 0.3675
t 288 289 287 F81E1E F14847 EF1110 0.6795 0.3675 0.6795 0.3842 0.7248 0.3842
t 289 288 290 F14847 F81E1E BA7373 0.6795 0.3842 0.6795 0.3675 0.6343 0.3675
t 290 291 289 BA7373 AD6A6A F14847 0.6343 0.3675 0.6343 0.3842 0.6795 0.3842
t 291 290 292 AD6A6A BA7373 7F1F1F 0.6343 0.3842 0.6343 0.3675 0.5891 0.3675
t 292 293 291 7F1F1F A21F1F AD6A6A 0.5891 0.3675 0.5891 0.3842 0.6343 0.3842
t 293 292 294 A21F1F 7F1F1F 761E1E 0.5891 0.3842 0.5891 0.3675 0.5439 0.3675
t 294 295 293 761E1E E92222 A21F1F 0.5439 0.3675 0.5439 0.3842 0.5891 0.3842
t 295 294 296 E92222 761E1E E78989 0.5439 0.3842 0.5439 0.3675 0.4987 0.3675
t 296 297 295 E78989 F8E1E1 E92222 0.4987 0.3675 0.4987 0.3842 0.5439 0.3842
t 297 296 298 F8E1E1 E78989 F86867 0.4987 0.3842 0.4987 0.3675 0.4535 0.3675
t 299 300 301 F8F8F8 FAF4F4 FDF0F0 0.2727 0.3508 0.2727 0.3675 0.3179 0.3675
t 300 299 302 FAF4F4 F8F8F8 FEFDFD 0.2727 0.3675 0.2727 0.3508 0.2275 0.3508
t 302 303 300 FEFDFD F8E8E8 FAF4F4 0.2275 0.3508 0.2275 0.3675 0.2727 0.3675
t 303 302 304 F8E8E8 FEFDFD ECE5DD 0.2275 0.3675 0.2275 0.3508 0.1901 0.3644
t 304 305 303 ECE5DD ECE7DE F8E8E8 0.1901 0.3644 0.1901 0.3805 0.2275 0.3675
t 283 260 259 67564D A5574D ED1918 0.8074 0.3644 0.8074 0.3483 0.7700 0.3508
t 259 284 283 ED1918 F04847 67564D 0.7700 0.3508 0.7700 0.3675 0.8074 0.3644
t 284 259 262 F04847 ED1918 5B0D0D 0.7700 0.3675 0.7700 0.3508 0.7248 0.3508
t 262 286 284 5B0D0D 820F0F F04847 0.7248 0.3508 0.7248 0.3675 0.7700 0.3675
t 286 262 264 820F0F 5B0D0D 4F1516 0.7248 0.3675 0.7248 0.3508 0.6795 0.3508
t 264 288 286 4F1516 F81E1E 820F0F 0.6795 0.3508 0.6795 0.3675 0.7248 0.3675
t 288 264 266 F81E1E 4F1516 F33C3B 0.6795 0.3675 0.6795 0.3508 0.6343 0.3508
t 266 290 288 F33C3B BA7373 F81E1E 0.6343 0.3508 0.6343 0.3675 0.6795 0.3675
t 290 266 268 BA7373 F33C3B FA2B2A 0.6343 0.3675 0.6343 0.3508 0.5891 0.3508
t 268 292 290 FA2B2A 7F1F1F BA7373 0.5891 0.3508 0.5891 0.3675 0.6343 0.3675
t 292 268 270 7F1F1F FA2B2A FD2120 0.5891 0.3675 0.5891 0.3508 0.5439 0.3508
t 270 294 292 FD2120 761E1E 7F1F1F 0.5439 0.3508 0.5439 0.3675 0.5891 0.3675
t 294 270 272 761E1E FD2120 F64443 0.5439 0.3675 0.5439 0.3508 0.4987 0.3508
t 272 296 294 F64443 E78989 761E1E 0.4987 0.3508 0.4987 0.3675 0.5439 0.3675
t 296 272 274 E78989 F64443 F79291 0.4987 0.3675 0.4987 0.3508 0.4535 0.3508
t 274 298 296 F79291 F86867 E78989 0.4535 0.3508 0.4535 0.3675 0.4987 0.3675
t 298 274 276 F86867 F79291 F93232 0.4535 0.3675 0.4535 0.3508 0.4083 0.3508
t 276 306 298 F93232 F92E2D F86867 0.4083 0.3508 0.4083 0.3675 0.4535 0.3675
t 306 276 278 F92E2D F93232 ED9393 0.4083 0.3675 0.4083 0.3508 0.3631 0.3508
t 278 307 306 ED9393 EA7574 F92E2D 0.3631 0.3508 0.3631 0.3675 0.4083 0.3675
t 307 278 280 EA7574 ED9393 FEFCFC 0.3631 0.3675 0.3631 0.3508 0.3179 0.3508
t 280 301 307 FEFCFC FDF0F0 EA7574 0.3179 0.3508 0.3179 0.3675 0.3631 0.3675
t 280 299 301 FEFCFC F8F8F8 FDF0F0 0.3179 0.3508 0.2727 0.3508 0.3179 0.3675
t 299 280 281 F8F8F8 FEFCFC F8D5D5 0.2727 0.3508 0.3179 0.3508 0.2727 0.3341
t 299 281 308 F8F8F8 F8D5D5 EC3939 0.2727 0.3508 0.2727 0.3341 0.2275 0.3341
t 308 302 299 EC3939 FEFDFD F8F8F8 0.2275 0.3341 0.2275 0.3508 0.2727 0.3508
t 302 308 309 FEFDFD EC3939 BC9991 0.2275 0.3508 0.2275 0.3341 0.1901 0.3483
t 309 304 302 BC9991 ECE5DD FEFDFD 0.1901 0.3483 0.1901 0.3644 0.2275 0.3508
t 227 258 260 DC574E F10A09 A5574D 0.8074 0.3322 0.7700 0.3341 0.8074 0.3483
t 258 227 229 F10A09 DC574E F63C3D 0.7700 0.3341 0.8074 0.3322 0.7700 0.3174
t 258 229 251 F10A09 F63C3D FA100E 0.7700 0.3341 0.7700 0.3174 0.7248 0.3174
t 251 261 258 FA100E F80F0E F10A09 0.7248 0.3174 0.7248 0.3341 0.7700 0.3341
t 261 251 252 F80F0E FA100E FB1918 0.7248 0.3341 0.7248 0.3174 0.6795 0.3174
t 252 263 261 FB1918 FA1A19 F80F0E 0.6795 0.3174 0.6795 0.3341 0.7248 0.3341
t 263 252 232 FA1A19 FB1918 FC211F 0.6795 0.3341 0.6795 0.3174 0.6343 0.3174
t 232 265 263 FC211F FC1F1E FA1A19 0.6343 0.3174 0.6343 0.3341 0.6795 0.3341
t 265 232 231 FC1F1E FC211F F82120 0.6343 0.3341 0.6343 0.3174 0.5891 0.3174
t 231 267 265 F82120 FC2120 FC1F1E 0.5891 0.3174 0.5891 0.3341 0.6343 0.3341
t 267 231 234 FC2120 F82120 C22120 0.5891 0.3341 0.5891 0.3174 0.5439 0.3174
t 234 269 267 C22120 FC2120 FC2120 0.5439 0.3174 0.5439 0.3341 0.5891 0.3341
t 269 234 236 FC2120 C22120 F86463 0.5439 0.3341 0.5439 0.3174 0.4987 0.3174
t 236 271 269 F86463 F97473 FC2120 0.4987 0.3174 0.4987 0.3341 0.5439 0.3341
t 271 236 238 F97473 F86463 733838 0.4987 0.3341 0.4987 0.3174 0.4535 0.3174
t 238 273 271 733838 9C5959 F97473 0.4535 0.3174 0.4535 0.3341 0.4987 0.3341
t 273 238 240 9C5959 733838 ED2C2B 0.4535 0.3341 0.4535 0.3174 0.4083 0.3174
t 240 275 273 ED2C2B A34545 9C5959 0.4083 0.3174 0.4083 0.3341 0.4535 0.3341
t 275 240 242 A34545 ED2C2B 995554 0.4083 0.3341 0.4083 0.3174 0.3631 0.3174
t 242 277 275 995554 B25756 A34545 0.3631 0.3174 0.3631 0.3341 0.4083 0.3341
t 277 242 244 B25756 995554 E8ABAA 0.3631 0.3341 0.3631 0.3174 0.3179 0.3174
t 244 279 277 E8ABAA AC8585 B25756 0.3179 0.3174 0.3179 0.3341 0.3631 0.3341
t 279 244 246 AC8585 E8ABAA F69F9F 0.3179 0.3341 0.3179 0.3174 0.2727 0.3174
t 246 281 279 F69F9F F8D5D5 AC8585 0.2727 0.3174 0.2727 0.3341 0.3179 0.3341
t 281 246 248 F8D5D5 F69F9F FEFCFC 0.2727 0.3341 0.2727 0.3174 0.2275 0.3174
t 248 308 281 FEFCFC EC3939 F8D5D5 0.2275 0.3174 0.2275 0.3341 0.2727 0.3341
t 308 248 250 EC3939 FEFCFC E19189 0.2275 0.3341 0.2275 0.3174 0.1901 0.3322
t 250 309 308 E19189 BC9991 EC3939 0.1901 0.3322 0.1901 0.3483 0.2275 0.3341
t 310 311 312 DCCCC3 DABDB4 F31F1E 0.8074 0.4126 0.8074 0.3965 0.7700 0.4009
t 312 313 310 F31F1E F79391 DCCCC3 0.7700 0.4009 0.7700 0.4175 0.8074 0.4126
t 313 312 314 F79391 F31F1E 9F1110 0.7700 0.4175 0.7700 0.4009 0.7248 0.4009
t 314 315 313 9F1110 E21110 F79391 0.7248 0.4009 0.7248 0.4175 0.7700 0.4175
t 315 314 316 E21110 9F1110 BB3E3E 0.7248 0.4175 0.7248 0.4009 0.6795 0.4009
t 316 317 315 BB3E3E F13E3D E21110 0.6795 0.4009 0.6795 0.4175 0.7248 0.4175
t 317 316 318 F13E3D BB3E3E EBE9E9 0.6795 0.4175 0.6795 0.4009 0.6343 0.4009
t 319 320 321 8E5C5B 923838 F33232 0.4535 0.3842 0.4535 0.4009 0.4987 0.4009
t 320 319 322 923838 8E5C5B EE8888 0.4535 0.4009 0.4535 0.3842 0.4083 0.3842
t 322 323 320 EE8888 B11E1E 923838 0.4083 0.3842 0.4083 0.4009 0.4535 0.4009
t 323 322 324 B11E1E EE8888 8B7878 0.4083 0.4009 0.4083 0.3842 0.3631 0.3842
t 324 325 323 8B7878 D35251 B11E1E 0.3631 0.3842 0.3631 0.4009 0.4083 0.4009
t 325 324 326 D35251 8B7878 F2F2F2 0.3631 0.4009 0.3631 0.3842 0.3179 0.3842
t 326 327 325 F2F2F2 DF6463 D35251 0.3179 0.3842 0.3179 0.4009 0.3631 0.4009
t 327 326 328 DF6463 F2F2F2 FEFEFE 0.3179 0.4009 0.3179 0.3842 0.2727 0.3842
t 328 329 327 FEFEFE C7C0C0 DF6463 0.2727 0.3842 0.2727 0.4009 0.3179 0.4009
t 329 328 330 C7C0C0 FEFEFE F6F5F5 0.2727 0.4009 0.2727 0.3842 0.2275 0.3842
t 330 331 329 F6F5F5 FEFEFE C7C0C0 0.2275 0.3842 0.2275 0.4009 0.2727 0.4009
t 331 330 332 FEFEFE F6F5F5 C0ABA3 0.2275 0.4009 0.2275 0.3842 0.1901 0.3965
t 332 333 331 C0ABA3 CB746C FEFEFE 0.1901 0.3965 0.1901 0.4126 0.2275 0.4009
t 334 335 336 DC7269 DED4CC FAB0AF 0.8074 0.4447 0.8074 0.4287 0.7700 0.4342
t 337 338 339 E26464 FDFBFB F6BAB9 0.6343 0.4175 0.6343 0.4342 0.6795 0.4342
t 338 337 340 FDFBFB E26464 8F3C3C 0.6343 0.4342 0.6343 0.4175 0.5891 0.4175
t 340 341 338 8F3C3C 462020 FDFBFB 0.5891 0.4175 0.5891 0.4342 0.6343 0.4342
t 341 340 342 462020 8F3C3C A41E1E 0.5891 0.4342 0.5891 0.4175 0.5439 0.4175
t 342 343 341 A41E1E EC7C7C 462020 0.5439 0.4175 0.5439 0.4342 0.5891 0.4342
t 343 342 344 EC7C7C A41E1E F3201F 0.5439 0.4342 0.5439 0.4175 0.4987 0.4175
t 344 345 343 F3201F B25A5C EC7C7C 0.4987 0.4175 0.4987 0.4342 0.5439 0.4342
t 345 344 346 B25A5C F3201F 5D1D1D 0.4987 0.4342 0.4987 0.4175 0.4535 0.4175
t 346 347 345 5D1D1D 7A1C1C B25A5C 0.4535 0.4175 0.4535 0.4342 0.4987 0.4342
t 347 346 348 7A1C1C 5D1D1D EC2221 0.4535 0.4342 0.4535 0.4175 0.4083 0.4175
t 348 349 347 EC2221 FB2423 7A1C1C 0.4083 0.4175 0.4083 0.4342 0.4535 0.4342
t 349 348 350 FB2423 EC2221 B46969 0.4083 0.4342 0.4083 0.4175 0.3631 0.4175
t 350 351 349 B46969 D6B3B3 FB2423 0.3631 0.4175 0.3631 0.4342 0.4083 0.4342
t 351 350 352 D6B3B3 B46969 961B1B 0.3631 0.4342 0.3631 0.4175 0.3179 0.4175
t 352 353 351 961B1B 9E1D1D D6B3B3 0.3179 0.4175 0.3179 0.4342 0.3631 0.4342
t 353 352 354 9E1D1D 961B1B 9F6A6A 0.3179 0.4342 0.3179 0.4175 0.2727 0.4175
t 354 355 353 9F6A6A 513535 9E1D1D 0.2727 0.4175 0.2727 0.4342 0.3179 0.4342
t 355 354 356 513535 9F6A6A C9C8C8 0.2727 0.4342 0.2727 0.4175 0.2275 0.4175
t 356 357 355 C9C8C8 B71C1B 513535 0.2275 0.4175 0.2275 0.4342 0.2727 0.4342
t 357 356 358 B71C1B C9C8C8 BF645C 0.2275 0.4342 0.2275 0.4175 0.1901 0.4287
t 335 310 313 DED4CC DCCCC3 F79391 0.8074 0.4287 0.8074 0.4126 0.7700 0.4175
t 313 336 335 F79391 FAB0AF DED4CC 0.7700 0.4175 0.7700 0.4342 0.8074 0.4287
t 336 313 315 FAB0AF F79391 E21110 0.7700 0.4342 0.7700 0.4175 0.7248 0.4175
t 315 359 336 E21110 F5C2C1 FAB0AF 0.7248 0.4175 0.7248 0.4342 0.7700 0.4342
t 359 315 317 F5C2C1 E21110 F13E3D 0.7248 0.4342 0.7248 0.4175 0.6795 0.4175
t 317 339 359 F13E3D F6BAB9 F5C2C1 0.6795 0.4175 0.6795 0.4342 0.7248 0.4342
t 317 337 339 F13E3D E26464 F6BAB9 0.6795 0.4175 0.6343 0.4175 0.6795 0.4342
t 337 317 318 E26464 F13E3D EBE9E9 0.6343 0.4175 0.6795 0.4175 0.6343 0.4009
t 337 318 360 E26464 EBE9E9 E92C2B 0.6343 0.4175 0.6343 0.4009 0.5891 0.4009
t 360 340 337 E92C2B 8F3C3C E26464 0.5891 0.4009 0.5891 0.4175 0.6343 0.4175
t 340 360 361 8F3C3C E92C2B FD201F 0.5891 0.4175 0.5891 0.4009 0.5439 0.4009
t 361 342 340 FD201F A41E1E 8F3C3C 0.5439 0.4009 0.5439 0.4175 0.5891 0.4175
t 342 361 321 A41E1E FD201F F33232 0.5439 0.4175 0.5439 0.4009 0.4987 0.4009
t 321 344 342 F33232 F3201F A41E1E 0.4987 0.4009 0.4987 0.4175 0.5439 0.4175
t 344 321 320 F3201F F33232 923838 0.4987 0.4175 0.4987 0.4009 0.4535 0.4009
t 320 346 344 923838 5D1D1D F3201F 0.4535 0.4009 0.4535 0.4175 0.4987 0.4175
t 346 320 323 5D1D1D 923838 B11E1E 0.4535 0.4175 0.4535 0.4009 0.4083 0.4009
t 323 348 346 B11E1E EC2221 5D1D1D 0.4083 0.4009 0.4083 0.4175 0.4535 0.4175
t 348 323 325 EC2221 B11E1E D35251 0.4083 0.4175 0.4083 0.4009 0.3631 0.4009
t 325 350 348 D35251 B46969 EC2221 0.3631 0.4009 0.3631 0.4175 0.4083 0.4175
t 350 325 327 B46969 D35251 DF6463 0.3631 0.4175 0.3631 0.4009 0.3179 0.4009
t 327 352 350 DF6463 961B1B B46969 0.3179 0.4009 0.3179 0.4175 0.3631 0.4175
t 352 327 329 961B1B DF6463 C7C0C0 0.3179 0.4175 0.3179 0.4009 0.2727 0.4009
t 329 354 352 C7C0C0 9F6A6A 961B1B 0.2727 0.4009 0.2727 0.4175 0.3179 0.4175
t 354 329 331 9F6A6A C7C0C0 FEFEFE 0.2727 0.4175 0.2727 0.4009 0.2275 0.4009
t 331 356 354 FEFEFE C9C8C8 9F6A6A 0.2275 0.4009 0.2275 0.4175 0.2727 0.4175
t 356 331 333 C9C8C8 FEFEFE CB746C 0.2275 0.4175 0.2275 0.4009 0.1901 0.4126
t 333 358 356 CB746C BF645C C9C8C8 0.1901 0.4126 0.1901 0.4287 0.2275 0.4175
t 362 363 364 F32B2B F9B1B0 DD887E 0.7700 0.4509 0.7700 0.4676 0.8074 0.4608
t 363 362 365 F9B1B0 F32B2B FEFDFE 0.7700 0.4676 0.7700 0.4509 0.7248 0.4509
t 365 366 363 FEFDFE FEFBFB F9B1B0 0.7248 0.4509 0.7248 0.4676 0.7700 0.4676
t 366 365 367 FEFBFB FEFDFE FEFEFE 0.7248 0.4676 0.7248 0.4509 0.6795 0.4509
t 367 368 366 FEFEFE FEFEFE FEFBFB 0.6795 0.4509 0.6795 0.4676 0.7248 0.4676
t 368 367 369 FEFEFE FEFEFE F9ECEB 0.6795 0.4676 0.6795 0.4509 0.6343 0.4509
t 369 370 368 F9ECEB B59291 FEFEFE 0.6343 0.4509 0.6343 0.4676 0.6795 0.4676
t 370 369 371 B59291 F9ECEB D42525 0.6343 0.4676 0.6343 0.4509 0.5891 0.4509
t 371 372 370 D42525 E12121 B59291 0.5891 0.4509 0.5891 0.4676 0.6343 0.4676
t 372 371 373 E12121 D42525 E02120 0.5891 0.4676 0.5891 0.4509 0.5439 0.4509
t 373 374 372 E02120 3B1D1D E12121 0.5439 0.4509 0.5439 0.4676 0.5891 0.4676
t 374 373 375 3B1D1D E02120 571E1E 0.5439 0.4676 0.5439 0.4509 0.4987 0.4509
t 375 376 374 571E1E 442222 3B1D1D 0.4987 0.4509 0.4987 0.4676 0.5439 0.4676
t 376 375 377 442222 571E1E 711C1B 0.4987 0.4676 0.4987 0.4509 0.4535 0.4509
t 377 378 376 711C1B AC9292 442222 0.4535 0.4509 0.4535 0.4676 0.4987 0.4676
t 378 377 379 AC9292 711C1B F33634 0.4535 0.4676 0.4535 0.4509 0.4083 0.4509
t 379 380 378 F33634 E61F1F AC9292 0.4083 0.4509 0.4083 0.4676 0.4535 0.4676
t 380 379 381 E61F1F F33634 F22E2E 0.4083 0.4676 0.4083 0.4509 0.3631 0.4509
t 381 382 380 F22E2E A52828 E61F1F 0.3631 0.4509 0.3631 0.4676 0.4083 0.4676
t 382 381 383 A52828 F22E2E E32423 0.3631 0.4676 0.3631 0.4509 0.3179 0.4509
t 384 385 386 AA8078 9A746C 491010 0.1901 0.4447 0.1901 0.4608 0.2275 0.4509
t 387 388 389 BC9A91 CF978E FDFBFA 0.8074 0.4930 0.8074 0.4769 0.7700 0.4843
t 389 390 387 FDFBFA F59D9D BC9A91 0.7700 0.4843 0.7700 0.5010 0.8074 0.4930
t 390 389 391 F59D9D FDFBFA F28E8E 0.7700 0.5010 0.7700 0.4843 0.7248 0.4843
t 391 392 390 F28E8E F3A6A5 F59D9D 0.7248 0.4843 0.7248 0.5010 0.7700 0.5010
t 392 391 393 F3A6A5 F28E8E FDF4F4 0.7248 0.5010 0.7248 0.4843 0.6795 0.4843
t 393 394 392 FDF4F4 DC4143 F3A6A5 0.6795 0.4843 0.6795 0.5010 0.7248 0.5010
t 394 393 395 DC4143 FDF4F4 FADBDB 0.6795 0.5010 0.6795 0.4843 0.6343 0.4843
t 395 396 394 FADBDB 381F1F DC4143 0.6343 0.4843 0.6343 0.5010 0.6795 0.5010
t 396 395 397 381F1F FADBDB 671E1E 0.6343 0.5010 0.6343 0.4843 0.5891 0.4843
t 397 398 396 671E1E 482020 381F1F 0.5891 0.4843 0.5891 0.5010 0.6343 0.5010
t 398 397 399 482020 671E1E 4D1E1F 0.5891 0.5010 0.5891 0.4843 0.5439 0.4843
t 399 400 398 4D1E1F 5F2020 482020 0.5439 0.4843 0.5439 0.5010 0.5891 0.5010
t 400 399 401 5F2020 4D1E1F 4E1D1E 0.5439 0.5010 0.5439 0.4843 0.4987 0.4843
t 402 403 404 EF1F1E 8F2020 A32F2E 0.3179 0.4676 0.3179 0.4843 0.3631 0.4843
t 403 402 405 8F2020 EF1F1E 712627 0.3179 0.4843 0.3179 0.4676 0.2727 0.4676
t 405 406 403 712627 6A1B1A 8F2020 0.2727 0.4676 0.2727 0.4843 0.3179 0.4843
t 406 405 407 6A1B1A 712627 5C1010 0.2727 0.4843 0.2727 0.4676 0.2275 0.4676
t 407 408 406 5C1010 BA1211 6A1B1A 0.2275 0.4676 0.2275 0.4843 0.2727 0.4843
t 408 407 409 BA1211 5C1010 935A53 0.2275 0.4843 0.2275 0.4676 0.1901 0.4769
t 409 410 408 935A53 B4827A BA1211 0.1901 0.4769 0.1901 0.4930 0.2275 0.4843
t 388 364 363 CF978E DD887E F9B1B0 0.8074 0.4769 0.8074 0.4608 0.7700 0.4676
t 363 389 388 F9B1B0 FDFBFA CF978E 0.7700 0.4676 0.7700 0.4843 0.8074 0.4769
t 389 363 366 FDFBFA F9B1B0 FEFBFB 0.7700 0.4843 0.7700 0.4676 0.7248 0.4676
t 366 391 389 FEFBFB F28E8E FDFBFA 0.7248 0.4676 0.7248 0.4843 0.7700 0.4843
t 391 366 368 F28E8E FEFBFB FEFEFE 0.7248 0.4843 0.7248 0.4676 0.6795 0.4676
t 368 393 391 FEFEFE FDF4F4 F28E8E 0.6795 0.4676 0.6795 0.4843 0.7248 0.4843
t 393 368 370 FDF4F4 FEFEFE B59291 0.6795 0.4843 0.6795 0.4676 0.6343 0.4676
t 370 395 393 B59291 FADBDB FDF4F4 0.6343 0.4676 0.6343 0.4843 0.6795 0.4843
t 395 370 372 FADBDB B59291 E12121 0.6343 0.4843 0.6343 0.4676 0.5891 0.4676
t 372 397 395 E12121 671E1E FADBDB 0.5891 0.4676 0.5891 0.4843 0.6343 0.4843
t 397 372 374 671E1E E12121 3B1D1D 0.5891 0.4843 0.5891 0.4676 0.5439 0.4676
t 374 399 397 3B1D1D 4D1E1F 671E1E 0.5439 0.4676 0.5439 0.4843 0.5891 0.4843
t 399 374 376 4D1E1F 3B1D1D 442222 0.5439 0.4843 0.5439 0.4676 0.4987 0.4676
t 376 401 399 442222 4E1D1E 4D1E1F 0.4987 0.4676 0.4987 0.4843 0.5439 0.4843
t 401 376 378 4E1D1E 442222 AC9292 0.4987 0.4843 0.4987 0.4676 0.4535 0.4676
t 378 411 401 AC9292 6D3435 4E1D1E 0.4535 0.4676 0.4535 0.4843 0.4987 0.4843
t 411 378 380 6D3435 AC9292 E61F1F 0.4535 0.4843 0.4535 0.4676 0.4083 0.4676
t 380 412 411 E61F1F AE2424 6D3435 0.4083 0.4676 0.4083 0.4843 0.4535 0.4843
t 412 380 382 AE2424 E61F1F A52828 0.4083 0.4843 0.4083 0.4676 0.3631 0.4676
t 382 404 412 A52828 A32F2E AE2424 0.3631 0.4676 0.3631 0.4843 0.4083 0.4843
t 382 402 404 A52828 EF1F1E A32F2E 0.3631 0.4676 0.3179 0.4676 0.3631 0.4843
t 402 382 383 EF1F1E A52828 E32423 0.3179 0.4676 0.3631 0.4676 0.3179 0.4509
t 402 383 413 EF1F1E E32423 712929 0.3179 0.4676 0.3179 0.4509 0.2727 0.4509
t 413 405 402 712929 712627 EF1F1E 0.2727 0.4509 0.2727 0.4676 0.3179 0.4676
t 405 413 386 712627 712929 491010 0.2727 0.4676 0.2727 0.4509 0.2275 0.4509
t 386 407 405 491010 5C1010 712627 0.2275 0.4509 0.2275 0.4676 0.2727 0.4676
t 407 386 385 5C1010 491010 9A746C 0.2275 0.4676 0.2275 0.4509 0.1901 0.4608
t 385 409 407 9A746C 935A53 5C1010 0.1901 0.4608 0.1901 0.4769 0.2275 0.4676
t 334 362 364 DC7269 F32B2B DD887E 0.8074 0.4447 0.7700 0.4509 0.8074 0.4608
t 362 334 336 F32B2B DC7269 FAB0AF 0.7700 0.4509 0.8074 0.4447 0.7700 0.4342
t 362 336 359 F32B2B FAB0AF F5C2C1 0.7700 0.4509 0.7700 0.4342 0.7248 0.4342
t 359 365 362 F5C2C1 FEFDFE F32B2B 0.7248 0.4342 0.7248 0.4509 0.7700 0.4509
t 365 359 339 FEFDFE F5C2C1 F6BAB9 0.7248 0.4509 0.7248 0.4342 0.6795 0.4342
t 339 367 365 F6BAB9 FEFEFE FEFDFE 0.6795 0.4342 0.6795 0.4509 0.7248 0.4509
t 367 339 338 FEFEFE F6BAB9 FDFBFB 0.6795 0.4509 0.6795 0.4342 0.6343 0.4342
t 338 369 367 FDFBFB F9ECEB FEFEFE 0.6343 0.4342 0.6343 0.4509 0.6795 0.4509
t 369 338 341 F9ECEB FDFBFB 462020 0.6343 0.4509 0.6343 0.4342 0.5891 0.4342
t 341 371 369 462020 D42525 F9ECEB 0.5891 0.4342 0.5891 0.4509 0.6343 0.4509
t 371 341 343 D42525 462020 EC7C7C 0.5891 0.4509 0.5891 0.4342 0.5439 0.4342
t 343 373 371 EC7C7C E02120 D42525 0.5439 0.4342 0.5439 0.4509 0.5891 0.4509
t 373 343 345 E02120 EC7C7C B25A5C 0.5439 0.4509 0.5439 0.4342 0.4987 0.4342
t 345 375 373 B25A5C 571E1E E02120 0.4987 0.4342 0.4987 0.4509 0.5439 0.4509
t 375 345 347 571E1E B25A5C 7A1C1C 0.4987 0.4509 0.4987 0.4342 0.4535 0.4342
t 347 377 375 7A1C1C 711C1B 571E1E 0.4535 0.4342 0.4535 0.4509 0.4987 0.4509
t 377 347 349 711C1B 7A1C1C FB2423 0.4535 0.4509 0.4535 0.4342 0.4083 0.4342
t 349 379 377 FB2423 F33634 711C1B 0.4083 0.4342 0.4083 0.4509 0.4535 0.4509
t 379 349 351 F33634 FB2423 D6B3B3 0.4083 0.4509 0.4083 0.4342 0.3631 0.4342
t 351 381 379 D6B3B3 F22E2E F33634 0.3631 0.4342 0.3631 0.4509 0.4083 0.4509
t 381 351 353 F22E2E D6B3B3 9E1D1D 0.3631 0.4509 0.3631 0.4342 0.3179 0.4342
t 353 383 381 9E1D1D E32423 F22E2E 0.3179 0.4342 0.3179 0.4509 0.3631 0.4509
t 383 353 355 E32423 9E1D1D 513535 0.3179 0.4509 0.3179 0.4342 0.2727 0.4342
t 355 413 383 513535 712929 E32423 0.2727 0.4342 0.2727 0.4509 0.3179 0.4509
t 413 355 357 712929 513535 B71C1B 0.2727 0.4509 0.2727 0.4342 0.2275 0.4342
t 357 386 413 B71C1B 491010 712929 0.2275 0.4342 0.2275 0.4509 0.2727 0.4509
t 357 384 386 B71C1B AA8078 491010 0.2275 0.4342 0.1901 0.4447 0.2275 0.4509
t 384 357 358 AA8078 B71C1B BF645C 0.1901 0.4447 0.2275 0.4342 0.1901 0.4287
t 311 282 285 DABDB4 BD6960 F01A19 0.8074 0.3965 0.8074 0.3805 0.7700 0.3842
t 285 312 311 F01A19 F31F1E DABDB4 0.7700 0.3842 0.7700 0.4009 0.8074 0.3965
t 312 285 287 F31F1E F01A19 EF1110 0.7700 0.4009 0.7700 0.3842 0.7248 0.3842
t 287 314 312 EF1110 9F1110 F31F1E 0.7248 0.3842 0.7248 0.4009 0.7700 0.4009
t 314 287 289 9F1110 EF1110 F14847 0.7248 0.4009 0.7248 0.3842 0.6795 0.3842
t 289 316 314 F14847 BB3E3E 9F1110 0.6795 0.3842 0.6795 0.4009 0.7248 0.4009
t 316 289 291 BB3E3E F14847 AD6A6A 0.6795 0.4009 0.6795 0.3842 0.6343 0.3842
t 291 318 316 AD6A6A EBE9E9 BB3E3E 0.6343 0.3842 0.6343 0.4009 0.6795 0.4009
t 318 291 293 EBE9E9 AD6A6A A21F1F 0.6343 0.4009 0.6343 0.3842 0.5891 0.3842
t 293 360 318 A21F1F E92C2B EBE9E9 0.5891 0.3842 0.5891 0.4009 0.6343 0.4009
t 360 293 295 E92C2B A21F1F E92222 0.5891 0.4009 0.5891 0.3842 0.5439 0.3842
t 295 361 360 E92222 FD201F E92C2B 0.5439 0.3842 0.5439 0.4009 0.5891 0.4009
t 361 295 297 FD201F E92222 F8E1E1 0.5439 0.4009 0.5439 0.3842 0.4987 0.3842
t 297 321 361 F8E1E1 F33232 FD201F 0.4987 0.3842 0.4987 0.4009 0.5439 0.4009
t 297 319 321 F8E1E1 8E5C5B F33232 0.4987 0.3842 0.4535 0.3842 0.4987 0.4009
t 319 297 298 8E5C5B F8E1E1 F86867 0.4535 0.3842 0.4987 0.3842 0.4535 0.3675
t 319 298 306 8E5C5B F86867 F92E2D 0.4535 0.3842 0.4535 0.3675 0.4083 0.3675
t 306 322 319 F92E2D EE8888 8E5C5B 0.4083 0.3675 0.4083 0.3842 0.4535 0.3842
t 322 306 307 EE8888 F92E2D EA7574 0.4083 0.3842 0.4083 0.3675 0.3631 0.3675
t 307 324 322 EA7574 8B7878 EE8888 0.3631 0.3675 0.3631 0.3842 0.4083 0.3842
t 324 307 301 8B7878 EA7574 FDF0F0 0.3631 0.3842 0.3631 0.3675 0.3179 0.3675
t 301 326 324 FDF0F0 F2F2F2 8B7878 0.3179 0.3675 0.3179 0.3842 0.3631 0.3842
t 326 301 300 F2F2F2 FDF0F0 FAF4F4 0.3179 0.3842 0.3179 0.3675 0.2727 0.3675
t 300 328 326 FAF4F4 FEFEFE F2F2F2 0.2727 0.3675 0.2727 0.3842 0.3179 0.3842
t 328 300 303 FEFEFE FAF4F4 F8E8E8 0.2727 0.3842 0.2727 0.3675 0.2275 0.3675
t 303 330 328 F8E8E8 F6F5F5 FEFEFE 0.2275 0.3675 0.2275 0.3842 0.2727 0.3842
t 330 303 305 F6F5F5 F8E8E8 ECE7DE 0.2275 0.3842 0.2275 0.3675 0.1901 0.3805
t 305 332 330 ECE7DE C0ABA3 F6F5F5 0.1901 0.3805 0.1901 0.3965 0.2275 0.3842
t 209 47 58 CD544B CF5148 E10E0D 0.8068 0.2705 0.8063 0.2569 0.7700 0.2673
t 58 207 209 E10E0D E10E0D CD544B 0.7700 0.2673 0.7700 0.2840 0.8068 0.2705
t 207 58 57 E10E0D E10E0D EA1513 0.7700 0.2840 0.7700 0.2673 0.7248 0.2673
t 57 212 207 EA1513 F91311 E10E0D 0.7248 0.2673 0.7248 0.2840 0.7700 0.2840
t 212 57 56 F91311 EA1513 CA3A39 0.7248 0.2840 0.7248 0.2673 0.6795 0.2673
t 56 214 212 CA3A39 F21C1B F91311 0.6795 0.2673 0.6795 0.2840 0.7248 0.2840
t 214 56 55 F21C1B CA3A39 DF3B3A 0.6795 0.2840 0.6795 0.2673 0.6343 0.2673
t 55 216 214 DF3B3A EC2523 F21C1B 0.6343 0.2673 0.6343 0.2840 0.6795 0.2840
t 216 55 54 EC2523 DF3B3A B02B2B 0.6343 0.2840 0.6343 0.2673 0.5891 0.2673
t 54 218 216 B02B2B F72725 EC2523 0.5891 0.2673 0.5891 0.2840 0.6343 0.2840
t 218 54 53 F72725 B02B2B F72D2C 0.5891 0.2840 0.5891 0.2673 0.5439 0.2673
t 53 253 218 F72D2C FA2A28 F72725 0.5439 0.2673 0.5439 0.2840 0.5891 0.2840
t 253 53 52 FA2A28 F72D2C FC3433 0.5439 0.2840 0.5439 0.2673 0.4987 0.2673
t 52 254 253 FC3433 FB302F FA2A28 0.4987 0.2673 0.4987 0.2840 0.5439 0.2840
t 254 52 51 FB302F FC3433 F65150 0.4987 0.2840 0.4987 0.2673 0.4535 0.2673
t 51 255 254 F65150 EA6766 FB302F 0.4535 0.2673 0.4535 0.2840 0.4987 0.2840
t 255 51 50 EA6766 F65150 A03838 0.4535 0.2840 0.4535 0.2673 0.4083 0.2673
t 50 256 255 A03838 6B6161 EA6766 0.4083 0.2673 0.4083 0.2840 0.4535 0.2840
t 256 50 49 6B6161 A03838 AD6362 0.4083 0.2840 0.4083 0.2673 0.3631 0.2673
t 49 257 256 AD6362 8F4443 6B6161 0.3631 0.2673 0.3631 0.2840 0.4083 0.2840
t 257 49 48 8F4443 AD6362 4E2424 0.3631 0.2840 0.3631 0.2673 0.3179 0.2673
t 48 221 257 4E2424 593C3C 8F4443 0.3179 0.2673 0.3179 0.2840 0.3631 0.2840
t 48 219 221 4E2424 F9F7F7 593C3C 0.3179 0.2673 0.2727 0.2673 0.3179 0.2840
t 219 48 26 F9F7F7 4E2424 ECDCDB 0.2727 0.2673 0.3179 0.2673 0.2727 0.2506
t 219 26 24 F9F7F7 ECDCDB B71817 0.2727 0.2673 0.2727 0.2506 0.2275 0.2506
t 24 222 219 B71817 411313 F9F7F7 0.2275 0.2506 0.2275 0.2673 0.2727 0.2673
t 222 24 23 411313 B71817 D9ADA5 0.2275 0.2673 0.2275 0.2506 0.1912 0.2569
t 23 224 222 D9ADA5 EAE5DD 411313 0.1912 0.2569 0.1906 0.2705 0.2275 0.2673
t 414 415 416 D25B52 DB685E ED4142 0.8074 0.5251 0.8074 0.5090 0.7700 0.5177
t 416 417 414 ED4142 E06061 D25B52 0.7700 0.5177 0.7700 0.5344 0.8074 0.5251
t 417 416 418 E06061 ED4142 EF8888 0.7700 0.5344 0.7700 0.5177 0.7248 0.5177
t 419 420 421 691F1F 5F2525 3F2020 0.4987 0.5010 0.4987 0.5177 0.5439 0.5177
t 420 419 422 5F2525 691F1F 71201F 0.4987 0.5177 0.4987 0.5010 0.4535 0.5010
t 422 423 420 71201F A62322 5F2525 0.4535 0.5010 0.4535 0.5177 0.4987 0.5177
t 423 422 424 A62322 71201F 922322 0.4535 0.5177 0.4535 0.5010 0.4083 0.5010
t 424 425 423 922322 3F2020 A62322 0.4083 0.5010 0.4083 0.5177 0.4535 0.5177
t 425 424 426 3F2020 922322 A52F2E 0.4083 0.5177 0.4083 0.5010 0.3631 0.5010
t 426 427 425 A52F2E 902222 3F2020 0.3631 0.5010 0.3631 0.5177 0.4083 0.5177
t 427 426 428 902222 A52F2E C62120 0.3631 0.5177 0.3631 0.5010 0.3179 0.5010
t 428 429 427 C62120 BC1F1F 902222 0.3179 0.5010 0.3179 0.5177 0.3631 0.5177
t 429 428 430 BC1F1F C62120 B55C5C 0.3179 0.5177 0.3179 0.5010 0.2727 0.5010
t 430 431 429 B55C5C AF2E2D BC1F1F 0.2727 0.5010 0.2727 0.5177 0.3179 0.5177
t 431 430 432 AF2E2D B55C5C 851E1E 0.2727 0.5177 0.2727 0.5010 0.2275 0.5010
t 432 433 431 851E1E A32626 AF2E2D 0.2275 0.5010 0.2275 0.5177 0.2727 0.5177
t 433 432 434 A32626 851E1E DB9F96 0.2275 0.5177 0.2275 0.5010 0.1901 0.5090
t 434 435 433 DB9F96 D7CFC6 A32626 0.1901 0.5090 0.1901 0.5251 0.2275 0.5177
t 436 437 438 F34D4C D27271 FBF9F9 0.7248 0.5344 0.7248 0.5511 0.7700 0.5511
t 437 436 439 D27271 F34D4C F05661 0.7248 0.5511 0.7248 0.5344 0.6795 0.5344
t 439 440 437 F05661 F06C6D D27271 0.6795 0.5344 0.6795 0.5511 0.7248 0.5511
t 440 439 441 F06C6D F05661 201F1F 0.6795 0.5511 0.6795 0.5344 0.6343 0.5344
t 441 442 440 201F1F 6A4747 F06C6D 0.6343 0.5344 0.6343 0.5511 0.6795 0.5511
t 442 441 443 6A4747 201F1F 4C4B4C 0.6343 0.5511 0.6343 0.5344 0.5891 0.5344
t 443 444 442 4C4B4C 3A2E2E 6A4747 0.5891 0.5344 0.5891 0.5511 0.6343 0.5511
t 444 443 445 3A2E2E 4C4B4C 3D2021 0.5891 0.5511 0.5891 0.5344 0.5439 0.5344
t 445 446 444 3D2021 512323 3A2E2E 0.5439 0.5344 0.5439 0.5511 0.5891 0.5511
t 446 445 447 512323 3D2021 948888 0.5439 0.5511 0.5439 0.5344 0.4987 0.5344
t 447 448 446 948888 642222 512323 0.4987 0.5344 0.4987 0.5511 0.5439 0.5511
t 448 447 449 642222 948888 C8BDBD 0.4987 0.5511 0.4987 0.5344 0.4535 0.5344
t 449 450 448 C8BDBD 6E5B5C 642222 0.4535 0.5344 0.4535 0.5511 0.4987 0.5511
t 450 449 451 6E5B5C C8BDBD 653435 0.4535 0.5511 0.4535 0.5344 0.4083 0.5344
t 451 452 450 653435 B17171 6E5B5C 0.4083 0.5344 0.4083 0.5511 0.4535 0.5511
t 452 451 453 B17171 653435 3A1F1F 0.4083 0.5511 0.4083 0.5344 0.3631 0.5344
t 453 454 452 3A1F1F 443232 B17171 0.3631 0.5344 0.3631 0.5511 0.4083 0.5511
t 454 453 455 443232 3A1F1F 371E1E 0.3631 0.5511 0.3631 0.5344 0.3179 0.5344
t 455 456 454 371E1E B32322 443232 0.3179 0.5344 0.3179 0.5511 0.3631 0.5511
t 456 455 457 B32322 371E1E CECDCD 0.3179 0.5511 0.3179 0.5344 0.2727 0.5344
t 457 458 456 CECDCD D51A19 B32322 0.2727 0.5344 0.2727 0.5511 0.3179 0.5511
t 458 457 459 D51A19 CECDCD F3F3F3 0.2727 0.5511 0.2727 0.5344 0.2275 0.5344
t 460 414 417 CA837A D25B52 E06061 0.8074 0.5412 0.8074 0.5251 0.7700 0.5344
t 417 438 460 E06061 FBF9F9 CA837A 0.7700 0.5344 0.7700 0.5511 0.8074 0.5412
t 417 436 438 E06061 F34D4C FBF9F9 0.7700 0.5344 0.7248 0.5344 0.7700 0.5511
t 436 417 418 F34D4C E06061 EF8888 0.7248 0.5344 0.7700 0.5344 0.7248 0.5177
t 436 418 461 F34D4C EF8888 F59A9A 0.7248 0.5344 0.7248 0.5177 0.6795 0.5177
t 461 439 436 F59A9A F05661 F34D4C 0.6795 0.5177 0.6795 0.5344 0.7248 0.5344
t 439 461 462 F05661 F59A9A 251F1F 0.6795 0.5344 0.6795 0.5177 0.6343 0.5177
t 462 441 439 251F1F 201F1F F05661 0.6343 0.5177 0.6343 0.5344 0.6795 0.5344
t 441 462 463 201F1F 251F1F 3D3131 0.6343 0.5344 0.6343 0.5177 0.5891 0.5177
t 463 443 441 3D3131 4C4B4C 201F1F 0.5891 0.5177 0.5891 0.5344 0.6343 0.5344
t 443 463 421 4C4B4C 3D3131 3F2020 0.5891 0.5344 0.5891 0.5177 0.5439 0.5177
t 421 445 443 3F2020 3D2021 4C4B4C 0.5439 0.5177 0.5439 0.5344 0.5891 0.5344
t 445 421 420 3D2021 3F2020 5F2525 0.5439 0.5344 0.5439 0.5177 0.4987 0.5177
t 420 447 445 5F2525 948888 3D2021 0.4987 0.5177 0.4987 0.5344 0.5439 0.5344
t 447 420 423 948888 5F2525 A62322 0.4987 0.5344 0.4987 0.5177 0.4535 0.5177
t 423 449 447 A62322 C8BDBD 948888 0.4535 0.5177 0.4535 0.5344 0.4987 0.5344
t 449 423 425 C8BDBD A62322 3F2020 0.4535 0.5344 0.4535 0.5177 0.4083 0.5177
t 425 451 449 3F2020 653435 C8BDBD 0.4083 0.5177 0.4083 0.5344 0.4535 0.5344
t 451 425 427 653435 3F2020 902222 0.4083 0.5344 0.4083 0.5177 0.3631 0.5177
t 427 453 451 902222 3A1F1F 653435 0.3631 0.5177 0.3631 0.5344 0.4083 0.5344
t 453 427 429 3A1F1F 902222 BC1F1F 0.3631 0.5344 0.3631 0.5177 0.3179 0.5177
t 429 455 453 BC1F1F 371E1E 3A1F1F 0.3179 0.5177 0.3179 0.5344 0.3631 0.5344
t 455 429 431 371E1E BC1F1F AF2E2D 0.3179 0.5344 0.3179 0.5177 0.2727 0.5177
t 431 457 455 AF2E2D CECDCD 371E1E 0.2727 0.5177 0.2727 0.5344 0.3179 0.5344
t 457 431 433 CECDCD AF2E2D A32626 0.2727 0.5344 0.2727 0.5177 0.2275 0.5177
t 433 459 457 A32626 F3F3F3 CECDCD 0.2275 0.5177 0.2275 0.5344 0.2727 0.5344
t 459 433 435 F3F3F3 A32626 D7CFC6 0.2275 0.5344 0.2275 0.5177 0.1901 0.5251
t 435 464 459 D7CFC6 A07F77 F3F3F3 0.1901 0.5251 0.1901 0.5412 0.2275 0.5344
t 465 466 467 D3C8BF B9ACA3 FAF4F4 0.8074 0.5733 0.8074 0.5573 0.7700 0.5678
t 467 468 465 FAF4F4 E37274 D3C8BF 0.7700 0.5678 0.7700 0.5845 0.8074 0.5733
t 468 467 469 E37274 FAF4F4 E46261 0.7700 0.5845 0.7700 0.5678 0.7248 0.5678
t 469 470 468 E46261 F8B7B6 E37274 0.7248 0.5678 0.7248 0.5845 0.7700 0.5845
t 470 469 471 F8B7B6 E46261 E84242 0.7248 0.5845 0.7248 0.5678 0.6795 0.5678
t 471 472 470 E84242 F29F9F F8B7B6 0.6795 0.5678 0.6795 0.5845 0.7248 0.5845
t 472 471 473 F29F9F E84242 4A2122 0.6795 0.5845 0.6795 0.5678 0.6343 0.5678
t 473 474 472 4A2122 962D2E F29F9F 0.6343 0.5678 0.6343 0.5845 0.6795 0.5845
t 474 473 475 962D2E 4A2122 7F7D7D 0.6343 0.5845 0.6343 0.5678 0.5891 0.5678
t 475 476 474 7F7D7D 878787 962D2E 0.5891 0.5678 0.5891 0.5845 0.6343 0.5845
t 476 475 477 878787 7F7D7D FC2524 0.5891 0.5845 0.5891 0.5678 0.5439 0.5678
t 477 478 476 FC2524 DF2625 878787 0.5439 0.5678 0.5439 0.5845 0.5891 0.5845
t 478 477 479 DF2625 FC2524 CB3636 0.5439 0.5845 0.5439 0.5678 0.4987 0.5678
t 479 480 478 CB3636 BC302F DF2625 0.4987 0.5678 0.4987 0.5845 0.5439 0.5845
t 480 479 481 BC302F CB3636 7F5352 0.4987 0.5845 0.4987 0.5678 0.4535 0.5678
t 481 482 480 7F5352 8E4443 BC302F 0.4535 0.5678 0.4535 0.5845 0.4987 0.5845
t 482 481 483 8E4443 7F5352 434140 0.4535 0.5845 0.4535 0.5678 0.4083 0.5678
t 484 485 486 C2A5A5 804544 EF7676 0.2275 0.5511 0.2275 0.5678 0.2727 0.5678
t 485 484 487 804544 C2A5A5 88827A 0.2275 0.5678 0.2275 0.5511 0.1901 0.5573
t 487 488 485 88827A 5F5850 804544 0.1901 0.5573 0.1901 0.5733 0.2275 0.5678
t 489 490 491 D8C4BC DAD4CB EF585C 0.8074 0.6055 0.8074 0.5894 0.7700 0.6012
t 491 492 489 EF585C FAE8E7 D8C4BC 0.7700 0.6012 0.7700 0.6179 0.8074 0.6055
t 492 491 493 FAE8E7 EF585C F07372 0.7700 0.6179 0.7700 0.6012 0.7248 0.6012
t 493 494 492 F07372 FD1414 FAE8E7 0.7248 0.6012 0.7248 0.6179 0.7700 0.6179
t 494 493 495 FD1414 F07372 E26D6D 0.7248 0.6179 0.7248 0.6012 0.6795 0.6012
t 495 496 494 E26D6D FD201F FD1414 0.6795 0.6012 0.6795 0.6179 0.7248 0.6179
t 496 495 497 FD201F E26D6D EF8E93 0.6795 0.6179 0.6795 0.6012 0.6343 0.6012
t 497 498 496 EF8E93 F05457 FD201F 0.6343 0.6012 0.6343 0.6179 0.6795 0.6179
t 498 497 499 F05457 EF8E93 F7F6F6 0.6343 0.6179 0.6343 0.6012 0.5891 0.6012
t 500 501 502 6F6262 706160 BB4D4C 0.4083 0.5845 0.4083 0.6012 0.4535 0.6012
t 501 500 503 706160 6F6262 A13938 0.4083 0.6012 0.4083 0.5845 0.3631 0.5845
t 503 504 501 A13938 7A6363 706160 0.3631 0.5845 0.3631 0.6012 0.4083 0.6012
t 504 503 505 7A6363 A13938 F25151 0.3631 0.6012 0.3631 0.5845 0.3179 0.5845
t 505 506 504 F25151 F19A99 7A6363 0.3179 0.5845 0.3179 0.6012 0.3631 0.6012
t 506 505 507 F19A99 F25151 BFADAD 0.3179 0.6012 0.3179 0.5845 0.2727 0.5845
t 507 508 506 BFADAD DB807F F19A99 0.2727 0.5845 0.2727 0.6012 0.3179 0.6012
t 508 507 509 DB807F BFADAD 300E0E 0.2727 0.6012 0.2727 0.5845 0.2275 0.5845
t 509 510 508 300E0E 3D0F0F DB807F 0.2275 0.5845 0.2275 0.6012 0.2727 0.6012
t 510 509 511 3D0F0F 300E0E 69564E 0.2275 0.6012 0.2275 0.5845 0.1901 0.5894
t 511 512 510 69564E 927B74 3D0F0F 0.1901 0.5894 0.1901 0.6055 0.2275 0.6012
t 490 465 468 DAD4CB D3C8BF E37274 0.8074 0.5894 0.8074 0.5733 0.7700 0.5845
t 468 491 490 E37274 EF585C DAD4CB 0.7700 0.5845 0.7700 0.6012 0.8074 0.5894
t 491 468 470 EF585C E37274 F8B7B6 0.7700 0.6012 0.7700 0.5845 0.7248 0.5845
t 470 493 491 F8B7B6 F07372 EF585C 0.7248 0.5845 0.7248 0.6012 0.7700 0.6012
t 493 470 472 F07372 F8B7B6 F29F9F 0.7248 0.6012 0.7248 0.5845 0.6795 0.5845
t 472 495 493 F29F9F E26D6D F07372 0.6795 0.5845 0.6795 0.6012 0.7248 0.6012
t 495 472 474 E26D6D F29F9F 962D2E 0.6795 0.6012 0.6795 0.5845 0.6343 0.5845
t 474 497 495 962D2E EF8E93 E26D6D 0.6343 0.5845 0.6343 0.6012 0.6795 0.6012
t 497 474 476 EF8E93 962D2E 878787 0.6343 0.6012 0.6343 0.5845 0.5891 0.5845
t 476 499 497 878787 F7F6F6 EF8E93 0.5891 0.5845 0.5891 0.6012 0.6343 0.6012
t 499 476 478 F7F6F6 878787 DF2625 0.5891 0.6012 0.5891 0.5845 0.5439 0.5845
t 478 513 499 DF2625 E97D7C F7F6F6 0.5439 0.5845 0.5439 0.6012 0.5891 0.6012
t 513 478 480 E97D7C DF2625 BC302F 0.5439 0.6012 0.5439 0.5845 0.4987 0.5845
t 480 514 513 BC302F C3312F E97D7C 0.4987 0.5845 0.4987 0.6012 0.5439 0.6012
t 514 480 482 C3312F BC302F 8E4443 0.4987 0.6012 0.4987 0.5845 0.4535 0.5845
t 482 502 514 8E4443 BB4D4C C3312F 0.4535 0.5845 0.4535 0.6012 0.4987 0.6012
t 482 500 502 8E4443 6F6262 BB4D4C 0.4535 0.5845 0.4083 0.5845 0.4535 0.6012
t 500 482 483 6F6262 8E4443 434140 0.4083 0.5845 0.4535 0.5845 0.4083 0.5678
t 500 483 515 6F6262 434140 3E2525 0.4083 0.5845 0.4083 0.5678 0.3631 0.5678
t 515 503 500 3E2525 A13938 6F6262 0.3631 0.5678 0.3631 0.5845 0.4083 0.5845
t 503 515 516 A13938 3E2525 F8D5D5 0.3631 0.5845 0.3631 0.5678 0.3179 0.5678
t 516 505 503 F8D5D5 F25151 A13938 0.3179 0.5678 0.3179 0.5845 0.3631 0.5845
t 505 516 486 F25151 F8D5D5 EF7676 0.3179 0.5845 0.3179 0.5678 0.2727 0.5678
t 486 507 505 EF7676 BFADAD F25151 0.2727 0.5678 0.2727 0.5845 0.3179 0.5845
t 507 486 485 BFADAD EF7676 804544 0.2727 0.5845 0.2727 0.5678 0.2275 0.5678
t 485 509 507 804544 300E0E BFADAD 0.2275 0.5678 0.2275 0.5845 0.2727 0.5845
t 509 485 488 300E0E 804544 5F5850 0.2275 0.5845 0.2275 0.5678 0.1901 0.5733
t 488 511 509 5F5850 69564E 300E0E 0.1901 0.5733 0.1901 0.5894 0.2275 0.5845
t 466 460 438 B9ACA3 CA837A FBF9F9 0.8074 0.5573 0.8074 0.5412 0.7700 0.5511
t 438 467 466 FBF9F9 FAF4F4 B9ACA3 0.7700 0.5511 0.7700 0.5678 0.8074 0.5573
t 467 438 437 FAF4F4 FBF9F9 D27271 0.7700 0.5678 0.7700 0.5511 0.7248 0.5511
t 437 469 467 D27271 E46261 FAF4F4 0.7248 0.5511 0.7248 0.5678 0.7700 0.5678
t 469 437 440 E46261 D27271 F06C6D 0.7248 0.5678 0.7248 0.5511 0.6795 0.5511
t 440 471 469 F06C6D E84242 E46261 0.6795 0.5511 0.6795 0.5678 0.7248 0.5678
t 471 440 442 E84242 F06C6D 6A4747 0.6795 0.5678 0.6795 0.5511 0.6343 0.5511
t 442 473 471 6A4747 4A2122 E84242 0.6343 0.5511 0.6343 0.5678 0.6795 0.5678
t 473 442 444 4A2122 6A4747 3A2E2E 0.6343 0.5678 0.6343 0.5511 0.5891 0.5511
t 444 475 473 3A2E2E 7F7D7D 4A2122 0.5891 0.5511 0.5891 0.5678 0.6343 0.5678
t 475 444 446 7F7D7D 3A2E2E 512323 0.5891 0.5678 0.5891 0.5511 0.5439 0.5511
t 446 477 475 512323 FC2524 7F7D7D 0.5439 0.5511 0.5439 0.5678 0.5891 0.5678
t 477 446 448 FC2524 512323 642222 0.5439 0.5678 0.5439 0.5511 0.4987 0.5511
t 448 479 477 642222 CB3636 FC2524 0.4987 0.5511 0.4987 0.5678 0.5439 0.5678
t 479 448 450 CB3636 642222 6E5B5C 0.4987 0.5678 0.4987 0.5511 0.4535 0.5511
t 450 481 479 6E5B5C 7F5352 CB3636 0.4535 0.5511 0.4535 0.5678 0.4987 0.5678
t 481 450 452 7F5352 6E5B5C B17171 0.4535 0.5678 0.4535 0.5511 0.4083 0.5511
t 452 483 481 B17171 434140 7F5352 0.4083 0.5511 0.4083 0.5678 0.4535 0.5678
t 483 452 454 434140 B17171 443232 0.4083 0.5678 0.4083 0.5511 0.3631 0.5511
t 454 515 483 443232 3E2525 434140 0.3631 0.5511 0.3631 0.5678 0.4083 0.5678
t 515 454 456 3E2525 443232 B32322 0.3631 0.5678 0.3631 0.5511 0.3179 0.5511
t 456 516 515 B32322 F8D5D5 3E2525 0.3179 0.5511 0.3179 0.5678 0.3631 0.5678
t 516 456 458 F8D5D5 B32322 D51A19 0.3179 0.5678 0.3179 0.5511 0.2727 0.5511
t 458 486 516 D51A19 EF7676 F8D5D5 0.2727 0.5511 0.2727 0.5678 0.3179 0.5678
t 458 484 486 D51A19 C2A5A5 EF7676 0.2727 0.5511 0.2275 0.5511 0.2727 0.5678
t 484 458 459 C2A5A5 D51A19 F3F3F3 0.2275 0.5511 0.2727 0.5511 0.2275 0.5344
t 484 459 464 C2A5A5 F3F3F3 A07F77 0.2275 0.5511 0.2275 0.5344 0.1901 0.5412
t 464 487 484 A07F77 88827A C2A5A5 0.1901 0.5412 0.1901 0.5573 0.2275 0.5511
t 517 518 519 D5CCC4 D38D85 F4CECD 0.8074 0.6376 0.8074 0.6216 0.7700 0.6345
t 520 521 522 FCF5F5 FCF0F0 F22423 0.5891 0.6179 0.5891 0.6345 0.6343 0.6345
t 521 520 523 FCF0F0 FCF5F5 F8CCCC 0.5891 0.6345 0.5891 0.6179 0.5439 0.6179
t 523 524 521 F8CCCC FEFEFE FCF0F0 0.5439 0.6179 0.5439 0.6345 0.5891 0.6345
t 524 523 525 FEFEFE F8CCCC B24140 0.5439 0.6345 0.5439 0.6179 0.4987 0.6179
t 525 526 524 B24140 C83A3A FEFEFE 0.4987 0.6179 0.4987 0.6345 0.5439 0.6345
t 526 525 527 C83A3A B24140 BD4E4D 0.4987 0.6345 0.4987 0.6179 0.4535 0.6179
t 527 528 526 BD4E4D 752626 C83A3A 0.4535 0.6179 0.4535 0.6345 0.4987 0.6345
t 528 527 529 752626 BD4E4D 716767 0.4535 0.6345 0.4535 0.6179 0.4083 0.6179
t 529 530 528 716767 383333 752626 0.4083 0.6179 0.4083 0.6345 0.4535 0.6345
t 530 529 531 383333 716767 6C6C6C 0.4083 0.6345 0.4083 0.6179 0.3631 0.6179
t 531 532 530 6C6C6C 6C6767 383333 0.3631 0.6179 0.3631 0.6345 0.4083 0.6345
t 532 531 533 6C6767 6C6C6C FEFEFE 0.3631 0.6345 0.3631 0.6179 0.3179 0.6179
t 533 534 532 FEFEFE FAF4F4 6C6767 0.3179 0.6179 0.3179 0.6345 0.3631 0.6345
t 534 533 535 FAF4F4 FEFEFE DAB6B5 0.3179 0.6345 0.3179 0.6179 0.2727 0.6179
t 535 536 534 DAB6B5 BA5E5E FAF4F4 0.2727 0.6179 0.2727 0.6345 0.3179 0.6345
t 536 535 537 BA5E5E DAB6B5 131313 0.2727 0.6345 0.2727 0.6179 0.2275 0.6179
t 537 538 536 131313 4A4849 BA5E5E 0.2275 0.6179 0.2275 0.6345 0.2727 0.6345
t 538 537 539 4A4849 131313 735951 0.2275 0.6345 0.2275 0.6179 0.1901 0.6216
t 539 540 538 735951 71584F 4A4849 0.1901 0.6216 0.1901 0.6376 0.2275 0.6345
t 541 542 543 CA5C5B 7A7878 D5C6BD 0.7700 0.6512 0.7700 0.6679 0.8074 0.6537
t 542 541 544 7A7878 CA5C5B 681515 0.7700 0.6679 0.7700 0.6512 0.7248 0.6512
t 544 545 542 681515 301414 7A7878 0.7248 0.6512 0.7248 0.6679 0.7700 0.6679
t 545 544 546 301414 681515 E63737 0.7248 0.6679 0.7248 0.6512 0.6795 0.6512
t 546 547 545 E63737 5E2020 301414 0.6795 0.6512 0.6795 0.6679 0.7248 0.6679
t 547 546 548 5E2020 E63737 EF2625 0.6795 0.6679 0.6795 0.6512 0.6343 0.6512
t 548 549 547 EF2625 E03B3B 5E2020 0.6343 0.6512 0.6343 0.6679 0.6795 0.6679
t 549 548 550 E03B3B EF2625 FC2625 0.6343 0.6679 0.6343 0.6512 0.5891 0.6512
t 550 551 549 FC2625 FBEBEB E03B3B 0.5891 0.6512 0.5891 0.6679 0.6343 0.6679
t 551 550 552 FBEBEB FC2625 AD2929 0.5891 0.6679 0.5891 0.6512 0.5439 0.6512
t 552 553 551 AD2929 7F2827 FBEBEB 0.5439 0.6512 0.5439 0.6679 0.5891 0.6679
t 553 552 554 7F2827 AD2929 6B3333 0.5439 0.6679 0.5439 0.6512 0.4987 0.6512
t 554 555 553 6B3333 E7E6E6 7F2827 0.4987 0.6512 0.4987 0.6679 0.5439 0.6679
t 555 554 556 E7E6E6 6B3333 7C403F 0.4987 0.6679 0.4987 0.6512 0.4535 0.6512
t 556 557 555 7C403F CC6D6C E7E6E6 0.4535 0.6512 0.4535 0.6679 0.4987 0.6679
t 557 556 558 CC6D6C 7C403F 714B4B 0.4535 0.6679 0.4535 0.6512 0.4083 0.6512
t 558 559 557 714B4B 706564 CC6D6C 0.4083 0.6512 0.4083 0.6679 0.4535 0.6679
t 559 558 560 706564 714B4B 795C5B 0.4083 0.6679 0.4083 0.6512 0.3631 0.6512
t 560 561 559 795C5B 878685 706564 0.3631 0.6512 0.3631 0.6679 0.4083 0.6679
t 561 560 562 878685 795C5B 826867 0.3631 0.6679 0.3631 0.6512 0.3179 0.6512
t 562 563 561 826867 D9C1C0 878685 0.3179 0.6512 0.3179 0.6679 0.3631 0.6679
t 563 562 564 D9C1C0 826867 9A4D4C 0.3179 0.6679 0.3179 0.6512 0.2727 0.6512
t 517 541 543 D5CCC4 CA5C5B D5C6BD 0.8074 0.6376 0.7700 0.6512 0.8074 0.6537
t 541 517 519 CA5C5B D5CCC4 F4CECD 0.7700 0.6512 0.8074 0.6376 0.7700 0.6345
t 541 519 565 CA5C5B F4CECD F92524 0.7700 0.6512 0.7700 0.6345 0.7248 0.6345
t 565 544 541 F92524 681515 CA5C5B 0.7248 0.6345 0.7248 0.6512 0.7700 0.6512
t 544 565 566 681515 F92524 FCE0E0 0.7248 0.6512 0.7248 0.6345 0.6795 0.6345
t 566 546 544 FCE0E0 E63737 681515 0.6795 0.6345 0.6795 0.6512 0.7248 0.6512
t 546 566 522 E63737 FCE0E0 F22423 0.6795 0.6512 0.6795 0.6345 0.6343 0.6345
t 522 548 546 F22423 EF2625 E63737 0.6343 0.6345 0.6343 0.6512 0.6795 0.6512
t 548 522 521 EF2625 F22423 FCF0F0 0.6343 0.6512 0.6343 0.6345 0.5891 0.6345
t 521 550 548 FCF0F0 FC2625 EF2625 0.5891 0.6345 0.5891 0.6512 0.6343 0.6512
t 550 521 524 FC2625 FCF0F0 FEFEFE 0.5891 0.6512 0.5891 0.6345 0.5439 0.6345
t 524 552 550 FEFEFE AD2929 FC2625 0.5439 0.6345 0.5439 0.6512 0.5891 0.6512
t 552 524 526 AD2929 FEFEFE C83A3A 0.5439 0.6512 0.5439 0.6345 0.4987 0.6345
t 526 554 552 C83A3A 6B3333 AD2929 0.4987 0.6345 0.4987 0.6512 0.5439 0.6512
t 554 526 528 6B3333 C83A3A 752626 0.4987 0.6512 0.4987 0.6345 0.4535 0.6345
t 528 556 554 752626 7C403F 6B3333 0.4535 0.6345 0.4535 0.6512 0.4987 0.6512
t 556 528 530 7C403F 752626 383333 0.4535 0.6512 0.4535 0.6345 0.4083 0.6345
t 530 558 556 383333 714B4B 7C403F 0.4083 0.6345 0.4083 0.6512 0.4535 0.6512
t 558 530 532 714B4B 383333 6C6767 0.4083 0.6512 0.4083 0.6345 0.3631 0.6345
t 532 560 558 6C6767 795C5B 714B4B 0.3631 0.6345 0.3631 0.6512 0.4083 0.6512
t 560 532 534 795C5B 6C6767 FAF4F4 0.3631 0.6512 0.3631 0.6345 0.3179 0.6345
t 534 562 560 FAF4F4 826867 795C5B 0.3179 0.6345 0.3179 0.6512 0.3631 0.6512
t 562 534 536 826867 FAF4F4 BA5E5E 0.3179 0.6512 0.3179 0.6345 0.2727 0.6345
t 536 564 562 BA5E5E 9A4D4C 826867 0.2727 0.6345 0.2727 0.6512 0.3179 0.6512
t 564 536 538 9A4D4C BA5E5E 4A4849 0.2727 0.6512 0.2727 0.6345 0.2275 0.6345
t 538 567 564 4A4849 F46463 9A4D4C 0.2275 0.6345 0.2275 0.6512 0.2727 0.6512
t 567 538 540 F46463 4A4849 71584F 0.2275 0.6512 0.2275 0.6345 0.1901 0.6376
t 540 568 567 71584F D95D54 F46463 0.1901 0.6376 0.1901 0.6537 0.2275 0.6512
t 569 570 571 817B73 8D877E AF9B9A 0.8074 0.6859 0.8074 0.6698 0.7700 0.6846
t 571 572 569 AF9B9A 291E1E 817B73 0.7700 0.6846 0.7700 0.7013 0.8074 0.6859
t 572 571 573 291E1E AF9B9A 321617 0.7700 0.7013 0.7700 0.6846 0.7248 0.6846
t 573 574 572 321617 3B1516 291E1E 0.7248 0.6846 0.7248 0.7013 0.7700 0.7013
t 574 573 575 3B1516 321617 7B2020 0.7248 0.7013 0.7248 0.6846 0.6795 0.6846
t 575 576 574 7B2020 682020 3B1516 0.6795 0.6846 0.6795 0.7013 0.7248 0.7013
t 576 575 577 682020 7B2020 992222 0.6795 0.7013 0.6795 0.6846 0.6343 0.6846
t 577 578 576 992222 C52423 682020 0.6343 0.6846 0.6343 0.7013 0.6795 0.7013
t 578 577 579 C52423 992222 F3CCCC 0.6343 0.7013 0.6343 0.6846 0.5891 0.6846
t 579 580 578 F3CCCC 682C2C C52423 0.5891 0.6846 0.5891 0.7013 0.6343 0.7013
t 580 579 581 682C2C F3CCCC EEB5B4 0.5891 0.7013 0.5891 0.6846 0.5439 0.6846
t 581 582 580 EEB5B4 A26E6C 682C2C 0.5439 0.6846 0.5439 0.7013 0.5891 0.7013
t 582 581 583 A26E6C EEB5B4 B04746 0.5439 0.7013 0.5439 0.6846 0.4987 0.6846
t 583 584 582 B04746 FEFEFE A26E6C 0.4987 0.6846 0.4987 0.7013 0.5439 0.7013
t 584 583 585 FEFEFE B04746 AF2726 0.4987 0.7013 0.4987 0.6846 0.4535 0.6846
t 586 587 588 B82D2C 8D8888 E1E1E1 0.2727 0.6679 0.2727 0.6846 0.3179 0.6846
t 587 586 589 8D8888 B82D2C C93333 0.2727 0.6846 0.2727 0.6679 0.2275 0.6679
t 589 590 587 C93333 D57473 8D8888 0.2275 0.6679 0.2275 0.6846 0.2727 0.6846
t 590 589 591 D57473 C93333 E2C1B9 0.2275 0.6846 0.2275 0.6679 0.1901 0.6698
t 591 592 590 E2C1B9 E8E2DA D57473 0.1901 0.6698 0.1901 0.6859 0.2275 0.6846
t 593 594 595 F0DCDC BDAEA6 B09C93 0.2275 0.7180 0.1901 0.7180 0.1906 0.7316
t 596 597 598 D1A79E 776C64 BDA9A9 0.8074 0.7180 0.8074 0.7019 0.7700 0.7180
t 598 599 596 BDA9A9 9E6F66 D1A79E 0.7700 0.7180 0.8068 0.7316 0.8074 0.7180
t 598 600 599 BDA9A9 AB9696 9E6F66 0.7700 0.7180 0.7700 0.7347 0.8068 0.7316
t 600 598 601 AB9696 BDA9A9 BA4343 0.7700 0.7347 0.7700 0.7180 0.7248 0.7180
t 602 603 604 6B2726 BE2928 BD2828 0.4535 0.7013 0.4535 0.7180 0.4987 0.7180
t 603 602 605 BE2928 6B2726 877C7B 0.4535 0.7180 0.4535 0.7013 0.4083 0.7013
t 605 606 603 877C7B 6C5C5C BE2928 0.4083 0.7013 0.4083 0.7180 0.4535 0.7180
t 606 605 607 6C5C5C 877C7B FEFEFE 0.4083 0.7180 0.4083 0.7013 0.3631 0.7013
t 607 608 606 FEFEFE 412424 6C5C5C 0.3631 0.7013 0.3631 0.7180 0.4083 0.7180
t 608 607 609 412424 FEFEFE 949393 0.3631 0.7180 0.3631 0.7013 0.3179 0.7013
t 609 610 608 949393 401F1F 412424 0.3179 0.7013 0.3179 0.7180 0.3631 0.7180
t 610 609 611 401F1F 949393 FDFDFD 0.3179 0.7180 0.3179 0.7013 0.2727 0.7013
t 611 612 610 FDFDFD EF3F3E 401F1F 0.2727 0.7013 0.2727 0.7180 0.3179 0.7180
t 612 611 613 EF3F3E FDFDFD FAEFEE 0.2727 0.7180 0.2727 0.7013 0.2275 0.7013
t 613 593 612 FAEFEE F0DCDC EF3F3E 0.2275 0.7013 0.2275 0.7180 0.2727 0.7180
t 593 613 614 F0DCDC FAEFEE E7E1D8 0.2275 0.7180 0.2275 0.7013 0.1901 0.7019
t 614 594 593 E7E1D8 BDAEA6 F0DCDC 0.1901 0.7019 0.1901 0.7180 0.2275 0.7180
t 597 569 572 776C64 817B73 291E1E 0.8074 0.7019 0.8074 0.6859 0.7700 0.7013
t 572 598 597 291E1E BDA9A9 776C64 0.7700 0.7013 0.7700 0.7180 0.8074 0.7019
t 598 572 574 BDA9A9 291E1E 3B1516 0.7700 0.7180 0.7700 0.7013 0.7248 0.7013
t 574 601 598 3B1516 BA4343 BDA9A9 0.7248 0.7013 0.7248 0.7180 0.7700 0.7180
t 601 574 576 BA4343 3B1516 682020 0.7248 0.7180 0.7248 0.7013 0.6795 0.7013
t 576 615 601 682020 573031 BA4343 0.6795 0.7013 0.6795 0.7180 0.7248 0.7180
t 615 576 578 573031 682020 C52423 0.6795 0.7180 0.6795 0.7013 0.6343 0.7013
t 578 616 615 C52423 F52727 573031 0.6343 0.7013 0.6343 0.7180 0.6795 0.7180
t 616 578 580 F52727 C52423 682C2C 0.6343 0.7180 0.6343 0.7013 0.5891 0.7013
t 580 617 616 682C2C 372525 F52727 0.5891 0.7013 0.5891 0.7180 0.6343 0.7180
t 617 580 582 372525 682C2C A26E6C 0.5891 0.7180 0.5891 0.7013 0.5439 0.7013
t 582 618 617 A26E6C 982828 372525 0.5439 0.7013 0.5439 0.7180 0.5891 0.7180
t 618 582 584 982828 A26E6C FEFEFE 0.5439 0.7180 0.5439 0.7013 0.4987 0.7013
t 584 604 618 FEFEFE BD2828 982828 0.4987 0.7013 0.4987 0.7180 0.5439 0.7180
t 584 602 604 FEFEFE 6B2726 BD2828 0.4987 0.7013 0.4535 0.7013 0.4987 0.7180
t 602 584 585 6B2726 FEFEFE AF2726 0.4535 0.7013 0.4987 0.7013 0.4535 0.6846
t 602 585 619 6B2726 AF2726 5D5150 0.4535 0.7013 0.4535 0.6846 0.4083 0.6846
t 619 605 602 5D5150 877C7B 6B2726 0.4083 0.6846 0.4083 0.7013 0.4535 0.7013
t 605 619 620 877C7B 5D5150 F9F9F9 0.4083 0.7013 0.4083 0.6846 0.3631 0.6846
t 620 607 605 F9F9F9 FEFEFE 877C7B 0.3631 0.6846 0.3631 0.7013 0.4083 0.7013
t 607 620 588 FEFEFE F9F9F9 E1E1E1 0.3631 0.7013 0.3631 0.6846 0.3179 0.6846
t 588 609 607 E1E1E1 949393 FEFEFE 0.3179 0.6846 0.3179 0.7013 0.3631 0.7013
t 609 588 587 949393 E1E1E1 8D8888 0.3179 0.7013 0.3179 0.6846 0.2727 0.6846
t 587 611 609 8D8888 FDFDFD 949393 0.2727 0.6846 0.2727 0.7013 0.3179 0.7013
t 611 587 590 FDFDFD 8D8888 D57473 0.2727 0.7013 0.2727 0.6846 0.2275 0.6846
t 590 613 611 D57473 FAEFEE FDFDFD 0.2275 0.6846 0.2275 0.7013 0.2727 0.7013
t 613 590 592 FAEFEE D57473 E8E2DA 0.2275 0.7013 0.2275 0.6846 0.1901 0.6859
t 592 614 613 E8E2DA E7E1D8 FAEFEE 0.1901 0.6859 0.1901 0.7019 0.2275 0.7013
t 570 543 542 8D877E D5C6BD 7A7878 0.8074 0.6698 0.8074 0.6537 0.7700 0.6679
t 542 571 570 7A7878 AF9B9A 8D877E 0.7700 0.6679 0.7700 0.6846 0.8074 0.6698
t 571 542 545 AF9B9A 7A7878 301414 0.7700 0.6846 0.7700 0.6679 0.7248 0.6679
t 545 573 571 301414 321617 AF9B9A 0.7248 0.6679 0.7248 0.6846 0.7700 0.6846
t 573 545 547 321617 301414 5E2020 0.7248 0.6846 0.7248 0.6679 0.6795 0.6679
t 547 575 573 5E2020 7B2020 321617 0.6795 0.6679 0.6795 0.6846 0.7248 0.6846
t 575 547 549 7B2020 5E2020 E03B3B 0.6795 0.6846 0.6795 0.6679 0.6343 0.6679
t 549 577 575 E03B3B 992222 7B2020 0.6343 0.6679 0.6343 0.6846 0.6795 0.6846
t 577 549 551 992222 E03B3B FBEBEB 0.6343 0.6846 0.6343 0.6679 0.5891 0.6679
t 551 579 577 FBEBEB F3CCCC 992222 0.5891 0.6679 0.5891 0.6846 0.6343 0.6846
t 579 551 553 F3CCCC FBEBEB 7F2827 0.5891 0.6846 0.5891 0.6679 0.5439 0.6679
t 553 581 579 7F2827 EEB5B4 F3CCCC 0.5439 0.6679 0.5439 0.6846 0.5891 0.6846
t 581 553 555 EEB5B4 7F2827 E7E6E6 0.5439 0.6846 0.5439 0.6679 0.4987 0.6679
t 555 583 581 E7E6E6 B04746 EEB5B4 0.4987 0.6679 0.4987 0.6846 0.5439 0.6846
t 583 555 557 B04746 E7E6E6 CC6D6C 0.4987 0.6846 0.4987 0.6679 0.4535 0.6679
t 557 585 583 CC6D6C AF2726 B04746 0.4535 0.6679 0.4535 0.6846 0.4987 0.6846
t 585 557 559 AF2726 CC6D6C 706564 0.4535 0.6846 0.4535 0.6679 0.4083 0.6679
t 559 619 585 706564 5D5150 AF2726 0.4083 0.6679 0.4083 0.6846 0.4535 0.6846
t 619 559 561 5D5150 706564 878685 0.4083 0.6846 0.4083 0.6679 0.3631 0.6679
t 561 620 619 878685 F9F9F9 5D5150 0.3631 0.6679 0.3631 0.6846 0.4083 0.6846
t 620 561 563 F9F9F9 878685 D9C1C0 0.3631 0.6846 0.3631 0.6679 0.3179 0.6679
t 563 588 620 D9C1C0 E1E1E1 F9F9F9 0.3179 0.6679 0.3179 0.6846 0.3631 0.6846
t 563 586 588 D9C1C0 B82D2C E1E1E1 0.3179 0.6679 0.2727 0.6679 0.3179 0.6846
t 586 563 564 B82D2C D9C1C0 9A4D4C 0.2727 0.6679 0.3179 0.6679 0.2727 0.6512
t 586 564 567 B82D2C 9A4D4C F46463 0.2727 0.6679 0.2727 0.6512 0.2275 0.6512
t 567 589 586 F46463 C93333 B82D2C 0.2275 0.6512 0.2275 0.6679 0.2727 0.6679
t 589 567 568 C93333 F46463 D95D54 0.2275 0.6679 0.2275 0.6512 0.1901 0.6537
t 568 591 589 D95D54 E2C1B9 C93333 0.1901 0.6537 0.1901 0.6698 0.2275 0.6679
t 518 489 492 D38D85 D8C4BC FAE8E7 0.8074 0.6216 0.8074 0.6055 0.7700 0.6179
t 492 519 518 FAE8E7 F4CECD D38D85 0.7700 0.6179 0.7700 0.6345 0.8074 0.6216
t 519 492 494 F4CECD FAE8E7 FD1414 0.7700 0.6345 0.7700 0.6179 0.7248 0.6179
t 494 565 519 FD1414 F92524 F4CECD 0.7248 0.6179 0.7248 0.6345 0.7700 0.6345
t 565 494 496 F92524 FD1414 FD201F 0.7248 0.6345 0.7248 0.6179 0.6795 0.6179
t 496 566 565 FD201F FCE0E0 F92524 0.6795 0.6179 0.6795 0.6345 0.7248 0.6345
t 566 496 498 FCE0E0 FD201F F05457 0.6795 0.6345 0.6795 0.6179 0.6343 0.6179
t 498 522 566 F05457 F22423 FCE0E0 0.6343 0.6179 0.6343 0.6345 0.6795 0.6345
t 498 520 522 F05457 FCF5F5 F22423 0.6343 0.6179 0.5891 0.6179 0.6343 0.6345
t 520 498 499 FCF5F5 F05457 F7F6F6 0.5891 0.6179 0.6343 0.6179 0.5891 0.6012
t 520 499 513 FCF5F5 F7F6F6 E97D7C 0.5891 0.6179 0.5891 0.6012 0.5439 0.6012
t 513 523 520 E97D7C F8CCCC FCF5F5 0.5439 0.6012 0.5439 0.6179 0.5891 0.6179
t 523 513 514 F8CCCC E97D7C C3312F 0.5439 0.6179 0.5439 0.6012 0.4987 0.6012
t 514 525 523 C3312F B24140 F8CCCC 0.4987 0.6012 0.4987 0.6179 0.5439 0.6179
t 525 514 502 B24140 C3312F BB4D4C 0.4987 0.6179 0.4987 0.6012 0.4535 0.6012
t 502 527 525 BB4D4C BD4E4D B24140 0.4535 0.6012 0.4535 0.6179 0.4987 0.6179
t 527 502 501 BD4E4D BB4D4C 706160 0.4535 0.6179 0.4535 0.6012 0.4083 0.6012
t 501 529 527 706160 716767 BD4E4D 0.4083 0.6012 0.4083 0.6179 0.4535 0.6179
t 529 501 504 716767 706160 7A6363 0.4083 0.6179 0.4083 0.6012 0.3631 0.6012
t 504 531 529 7A6363 6C6C6C 716767 0.3631 0.6012 0.3631 0.6179 0.4083 0.6179
t 531 504 506 6C6C6C 7A6363 F19A99 0.3631 0.6179 0.3631 0.6012 0.3179 0.6012
t 506 533 531 F19A99 FEFEFE 6C6C6C 0.3179 0.6012 0.3179 0.6179 0.3631 0.6179
t 533 506 508 FEFEFE F19A99 DB807F 0.3179 0.6179 0.3179 0.6012 0.2727 0.6012
t 508 535 533 DB807F DAB6B5 FEFEFE 0.2727 0.6012 0.2727 0.6179 0.3179 0.6179
t 535 508 510 DAB6B5 DB807F 3D0F0F 0.2727 0.6179 0.2727 0.6012 0.2275 0.6012
t 510 537 535 3D0F0F 131313 DAB6B5 0.2275 0.6012 0.2275 0.6179 0.2727 0.6179
t 537 510 512 131313 3D0F0F 927B74 0.2275 0.6179 0.2275 0.6012 0.1901 0.6055
t 512 539 537 927B74 735951 131313 0.1901 0.6055 0.1901 0.6216 0.2275 0.6179
t 621 622 623 5F2827 BE1D1C C72727 0.7248 0.7347 0.7248 0.7514 0.7700 0.7514
t 622 621 624 BE1D1C 5F2827 664949 0.7248 0.7514 0.7248 0.7347 0.6795 0.7347
t 624 625 622 664949 7D3131 BE1D1C 0.6795 0.7347 0.6795 0.7514 0.7248 0.7514
t 625 624 626 7D3131 664949 C89797 0.6795 0.7514 0.6795 0.7347 0.6343 0.7347
t 626 627 625 C89797 272525 7D3131 0.6343 0.7347 0.6343 0.7514 0.6795 0.7514
t 627 626 628 272525 C89797 542727 0.6343 0.7514 0.6343 0.7347 0.5891 0.7347
t 628 629 627 542727 352F2F 272525 0.5891 0.7347 0.5891 0.7514 0.6343 0.7514
t 629 628 630 352F2F 542727 8E2828 0.5891 0.7514 0.5891 0.7347 0.5439 0.7347
t 630 631 629 8E2828 5C2727 352F2F 0.5439 0.7347 0.5439 0.7514 0.5891 0.7514
t 631 630 632 5C2727 8E2828 972626 0.5439 0.7514 0.5439 0.7347 0.4987 0.7347
t 632 633 631 972626 772A2A 5C2727 0.4987 0.7347 0.4987 0.7514 0.5439 0.7514
t 633 632 634 772A2A 972626 D95556 0.4987 0.7514 0.4987 0.7347 0.4535 0.7347
t 634 635 633 D95556 9A3B3B 772A2A 0.4535 0.7347 0.4535 0.7514 0.4987 0.7514
t 635 634 636 9A3B3B D95556 CFC5C5 0.4535 0.7514 0.4535 0.7347 0.4083 0.7347
t 636 637 635 CFC5C5 2C2B2B 9A3B3B 0.4083 0.7347 0.4083 0.7514 0.4535 0.7514
t 637 636 638 2C2B2B CFC5C5 232323 0.4083 0.7514 0.4083 0.7347 0.3631 0.7347
t 638 639 637 232323 787273 2C2B2B 0.3631 0.7347 0.3631 0.7514 0.4083 0.7514
t 639 638 640 787273 232323 202020 0.3631 0.7514 0.3631 0.7347 0.3179 0.7347
t 640 641 639 202020 4B4B4B 787273 0.3179 0.7347 0.3179 0.7514 0.3631 0.7514
t 641 640 642 4B4B4B 202020 E84040 0.3179 0.7514 0.3179 0.7347 0.2727 0.7347
t 642 643 641 E84040 232222 4B4B4B 0.2727 0.7347 0.2727 0.7514 0.3179 0.7514
t 643 642 644 232222 E84040 DCBFBF 0.2727 0.7514 0.2727 0.7347 0.2275 0.7347
t 645 646 647 C17C73 AB675E C91A1A 0.8045 0.7720 0.8054 0.7586 0.7700 0.7681
t 647 648 645 C91A1A 5B2929 C17C73 0.7700 0.7681 0.7700 0.7848 0.8045 0.7720
t 648 647 649 5B2929 C91A1A 561D1C 0.7700 0.7848 0.7700 0.7681 0.7248 0.7681
t 649 650 648 561D1C 212121 5B2929 0.7248 0.7681 0.7248 0.7848 0.7700 0.7848
t 650 649 651 212121 561D1C 522222 0.7248 0.7848 0.7248 0.7681 0.6795 0.7681
t 651 652 650 522222 6A2727 212121 0.6795 0.7681 0.6795 0.7848 0.7248 0.7848
t 652 651 653 6A2727 522222 272425 0.6795 0.7848 0.6795 0.7681 0.6343 0.7681
t 653 654 652 272425 2F2D2D 6A2727 0.6343 0.7681 0.6343 0.7848 0.6795 0.7848
t 654 653 655 2F2D2D 272425 342929 0.6343 0.7848 0.6343 0.7681 0.5891 0.7681
t 655 656 654 342929 343132 2F2D2D 0.5891 0.7681 0.5891 0.7848 0.6343 0.7848
t 656 655 657 343132 342929 512F2E 0.5891 0.7848 0.5891 0.7681 0.5439 0.7681
t 657 658 656 512F2E 763333 343132 0.5439 0.7681 0.5439 0.7848 0.5891 0.7848
t 658 657 659 763333 512F2E 8D4444 0.5439 0.7848 0.5439 0.7681 0.4987 0.7681
t 659 660 658 8D4444 C03D3D 763333 0.4987 0.7681 0.4987 0.7848 0.5439 0.7848
t 660 659 661 C03D3D 8D4444 916463 0.4987 0.7848 0.4987 0.7681 0.4535 0.7681
t 661 662 660 916463 804242 C03D3D 0.4535 0.7681 0.4535 0.7848 0.4987 0.7848
t 662 661 663 804242 916463 3B2E2E 0.4535 0.7848 0.4535 0.7681 0.4083 0.7681
t 664 665 666 1F1717 6C2121 3A3838 0.2275 0.7514 0.2275 0.7681 0.2727 0.7681
t 665 664 667 6C2121 1F1717 994A42 0.2275 0.7681 0.2275 0.7514 0.1920 0.7586
t 667 668 665 994A42 814B44 6C2121 0.1920 0.7586 0.1929 0.7720 0.2275 0.7681
t 646 669 623 AB675E A56D63 C72727 0.8054 0.7586 0.8063 0.7451 0.7700 0.7514
t 623 647 646 C72727 C91A1A AB675E 0.7700 0.7514 0.7700 0.7681 0.8054 0.7586
t 647 623 622 C91A1A C72727 BE1D1C 0.7700 0.7681 0.7700 0.7514 0.7248 0.7514
t 622 649 647 BE1D1C 561D1C C91A1A 0.7248 0.7514 0.7248 0.7681 0.7700 0.7681
t 649 622 625 561D1C BE1D1C 7D3131 0.7248 0.7681 0.7248 0.7514 0.6795 0.7514
t 625 651 649 7D3131 522222 561D1C 0.6795 0.7514 0.6795 0.7681 0.7248 0.7681
t 651 625 627 522222 7D3131 272525 0.6795 0.7681 0.6795 0.7514 0.6343 0.7514
t 627 653 651 272525 272425 522222 0.6343 0.7514 0.6343 0.7681 0.6795 0.7681
t 653 627 629 272425 272525 352F2F 0.6343 0.7681 0.6343 0.7514 0.5891 0.7514
t 629 655 653 352F2F 342929 272425 0.5891 0.7514 0.5891 0.7681 0.6343 0.7681
t 655 629 631 342929 352F2F 5C2727 0.5891 0.7681 0.5891 0.7514 0.5439 0.7514
t 631 657 655 5C2727 512F2E 342929 0.5439 0.7514 0.5439 0.7681 0.5891 0.7681
t 657 631 633 512F2E 5C2727 772A2A 0.5439 0.7681 0.5439 0.7514 0.4987 0.7514
t 633 659 657 772A2A 8D4444 512F2E 0.4987 0.7514 0.4987 0.7681 0.5439 0.7681
t 659 633 635 8D4444 772A2A 9A3B3B 0.4987 0.7681 0.4987 0.7514 0.4535 0.7514
t 635 661 659 9A3B3B 916463 8D4444 0.4535 0.7514 0.4535 0.7681 0.4987 0.7681
t 661 635 637 916463 9A3B3B 2C2B2B 0.4535 0.7681 0.4535 0.7514 0.4083 0.7514
t 637 663 661 2C2B2B 3B2E2E 916463 0.4083 0.7514 0.4083 0.7681 0.4535 0.7681
t 663 637 639 3B2E2E 2C2B2B 787273 0.4083 0.7681 0.4083 0.7514 0.3631 0.7514
t 639 670 663 787273 2F2E2F 3B2E2E 0.3631 0.7514 0.3631 0.7681 0.4083 0.7681
t 670 639 641 2F2E2F 787273 4B4B4B 0.3631 0.7681 0.3631 0.7514 0.3179 0.7514
t 641 671 670 4B4B4B 313131 2F2E2F 0.3179 0.7514 0.3179 0.7681 0.3631 0.7681
t 671 641 643 313131 4B4B4B 232222 0.3179 0.7681 0.3179 0.7514 0.2727 0.7514
t 643 666 671 232222 3A3838 313131 0.2727 0.7514 0.2727 0.7681 0.3179 0.7681
t 643 664 666 232222 1F1717 3A3838 0.2727 0.7514 0.2275 0.7514 0.2727 0.7681
t 664 643 644 1F1717 232222 DCBFBF 0.2275 0.7514 0.2727 0.7514 0.2275 0.7347
t 664 644 672 1F1717 DCBFBF AA5D54 0.2275 0.7514 0.2275 0.7347 0.1912 0.7451
t 672 667 664 AA5D54 994A42 1F1717 0.1912 0.7451 0.1920 0.7586 0.2275 0.7514
t 673 674 675 BFA1A1 885750 6C5D56 0.2275 0.7848 0.1939 0.7851 0.1949 0.7983
t 676 677 678 888078 8B7169 ABA4A3 0.8009 0.8109 0.8025 0.7983 0.7700 0.8015
t 678 679 676 ABA4A3 B4B4B4 888078 0.7700 0.8015 0.7700 0.8182 0.8009 0.8109
t 679 678 680 B4B4B4 ABA4A3 6A6261 0.7700 0.8182 0.7700 0.8015 0.7248 0.8015
t 680 681 679 6A6261 FCFAF9 B4B4B4 0.7248 0.8015 0.7248 0.8182 0.7700 0.8182
t 681 680 682 FCFAF9 6A6261 532B2B 0.7248 0.8182 0.7248 0.8015 0.6795 0.8015
t 683 684 685 3D3C3C 4B4948 884645 0.4083 0.7848 0.4083 0.8015 0.4535 0.8015
t 684 683 686 4B4948 3D3C3C 3C3C3C 0.4083 0.8015 0.4083 0.7848 0.3631 0.7848
t 686 687 684 3C3C3C 444444 4B4948 0.3631 0.7848 0.3631 0.8015 0.4083 0.8015
t 687 686 688 444444 3C3C3C 3D3D3D 0.3631 0.8015 0.3631 0.7848 0.3179 0.7848
t 688 689 687 3D3D3D 4E4A4A 444444 0.3179 0.7848 0.3179 0.8015 0.3631 0.8015
t 689 688 690 4E4A4A 3D3D3D 6F4C4C 0.3179 0.8015 0.3179 0.7848 0.2727 0.7848
t 690 691 689 6F4C4C 8A6666 4E4A4A 0.2727 0.7848 0.2727 0.8015 0.3179 0.8015
t 691 690 673 8A6666 6F4C4C BFA1A1 0.2727 0.8015 0.2727 0.7848 0.2275 0.7848
t 673 692 691 BFA1A1 CFA0A0 8A6666 0.2275 0.7848 0.2275 0.8015 0.2727 0.8015
t 692 673 675 CFA0A0 BFA1A1 6C5D56 0.2275 0.8015 0.2275 0.7848 0.1949 0.7983
t 675 693 692 6C5D56 AAA6A0 CFA0A0 0.1949 0.7983 0.1965 0.8109 0.2275 0.8015
t 694 695 696 F05151 F04241 F9F9F9 0.6795 0.8182 0.6795 0.8349 0.7248 0.8349
t 695 694 697 F04241 F05151 FCFCFC 0.6795 0.8349 0.6795 0.8182 0.6343 0.8182
t 697 698 695 FCFCFC F9F3F3 F04241 0.6343 0.8182 0.6343 0.8349 0.6795 0.8349
t 698 697 699 F9F3F3 FCFCFC 963C3B 0.6343 0.8349 0.6343 0.8182 0.5891 0.8182
t 699 700 698 963C3B B42D2D F9F3F3 0.5891 0.8182 0.5891 0.8349 0.6343 0.8349
t 700 699 701 B42D2D 963C3B EB4544 0.5891 0.8349 0.5891 0.8182 0.5439 0.8182
t 701 702 700 EB4544 C82625 B42D2D 0.5439 0.8182 0.5439 0.8349 0.5891 0.8349
t 702 701 703 C82625 EB4544 783A3A 0.5439 0.8349 0.5439 0.8182 0.4987 0.8182
t 703 704 702 783A3A 672A2A C82625 0.4987 0.8182 0.4987 0.8349 0.5439 0.8349
t 704 703 705 672A2A 783A3A E33D3C 0.4987 0.8349 0.4987 0.8182 0.4535 0.8182
t 705 706 704 E33D3C 962C2B 672A2A 0.4535 0.8182 0.4535 0.8349 0.4987 0.8349
t 706 705 707 962C2B E33D3C 844D4D 0.4535 0.8349 0.4535 0.8182 0.4083 0.8182
t 707 708 706 844D4D 8C3130 962C2B 0.4083 0.8182 0.4083 0.8349 0.4535 0.8349
t 708 707 709 8C3130 844D4D 6C6464 0.4083 0.8349 0.4083 0.8182 0.3631 0.8182
t 709 710 708 6C6464 613838 8C3130 0.3631 0.8182 0.3631 0.8349 0.4083 0.8349
t 710 709 711 613838 6C6464 8B4F50 0.3631 0.8349 0.3631 0.8182 0.3179 0.8182
t 711 712 710 8B4F50 655C5C 613838 0.3179 0.8182 0.3179 0.8349 0.3631 0.8349
t 712 711 713 655C5C 8B4F50 D2B8B7 0.3179 0.8349 0.3179 0.8182 0.2727 0.8182
t 713 714 712 D2B8B7 BAA09F 655C5C 0.2727 0.8182 0.2727 0.8349 0.3179 0.8349
t 714 713 715 BAA09F D2B8B7 9D908F 0.2727 0.8349 0.2727 0.8182 0.2275 0.8182
t 715 716 714 9D908F DCC6C5 BAA09F 0.2275 0.8182 0.2275 0.8349 0.2727 0.8349
t 716 715 717 DCC6C5 9D908F 8C857E 0.2275 0.8349 0.2275 0.8182 0.1981 0.8236
t 718 676 679 7B746C 888078 B4B4B4 0.7993 0.8236 0.8009 0.8109 0.7700 0.8182
t 679 719 718 B4B4B4 F4F3F3 7B746C 0.7700 0.8182 0.7700 0.8349 0.7993 0.8236
t 719 679 681 F4F3F3 B4B4B4 FCFAF9 0.7700 0.8349 0.7700 0.8182 0.7248 0.8182
t 681 696 719 FCFAF9 F9F9F9 F4F3F3 0.7248 0.8182 0.7248 0.8349 0.7700 0.8349
t 681 694 696 FCFAF9 F05151 F9F9F9 0.7248 0.8182 0.6795 0.8182 0.7248 0.8349
t 694 681 682 F05151 FCFAF9 532B2B 0.6795 0.8182 0.7248 0.8182 0.6795 0.8015
t 694 682 720 F05151 532B2B 473333 0.6795 0.8182 0.6795 0.8015 0.6343 0.8015
t 720 697 694 473333 FCFCFC F05151 0.6343 0.8015 0.6343 0.8182 0.6795 0.8182
t 697 720 721 FCFCFC 473333 733C3C 0.6343 0.8182 0.6343 0.8015 0.5891 0.8015
t 721 699 697 733C3C 963C3B FCFCFC 0.5891 0.8015 0.5891 0.8182 0.6343 0.8182
t 699 721 722 963C3B 733C3C 9B7978 0.5891 0.8182 0.5891 0.8015 0.5439 0.8015
t 722 701 699 9B7978 EB4544 963C3B 0.5439 0.8015 0.5439 0.8182 0.5891 0.8182
t 701 722 723 EB4544 9B7978 B34141 0.5439 0.8182 0.5439 0.8015 0.4987 0.8015
t 723 703 701 B34141 783A3A EB4544 0.4987 0.8015 0.4987 0.8182 0.5439 0.8182
t 703 723 685 783A3A B34141 884645 0.4987 0.8182 0.4987 0.8015 0.4535 0.8015
t 685 705 703 884645 E33D3C 783A3A 0.4535 0.8015 0.4535 0.8182 0.4987 0.8182
t 705 685 684 E33D3C 884645 4B4948 0.4535 0.8182 0.4535 0.8015 0.4083 0.8015
t 684 707 705 4B4948 844D4D E33D3C 0.4083 0.8015 0.4083 0.8182 0.4535 0.8182
t 707 684 687 844D4D 4B4948 444444 0.4083 0.8182 0.4083 0.8015 0.3631 0.8015
t 687 709 707 444444 6C6464 844D4D 0.3631 0.8015 0.3631 0.8182 0.4083 0.8182
t 709 687 689 6C6464 444444 4E4A4A 0.3631 0.8182 0.3631 0.8015 0.3179 0.8015
t 689 711 709 4E4A4A 8B4F50 6C6464 0.3179 0.8015 0.3179 0.8182 0.3631 0.8182
t 711 689 691 8B4F50 4E4A4A 8A6666 0.3179 0.8182 0.3179 0.8015 0.2727 0.8015
t 691 713 711 8A6666 D2B8B7 8B4F50 0.2727 0.8015 0.2727 0.8182 0.3179 0.8182
t 713 691 692 D2B8B7 8A6666 CFA0A0 0.2727 0.8182 0.2727 0.8015 0.2275 0.8015
t 692 715 713 CFA0A0 9D908F D2B8B7 0.2275 0.8015 0.2275 0.8182 0.2727 0.8182
t 715 692 693 9D908F CFA0A0 AAA6A0 0.2275 0.8182 0.2275 0.8015 0.1965 0.8109
t 693 717 715 AAA6A0 8C857E 9D908F 0.1965 0.8109 0.1981 0.8236 0.2275 0.8182
t 724 645 648 806B63 C17C73 5B2929 0.8035 0.7851 0.8045 0.7720 0.7700 0.7848
t 648 677 724 5B2929 8B7169 806B63 0.7700 0.7848 0.8025 0.7983 0.8035 0.7851
t 648 678 677 5B2929 ABA4A3 8B7169 0.7700 0.7848 0.7700 0.8015 0.8025 0.7983
t 678 648 650 ABA4A3 5B2929 212121 0.7700 0.8015 0.7700 0.7848 0.7248 0.7848
t 650 680 678 212121 6A6261 ABA4A3 0.7248 0.7848 0.7248 0.8015 0.7700 0.8015
t 680 650 652 6A6261 212121 6A2727 0.7248 0.8015 0.7248 0.7848 0.6795 0.7848
t 652 682 680 6A2727 532B2B 6A6261 0.6795 0.7848 0.6795 0.8015 0.7248 0.8015
t 682 652 654 532B2B 6A2727 2F2D2D 0.6795 0.8015 0.6795 0.7848 0.6343 0.7848
t 654 720 682 2F2D2D 473333 532B2B 0.6343 0.7848 0.6343 0.8015 0.6795 0.8015
t 720 654 656 473333 2F2D2D 343132 0.6343 0.8015 0.6343 0.7848 0.5891 0.7848
t 656 721 720 343132 733C3C 473333 0.5891 0.7848 0.5891 0.8015 0.6343 0.8015
t 721 656 658 733C3C 343132 763333 0.5891 0.8015 0.5891 0.7848 0.5439 0.7848
t 658 722 721 763333 9B7978 733C3C 0.5439 0.7848 0.5439 0.8015 0.5891 0.8015
t 722 658 660 9B7978 763333 C03D3D 0.5439 0.8015 0.5439 0.7848 0.4987 0.7848
t 660 723 722 C03D3D B34141 9B7978 0.4987 0.7848 0.4987 0.8015 0.5439 0.8015
t 723 660 662 B34141 C03D3D 804242 0.4987 0.8015 0.4987 0.7848 0.4535 0.7848
t 662 685 723 804242 884645 B34141 0.4535 0.7848 0.4535 0.8015 0.4987 0.8015
t 662 683 685 804242 3D3C3C 884645 0.4535 0.7848 0.4083 0.7848 0.4535 0.8015
t 683 662 663 3D3C3C 804242 3B2E2E 0.4083 0.7848 0.4535 0.7848 0.4083 0.7681
t 683 663 670 3D3C3C 3B2E2E 2F2E2F 0.4083 0.7848 0.4083 0.7681 0.3631 0.7681
t 670 686 683 2F2E2F 3C3C3C 3D3C3C 0.3631 0.7681 0.3631 0.7848 0.4083 0.7848
t 686 670 671 3C3C3C 2F2E2F 313131 0.3631 0.7848 0.3631 0.7681 0.3179 0.7681
t 671 688 686 313131 3D3D3D 3C3C3C 0.3179 0.7681 0.3179 0.7848 0.3631 0.7848
t 688 671 666 3D3D3D 313131 3A3838 0.3179 0.7848 0.3179 0.7681 0.2727 0.7681
t 666 690 688 3A3838 6F4C4C 3D3D3D 0.2727 0.7681 0.2727 0.7848 0.3179 0.7848
t 690 666 665 6F4C4C 3A3838 6C2121 0.2727 0.7848 0.2727 0.7681 0.2275 0.7681
t 665 673 690 6C2121 BFA1A1 6F4C4C 0.2275 0.7681 0.2275 0.7848 0.2727 0.7848
t 673 665 668 BFA1A1 6C2121 814B44 0.2275 0.7848 0.2275 0.7681 0.1929 0.7720
t 668 674 673 814B44 885750 BFA1A1 0.1929 0.7720 0.1939 0.7851 0.2275 0.7848
t 725 726 727 AE5C52 AF8B82 CFC4C3 0.7930 0.8600 0.7954 0.8482 0.7700 0.8516
t 727 728 725 CFC4C3 070707 AE5C52 0.7700 0.8516 0.7248 0.8682 0.7930 0.8600
t 728 727 729 070707 CFC4C3 CAC9C9 0.7248 0.8682 0.7700 0.8516 0.7248 0.8516
t 728 729 730 070707 CAC9C9 EB5958 0.7248 0.8682 0.7248 0.8516 0.6795 0.8516
t 730 731 728 EB5958 200D0D 070707 0.6795 0.8516 0.6795 0.8682 0.7248 0.8682
t 731 730 732 200D0D EB5958 F0DCDC 0.6795 0.8682 0.6795 0.8516 0.6343 0.8516
t 732 733 731 F0DCDC E25B5A 200D0D 0.6343 0.8516 0.6343 0.8682 0.6795 0.8682
t 733 732 734 E25B5A F0DCDC A84F50 0.6343 0.8682 0.6343 0.8516 0.5891 0.8516
t 734 735 733 A84F50 9E3A39 E25B5A 0.5891 0.8516 0.5891 0.8682 0.6343 0.8682
t 735 734 736 9E3A39 A84F50 B81A19 0.5891 0.8682 0.5891 0.8516 0.5439 0.8516
t 736 737 735 B81A19 9F0C0B 9E3A39 0.5439 0.8516 0.5439 0.8682 0.5891 0.8682
t 737 736 738 9F0C0B B81A19 681D1D 0.5439 0.8682 0.5439 0.8516 0.4987 0.8516
t 738 739 737 681D1D 9C2423 9F0C0B 0.4987 0.8516 0.4987 0.8682 0.5439 0.8682
t 739 738 740 9C2423 681D1D A41F1F 0.4987 0.8682 0.4987 0.8516 0.4535 0.8516
t 740 741 739 A41F1F 841F1D 9C2423 0.4535 0.8516 0.4535 0.8682 0.4987 0.8682
t 741 740 742 841F1D A41F1F 8D2222 0.4535 0.8682 0.4535 0.8516 0.4083 0.8516
t 743 744 745 A2665C AE8B81 A45858 0.2020 0.8482 0.2044 0.8600 0.2275 0.8516
t 746 747 748 D8D0C5 AFAFAF D3CBC2 0.2121 0.8824 0.2727 0.8682 0.2067 0.8718
t 749 750 751 9F988F 9C6C62 242020 0.7799 0.8930 0.7853 0.8824 0.7248 0.8849
t 751 752 749 242020 635656 9F988F 0.7248 0.8849 0.7248 0.9016 0.7799 0.8930
t 752 751 753 635656 242020 190303 0.7248 0.9016 0.7248 0.8849 0.6795 0.8849
t 753 754 752 190303 280303 635656 0.6795 0.8849 0.6795 0.9016 0.7248 0.9016
t 754 753 755 280303 190303 E60302 0.6795 0.9016 0.6795 0.8849 0.6343 0.8849
t 755 756 754 E60302 E11819 280303 0.6343 0.8849 0.6343 0.9016 0.6795 0.9016
t 756 755 757 E11819 E60302 B05250 0.6343 0.9016 0.6343 0.8849 0.5891 0.8849
t 757 758 756 B05250 D15654 E11819 0.5891 0.8849 0.5891 0.9016 0.6343 0.9016
t 758 757 759 D15654 B05250 DA0F0E 0.5891 0.9016 0.5891 0.8849 0.5439 0.8849
t 759 760 758 DA0F0E DD1514 D15654 0.5439 0.8849 0.5439 0.9016 0.5891 0.9016
t 759 761 760 DA0F0E E18083 DD1514 0.5439 0.8849 0.4987 0.8849 0.5439 0.9016
t 762 763 764 481314 B50B0B B56C6B 0.4083 0.8682 0.4083 0.8849 0.4535 0.8849
t 763 762 765 B50B0B 481314 B05B5B 0.4083 0.8849 0.4083 0.8682 0.3631 0.8682
t 765 766 763 B05B5B A42B2A B50B0B 0.3631 0.8682 0.3631 0.8849 0.4083 0.8849
t 766 765 767 A42B2A B05B5B 996D6D 0.3631 0.8849 0.3631 0.8682 0.3179 0.8682
t 767 768 766 996D6D B98281 A42B2A 0.3179 0.8682 0.3179 0.8849 0.3631 0.8849
t 768 767 747 B98281 996D6D AFAFAF 0.3179 0.8849 0.3179 0.8682 0.2727 0.8682
t 747 769 768 AFAFAF 4F3030 B98281 0.2727 0.8682 0.2727 0.8849 0.3179 0.8849
t 769 747 746 4F3030 AFAFAF D8D0C5 0.2727 0.8849 0.2727 0.8682 0.2121 0.8824
t 746 770 769 D8D0C5 D9D2C8 4F3030 0.2121 0.8824 0.2175 0.8930 0.2727 0.8849
t 771 725 728 AC6057 AE5C52 070707 0.7907 0.8718 0.7930 0.8600 0.7248 0.8682
t 728 750 771 070707 9C6C62 AC6057 0.7248 0.8682 0.7853 0.8824 0.7907 0.8718
t 728 751 750 070707 242020 9C6C62 0.7248 0.8682 0.7248 0.8849 0.7853 0.8824
t 751 728 731 242020 070707 200D0D 0.7248 0.8849 0.7248 0.8682 0.6795 0.8682
t 731 753 751 200D0D 190303 242020 0.6795 0.8682 0.6795 0.8849 0.7248 0.8849
t 753 731 733 190303 200D0D E25B5A 0.6795 0.8849 0.6795 0.8682 0.6343 0.8682
t 733 755 753 E25B5A E60302 190303 0.6343 0.8682 0.6343 0.8849 0.6795 0.8849
t 755 733 735 E60302 E25B5A 9E3A39 0.6343 0.8849 0.6343 0.8682 0.5891 0.8682
t 735 757 755 9E3A39 B05250 E60302 0.5891 0.8682 0.5891 0.8849 0.6343 0.8849
t 757 735 737 B05250 9E3A39 9F0C0B 0.5891 0.8849 0.5891 0.8682 0.5439 0.8682
t 737 759 757 9F0C0B DA0F0E B05250 0.5439 0.8682 0.5439 0.8849 0.5891 0.8849
t 759 737 739 DA0F0E 9F0C0B 9C2423 0.5439 0.8849 0.5439 0.8682 0.4987 0.8682
t 739 761 759 9C2423 E18083 DA0F0E 0.4987 0.8682 0.4987 0.8849 0.5439 0.8849
t 761 739 741 E18083 9C2423 841F1D 0.4987 0.8849 0.4987 0.8682 0.4535 0.8682
t 741 764 761 841F1D B56C6B E18083 0.4535 0.8682 0.4535 0.8849 0.4987 0.8849
t 741 762 764 841F1D 481314 B56C6B 0.4535 0.8682 0.4083 0.8682 0.4535 0.8849
t 762 741 742 481314 841F1D 8D2222 0.4083 0.8682 0.4535 0.8682 0.4083 0.8516
t 762 742 772 481314 8D2222 B22828 0.4083 0.8682 0.4083 0.8516 0.3631 0.8516
t 772 765 762 B22828 B05B5B 481314 0.3631 0.8516 0.3631 0.8682 0.4083 0.8682
t 765 772 773 B05B5B B22828 2F2829 0.3631 0.8682 0.3631 0.8516 0.3179 0.8516
t 773 767 765 2F2829 996D6D B05B5B 0.3179 0.8516 0.3179 0.8682 0.3631 0.8682
t 767 773 774 996D6D 2F2829 575051 0.3179 0.8682 0.3179 0.8516 0.2727 0.8516
t 774 747 767 575051 AFAFAF 996D6D 0.2727 0.8516 0.2727 0.8682 0.3179 0.8682
t 747 774 745 AFAFAF 575051 A45858 0.2727 0.8682 0.2727 0.8516 0.2275 0.8516
t 747 745 744 AFAFAF A45858 AE8B81 0.2727 0.8682 0.2275 0.8516 0.2044 0.8600
t 744 748 747 AE8B81 D3CBC2 AFAFAF 0.2044 0.8600 0.2067 0.8718 0.2727 0.8682
t 775 776 777 B48888 DBD4CA DFD8CF 0.2727 0.9016 0.2270 0.9034 0.2366 0.9137
t 778 779 780 DD4342 DABEB3 DD968A 0.3179 0.9183 0.2558 0.9239 0.2750 0.9341
t 781 782 783 1C0202 B8A397 B2AA9E 0.6795 0.9183 0.7224 0.9341 0.7416 0.9239
t 781 784 782 1C0202 210000 B8A397 0.6795 0.9183 0.6795 0.9350 0.7224 0.9341
t 784 781 785 210000 1C0202 D01B1A 0.6795 0.9350 0.6795 0.9183 0.6343 0.9183
t 785 786 784 D01B1A E34F4E 210000 0.6343 0.9183 0.6343 0.9350 0.6795 0.9350
t 786 785 787 E34F4E D01B1A E34341 0.6343 0.9350 0.6343 0.9183 0.5891 0.9183
t 787 788 786 E34341 E63432 E34F4E 0.5891 0.9183 0.5891 0.9350 0.6343 0.9350
t 787 789 788 E34341 E33332 E63432 0.5891 0.9183 0.5439 0.9183 0.5891 0.9350
t 790 791 789 E7E7E7 E9E6E6 E33332 0.4987 0.9016 0.4987 0.9183 0.5439 0.9183
t 791 790 792 E9E6E6 E7E7E7 CE0606 0.4987 0.9183 0.4987 0.9016 0.4535 0.9016
t 792 793 791 CE0606 9C100F E9E6E6 0.4535 0.9016 0.4535 0.9183 0.4987 0.9183
t 793 792 794 9C100F CE0606 A10606 0.4535 0.9183 0.4535 0.9016 0.4083 0.9016
t 794 795 793 A10606 680505 9C100F 0.4083 0.9016 0.4083 0.9183 0.4535 0.9183
t 795 794 796 680505 A10606 D90302 0.4083 0.9183 0.4083 0.9016 0.3631 0.9016
t 796 797 795 D90302 C77979 680505 0.3631 0.9016 0.3631 0.9183 0.4083 0.9183
t 797 796 798 C77979 D90302 A60505 0.3631 0.9183 0.3631 0.9016 0.3179 0.9016
t 798 778 797 A60505 DD4342 C77979 0.3179 0.9016 0.3179 0.9183 0.3631 0.9183
t 778 798 775 DD4342 A60505 B48888 0.3179 0.9183 0.3179 0.9016 0.2727 0.9016
t 775 779 778 B48888 DABEB3 DD4342 0.2727 0.9016 0.2558 0.9239 0.3179 0.9183
t 779 775 777 DABEB3 B48888 DFD8CF 0.2558 0.9239 0.2727 0.9016 0.2366 0.9137
t 799 800 801 DA332F C73635 E8A09F 0.5439 0.9350 0.5439 0.9517 0.5891 0.9517
t 800 799 802 C73635 DA332F C10B0B 0.5439 0.9517 0.5439 0.9350 0.4987 0.9350
t 802 803 800 C10B0B E8E5E5 C73635 0.4987 0.9350 0.4987 0.9517 0.5439 0.9517
t 803 802 804 E8E5E5 C10B0B E80000 0.4987 0.9517 0.4987 0.9350 0.4535 0.9350
t 805 806 807 DBD4C9 E9E6E6 E42A29 0.3236 0.9499 0.3631 0.9350 0.3179 0.9350
t 807 808 805 E42A29 DA9E92 DBD4C9 0.3179 0.9350 0.2993 0.9420 0.3236 0.9499
t 809 810 811 E7E5E7 DB9086 DBACA3 0.4083 0.9517 0.3524 0.9557 0.3812 0.9615
t 812 813 814 E10606 DCD5CC DEC0B8 0.4535 0.9517 0.4529 0.9689 0.4758 0.9695
t 812 815 813 E10606 E1DDD8 DCD5CC 0.4535 0.9517 0.4170 0.9652 0.4529 0.9689
t 815 812 809 E1DDD8 E10606 E7E5E7 0.4170 0.9652 0.4535 0.9517 0.4083 0.9517
t 815 809 811 E1DDD8 E7E5E7 DBACA3 0.4170 0.9652 0.4083 0.9517 0.3812 0.9615
t 801 816 817 E8A09F CE2D24 602B24 0.5891 0.9517 0.6162 0.9615 0.6450 0.9557
t 801 818 816 E8A09F DF928C CE2D24 0.5891 0.9517 0.5804 0.9652 0.6162 0.9615
t 818 801 800 DF928C E8A09F C73635 0.5804 0.9652 0.5891 0.9517 0.5439 0.9517
t 800 819 818 C73635 A46B61 DF928C 0.5439 0.9517 0.5445 0.9689 0.5804 0.9652
t 800 820 819 C73635 B54138 A46B61 0.5439 0.9517 0.5216 0.9695 0.5445 0.9689
t 820 800 803 B54138 C73635 E8E5E5 0.5216 0.9695 0.5439 0.9517 0.4987 0.9517
t 803 821 820 E8E5E5 C48980 B54138 0.4987 0.9517 0.4987 0.9701 0.5216 0.9695
t 803 814 821 E8E5E5 DEC0B8 C48980 0.4987 0.9517 0.4758 0.9695 0.4987 0.9701
t 803 812 814 E8E5E5 E10606 DEC0B8 0.4987 0.9517 0.4535 0.9517 0.4758 0.9695
t 812 803 804 E10606 E8E5E5 E80000 0.4535 0.9517 0.4987 0.9517 0.4535 0.9350
t 812 804 822 E10606 E80000 E59191 0.4535 0.9517 0.4535 0.9350 0.4083 0.9350
t 822 809 812 E59191 E7E5E7 E10606 0.4083 0.9350 0.4083 0.9517 0.4535 0.9517
t 809 822 806 E7E5E7 E59191 E9E6E6 0.4083 0.9517 0.4083 0.9350 0.3631 0.9350
t 806 810 809 E9E6E6 DB9086 E7E5E7 0.3631 0.9350 0.3524 0.9557 0.4083 0.9517
t 810 806 805 DB9086 E9E6E6 DBD4C9 0.3524 0.9557 0.3631 0.9350 0.3236 0.9499
t 823 782 784 93584E B8A397 210000 0.6981 0.9420 0.7224 0.9341 0.6795 0.9350
t 784 824 823 210000 954F44 93584E 0.6795 0.9350 0.6738 0.9499 0.6981 0.9420
t 824 784 786 954F44 210000 E34F4E 0.6738 0.9499 0.6795 0.9350 0.6343 0.9350
t 786 817 824 E34F4E 602B24 954F44 0.6343 0.9350 0.6450 0.9557 0.6738 0.9499
t 786 801 817 E34F4E E8A09F 602B24 0.6343 0.9350 0.5891 0.9517 0.6450 0.9557
t 801 786 788 E8A09F E34F4E E63432 0.5891 0.9517 0.6343 0.9350 0.5891 0.9350
t 788 799 801 E63432 DA332F E8A09F 0.5891 0.9350 0.5439 0.9350 0.5891 0.9517
t 799 788 789 DA332F E63432 E33332 0.5439 0.9350 0.5891 0.9350 0.5439 0.9183
t 799 789 791 DA332F E33332 E9E6E6 0.5439 0.9350 0.5439 0.9183 0.4987 0.9183
t 791 802 799 E9E6E6 C10B0B DA332F 0.4987 0.9183 0.4987 0.9350 0.5439 0.9350
t 802 791 793 C10B0B E9E6E6 9C100F 0.4987 0.9350 0.4987 0.9183 0.4535 0.9183
t 793 804 802 9C100F E80000 C10B0B 0.4535 0.9183 0.4535 0.9350 0.4987 0.9350
t 804 793 795 E80000 9C100F 680505 0.4535 0.9350 0.4535 0.9183 0.4083 0.9183
t 795 822 804 680505 E59191 E80000 0.4083 0.9183 0.4083 0.9350 0.4535 0.9350
t 822 795 797 E59191 680505 C77979 0.4083 0.9350 0.4083 0.9183 0.3631 0.9183
t 797 806 822 C77979 E9E6E6 E59191 0.3631 0.9183 0.3631 0.9350 0.4083 0.9350
t 806 797 778 E9E6E6 C77979 DD4342 0.3631 0.9350 0.3631 0.9183 0.3179 0.9183
t 778 807 806 DD4342 E42A29 E9E6E6 0.3179 0.9183 0.3179 0.9350 0.3631 0.9350
t 807 778 780 E42A29 DD4342 DD968A 0.3179 0.9350 0.3179 0.9183 0.2750 0.9341
t 780 808 807 DD968A DA9E92 E42A29 0.2750 0.9341 0.2993 0.9420 0.3179 0.9350
t 825 749 752 9F9990 9F988F 635656 0.7704 0.9034 0.7799 0.8930 0.7248 0.9016
t 752 826 825 635656 A49F97 9F9990 0.7248 0.9016 0.7608 0.9137 0.7704 0.9034
t 752 783 826 635656 B2AA9E A49F97 0.7248 0.9016 0.7416 0.9239 0.7608 0.9137
t 752 781 783 635656 1C0202 B2AA9E 0.7248 0.9016 0.6795 0.9183 0.7416 0.9239
t 781 752 754 1C0202 635656 280303 0.6795 0.9183 0.7248 0.9016 0.6795 0.9016
t 781 754 756 1C0202 280303 E11819 0.6795 0.9183 0.6795 0.9016 0.6343 0.9016
t 756 785 781 E11819 D01B1A 1C0202 0.6343 0.9016 0.6343 0.9183 0.6795 0.9183
t 785 756 758 D01B1A E11819 D15654 0.6343 0.9183 0.6343 0.9016 0.5891 0.9016
t 758 787 785 D15654 E34341 D01B1A 0.5891 0.9016 0.5891 0.9183 0.6343 0.9183
t 787 758 760 E34341 D15654 DD1514 0.5891 0.9183 0.5891 0.9016 0.5439 0.9016
t 760 789 787 DD1514 E33332 E34341 0.5439 0.9016 0.5439 0.9183 0.5891 0.9183
t 760 790 789 DD1514 E7E7E7 E33332 0.5439 0.9016 0.4987 0.9016 0.5439 0.9183
t 790 760 761 E7E7E7 DD1514 E18083 0.4987 0.9016 0.5439 0.9016 0.4987 0.8849
t 790 761 764 E7E7E7 E18083 B56C6B 0.4987 0.9016 0.4987 0.8849 0.4535 0.8849
t 764 792 790 B56C6B CE0606 E7E7E7 0.4535 0.8849 0.4535 0.9016 0.4987 0.9016
t 792 764 763 CE0606 B56C6B B50B0B 0.4535 0.9016 0.4535 0.8849 0.4083 0.8849
t 763 794 792 B50B0B A10606 CE0606 0.4083 0.8849 0.4083 0.9016 0.4535 0.9016
t 794 763 766 A10606 B50B0B A42B2A 0.4083 0.9016 0.4083 0.8849 0.3631 0.8849
t 766 796 794 A42B2A D90302 A10606 0.3631 0.8849 0.3631 0.9016 0.4083 0.9016
t 796 766 768 D90302 A42B2A B98281 0.3631 0.9016 0.3631 0.8849 0.3179 0.8849
t 768 798 796 B98281 A60505 D90302 0.3179 0.8849 0.3179 0.9016 0.3631 0.9016
t 798 768 769 A60505 B98281 4F3030 0.3179 0.9016 0.3179 0.8849 0.2727 0.8849
t 769 775 798 4F3030 B48888 A60505 0.2727 0.8849 0.2727 0.9016 0.3179 0.9016
t 775 769 770 B48888 4F3030 D9D2C8 0.2727 0.9016 0.2727 0.8849 0.2175 0.8930
t 770 776 775 D9D2C8 DBD4CA B48888 0.2175 0.8930 0.2270 0.9034 0.2727 0.9016
t 827 718 719 B19C94 7B746C F4F3F3 0.7974 0.8359 0.7993 0.8236 0.7700 0.8349
t 719 726 827 F4F3F3 AF8B82 B19C94 0.7700 0.8349 0.7954 0.8482 0.7974 0.8359
t 719 727 726 F4F3F3 CFC4C3 AF8B82 0.7700 0.8349 0.7700 0.8516 0.7954 0.8482
t 727 719 696 CFC4C3 F4F3F3 F9F9F9 0.7700 0.8516 0.7700 0.8349 0.7248 0.8349
t 696 729 727 F9F9F9 CAC9C9 CFC4C3 0.7248 0.8349 0.7248 0.8516 0.7700 0.8516
t 729 696 695 CAC9C9 F9F9F9 F04241 0.7248 0.8516 0.7248 0.8349 0.6795 0.8349
t 695 730 729 F04241 EB5958 CAC9C9 0.6795 0.8349 0.6795 0.8516 0.7248 0.8516
t 730 695 698 EB5958 F04241 F9F3F3 0.6795 0.8516 0.6795 0.8349 0.6343 0.8349
t 698 732 730 F9F3F3 F0DCDC EB5958 0.6343 0.8349 0.6343 0.8516 0.6795 0.8516
t 732 698 700 F0DCDC F9F3F3 B42D2D 0.6343 0.8516 0.6343 0.8349 0.5891 0.8349
t 700 734 732 B42D2D A84F50 F0DCDC 0.5891 0.8349 0.5891 0.8516 0.6343 0.8516
t 734 700 702 A84F50 B42D2D C82625 0.5891 0.8516 0.5891 0.8349 0.5439 0.8349
t 702 736 734 C82625 B81A19 A84F50 0.5439 0.8349 0.5439 0.8516 0.5891 0.8516
t 736 702 704 B81A19 C82625 672A2A 0.5439 0.8516 0.5439 0.8349 0.4987 0.8349
t 704 738 736 672A2A 681D1D B81A19 0.4987 0.8349 0.4987 0.8516 0.5439 0.8516
t 738 704 706 681D1D 672A2A 962C2B 0.4987 0.8516 0.4987 0.8349 0.4535 0.8349
t 706 740 738 962C2B A41F1F 681D1D 0.4535 0.8349 0.4535 0.8516 0.4987 0.8516
t 740 706 708 A41F1F 962C2B 8C3130 0.4535 0.8516 0.4535 0.8349 0.4083 0.8349
t 708 742 740 8C3130 8D2222 A41F1F 0.4083 0.8349 0.4083 0.8516 0.4535 0.8516
t 742 708 710 8D2222 8C3130 613838 0.4083 0.8516 0.4083 0.8349 0.3631 0.8349
t 710 772 742 613838 B22828 8D2222 0.3631 0.8349 0.3631 0.8516 0.4083 0.8516
t 772 710 712 B22828 613838 655C5C 0.3631 0.8516 0.3631 0.8349 0.3179 0.8349
t 712 773 772 655C5C 2F2829 B22828 0.3179 0.8349 0.3179 0.8516 0.3631 0.8516
t 773 712 714 2F2829 655C5C BAA09F 0.3179 0.8516 0.3179 0.8349 0.2727 0.8349
t 714 774 773 BAA09F 575051 2F2829 0.2727 0.8349 0.2727 0.8516 0.3179 0.8516
t 774 714 716 575051 BAA09F DCC6C5 0.2727 0.8516 0.2727 0.8349 0.2275 0.8349
t 716 745 774 DCC6C5 A45858 575051 0.2275 0.8349 0.2275 0.8516 0.2727 0.8516
t 716 743 745 DCC6C5 A2665C A45858 0.2275 0.8349 0.2020 0.8482 0.2275 0.8516
t 716 828 743 DCC6C5 D1BDB5 A2665C 0.2275 0.8349 0.2001 0.8359 0.2020 0.8482
t 828 716 717 D1BDB5 DCC6C5 8C857E 0.2001 0.8359 0.2275 0.8349 0.1981 0.8236
t 669 599 600 A56D63 9E6F66 AB9696 0.8063 0.7451 0.8068 0.7316 0.7700 0.7347
t 600 623 669 AB9696 C72727 A56D63 0.7700 0.7347 0.7700 0.7514 0.8063 0.7451
t 600 621 623 AB9696 5F2827 C72727 0.7700 0.7347 0.7248 0.7347 0.7700 0.7514
t 621 600 601 5F2827 AB9696 BA4343 0.7248 0.7347 0.7700 0.7347 0.7248 0.7180
t 621 601 615 5F2827 BA4343 573031 0.7248 0.7347 0.7248 0.7180 0.6795 0.7180
t 615 624 621 573031 664949 5F2827 0.6795 0.7180 0.6795 0.7347 0.7248 0.7347
t 624 615 616 664949 573031 F52727 0.6795 0.7347 0.6795 0.7180 0.6343 0.7180
t 616 626 624 F52727 C89797 664949 0.6343 0.7180 0.6343 0.7347 0.6795 0.7347
t 626 616 617 C89797 F52727 372525 0.6343 0.7347 0.6343 0.7180 0.5891 0.7180
t 617 628 626 372525 542727 C89797 0.5891 0.7180 0.5891 0.7347 0.6343 0.7347
t 628 617 618 542727 372525 982828 0.5891 0.7347 0.5891 0.7180 0.5439 0.7180
t 618 630 628 982828 8E2828 542727 0.5439 0.7180 0.5439 0.7347 0.5891 0.7347
t 630 618 604 8E2828 982828 BD2828 0.5439 0.7347 0.5439 0.7180 0.4987 0.7180
t 604 632 630 BD2828 972626 8E2828 0.4987 0.7180 0.4987 0.7347 0.5439 0.7347
t 632 604 603 972626 BD2828 BE2928 0.4987 0.7347 0.4987 0.7180 0.4535 0.7180
t 603 634 632 BE2928 D95556 972626 0.4535 0.7180 0.4535 0.7347 0.4987 0.7347
t 634 603 606 D95556 BE2928 6C5C5C 0.4535 0.7347 0.4535 0.7180 0.4083 0.7180
t 606 636 634 6C5C5C CFC5C5 D95556 0.4083 0.7180 0.4083 0.7347 0.4535 0.7347
t 636 606 608 CFC5C5 6C5C5C 412424 0.4083 0.7347 0.4083 0.7180 0.3631 0.7180
t 608 638 636 412424 232323 CFC5C5 0.3631 0.7180 0.3631 0.7347 0.4083 0.7347
t 638 608 610 232323 412424 401F1F 0.3631 0.7347 0.3631 0.7180 0.3179 0.7180
t 610 640 638 401F1F 202020 232323 0.3179 0.7180 0.3179 0.7347 0.3631 0.7347
t 640 610 612 202020 401F1F EF3F3E 0.3179 0.7347 0.3179 0.7180 0.2727 0.7180
t 612 642 640 EF3F3E E84040 202020 0.2727 0.7180 0.2727 0.7347 0.3179 0.7347
t 642 612 593 E84040 EF3F3E F0DCDC 0.2727 0.7347 0.2727 0.7180 0.2275 0.7180
t 593 644 642 F0DCDC DCBFBF E84040 0.2275 0.7180 0.2275 0.7347 0.2727 0.7347
t 644 593 595 DCBFBF F0DCDC B09C93 0.2275 0.7347 0.2275 0.7180 0.1906 0.7316
t 595 672 644 B09C93 AA5D54 DCBFBF 0.1906 0.7316 0.1912 0.7451 0.2275 0.7347
t 415 387 390 DB685E BC9A91 F59D9D 0.8074 0.5090 0.8074 0.4930 0.7700 0.5010
t 390 416 415 F59D9D ED4142 DB685E 0.7700 0.5010 0.7700 0.5177 0.8074 0.5090
t 416 390 392 ED4142 F59D9D F3A6A5 0.7700 0.5177 0.7700 0.5010 0.7248 0.5010
t 392 418 416 F3A6A5 EF8888 ED4142 0.7248 0.5010 0.7248 0.5177 0.7700 0.5177
t 418 392 394 EF8888 F3A6A5 DC4143 0.7248 0.5177 0.7248 0.5010 0.6795 0.5010
t 394 461 418 DC4143 F59A9A EF8888 0.6795 0.5010 0.6795 0.5177 0.7248 0.5177
t 461 394 396 F59A9A DC4143 381F1F 0.6795 0.5177 0.6795 0.5010 0.6343 0.5010
t 396 462 461 381F1F 251F1F F59A9A 0.6343 0.5010 0.6343 0.5177 0.6795 0.5177
t 462 396 398 251F1F 381F1F 482020 0.6343 0.5177 0.6343 0.5010 0.5891 0.5010
t 398 463 462 482020 3D3131 251F1F 0.5891 0.5010 0.5891 0.5177 0.6343 0.5177
t 463 398 400 3D3131 482020 5F2020 0.5891 0.5177 0.5891 0.5010 0.5439 0.5010
t 400 421 463 5F2020 3F2020 3D3131 0.5439 0.5010 0.5439 0.5177 0.5891 0.5177
t 400 419 421 5F2020 691F1F 3F2020 0.5439 0.5010 0.4987 0.5010 0.5439 0.5177
t 419 400 401 691F1F 5F2020 4E1D1E 0.4987 0.5010 0.5439 0.5010 0.4987 0.4843
t 419 401 411 691F1F 4E1D1E 6D3435 0.4987 0.5010 0.4987 0.4843 0.4535 0.4843
t 411 422 419 6D3435 71201F 691F1F 0.4535 0.4843 0.4535 0.5010 0.4987 0.5010
t 422 411 412 71201F 6D3435 AE2424 0.4535 0.5010 0.4535 0.4843 0.4083 0.4843
t 412 424 422 AE2424 922322 71201F 0.4083 0.4843 0.4083 0.5010 0.4535 0.5010
t 424 412 404 922322 AE2424 A32F2E 0.4083 0.5010 0.4083 0.4843 0.3631 0.4843
t 404 426 424 A32F2E A52F2E 922322 0.3631 0.4843 0.3631 0.5010 0.4083 0.5010
t 426 404 403 A52F2E A32F2E 8F2020 0.3631 0.5010 0.3631 0.4843 0.3179 0.4843
t 403 428 426 8F2020 C62120 A52F2E 0.3179 0.4843 0.3179 0.5010 0.3631 0.5010
t 428 403 406 C62120 8F2020 6A1B1A 0.3179 0.5010 0.3179 0.4843 0.2727 0.4843
t 406 430 428 6A1B1A B55C5C C62120 0.2727 0.4843 0.2727 0.5010 0.3179 0.5010
t 430 406 408 B55C5C 6A1B1A BA1211 0.2727 0.5010 0.2727 0.4843 0.2275 0.4843
t 408 432 430 BA1211 851E1E B55C5C 0.2275 0.4843 0.2275 0.5010 0.2727 0.5010
t 432 408 410 851E1E BA1211 B4827A 0.2275 0.5010 0.2275 0.4843 0.1901 0.4930
t 410 434 432 B4827A DB9F96 851E1E 0.1901 0.4930 0.1901 0.5090 0.2275 0.5010
part wheels
v 9.779 -3.753 -24.544
v 9.700 -5.998 -24.851
v 13.136 -5.442 -24.699
v 13.220 -3.757 -24.571
v 13.145 -6.971 -25.410
v 9.700 -7.785 -26.220
v 13.136 -8.068 -26.703
v 9.709 -8.500 -27.741
v 13.136 -8.500 -27.741
v 9.700 -8.643 -29.427
v 13.145 -8.645 -29.413
v 9.709 -8.068 -31.004
v 13.136 -8.068 -31.004
v 9.700 -6.971 -32.298
v 13.145 -6.982 -32.289
v 9.709 -5.442 -33.008
v 13.145 -4.899 -33.151
v 9.700 -3.748 -33.151
v 13.145 -2.662 -32.862
v 9.709 -2.162 -32.579
v 9.709 -1.266 -31.895
v 13.136 -1.266 -31.895
v 9.700 -0.295 -30.506
v 13.136 -0.579 -31.004
v 13.136 -0.147 -29.967
v 9.709 -0.000 -28.854
v 13.136 -0.000 -28.854
v 9.709 -0.000 -28.854
v 9.709 -0.147 -27.741
v 13.136 -0.147 -27.741
v 13.136 -0.000 -28.854
v 9.709 -0.579 -26.703
v 13.136 -0.579 -26.703
v 9.626 -1.680 -25.426
v 13.066 -1.663 -25.405
v 8.566 -3.879 -25.711
v 8.567 -5.549 -25.927
v 8.849 -5.949 -25.151
v 8.860 -3.791 -24.831
v 8.843 -1.859 -25.659
v 8.571 -1.685 -26.920
v 8.849 -0.601 -27.237
v 8.567 -1.163 -28.854
v 8.853 -0.291 -28.854
v 8.567 -1.377 -30.061
v 8.567 -1.163 -28.854
v 8.829 -0.242 -28.858
v 8.849 -1.054 -31.252
v 8.567 -3.054 -31.875
v 8.853 -2.307 -32.328
v 8.849 -3.717 -32.850
v 8.567 -5.537 -31.785
v 8.853 -5.367 -32.729
v 8.849 -6.734 -32.106
v 8.567 -7.117 -30.469
v 8.849 -8.046 -30.471
v 8.567 -7.368 -27.611
v 8.853 -8.356 -28.854
v 8.849 -8.105 -27.379
v 8.853 -7.175 -26.017
v 14.278 -5.931 -26.066
v 14.278 -3.054 -25.833
v 14.003 -3.795 -24.861
v 13.996 -5.806 -25.092
v 13.993 -7.175 -26.017
v 14.278 -7.441 -28.013
v 13.996 -8.046 -27.237
v 13.993 -8.356 -28.854
v 14.278 -6.941 -30.839
v 13.996 -8.105 -30.329
v 13.996 -6.857 -32.012
v 14.278 -4.333 -32.068
v 13.996 -4.930 -32.850
v 13.996 -2.841 -32.616
v 14.278 -1.719 -30.855
v 13.996 -1.148 -31.375
v 13.993 -0.428 -29.892
v 14.278 -1.163 -28.854
v 13.993 -0.291 -28.854
v 14.278 -1.377 -27.647
v 14.278 -1.163 -28.854
v 14.017 -0.242 -28.849
v 13.996 -1.054 -26.455
v 13.993 -2.307 -25.380
v 8.860 -3.791 -24.831
v 8.849 -5.949 -25.151
v 13.996 -5.806 -25.092
v 14.003 -3.795 -24.861
v 8.853 -7.175 -26.017
v 13.993 -7.175 -26.017
v 8.849 -8.105 -27.379
v 13.996 -8.046 -27.237
v 8.853 -8.356 -28.854
v 13.993 -8.356 -28.854
v 8.849 -8.046 -30.471
v 13.996 -8.105 -30.329
v 8.849 -6.734 -32.106
v 13.996 -6.857 -32.012
v 8.853 -5.367 -32.729
v 13.996 -4.930 -32.850
v 8.849 -3.717 -32.850
v 13.996 -2.841 -32.616
v 8.853 -2.307 -32.328
v 13.996 -1.148 -31.375
v 13.993 -0.428 -29.892
v 13.993 -0.291 -28.854
v 8.853 -0.291 -28.854
v 8.849 -0.601 -27.237
v 14.017 -0.242 -28.849
v 13.996 -1.054 -26.455
v 8.843 -1.859 -25.659
v 13.993 -2.307 -25.380
v 8.854 -3.990 -26.671
v 8.854 -5.132 -26.798
v 8.854 -2.938 -27.130
v 8.854 -2.257 -28.050
v 8.853 -2.121 -28.854
v 8.854 -2.291 -29.739
v 8.853 -2.121 -28.854
v 8.854 -3.008 -30.632
v 8.856 -4.387 -31.090
v 8.854 -5.709 -30.578
v 8.854 -6.390 -29.658
v 8.854 -6.517 -28.522
v 8.854 -6.057 -27.476
v 13.989 -4.967 -26.711
v 13.991 -6.110 -27.545
v 13.989 -6.571 -28.917
v 13.989 -5.868 -30.480
v 13.989 -4.260 -31.090
v 13.991 -2.938 -30.578
v 13.991 -2.257 -29.658
v 13.993 -2.121 -28.854
v 13.991 -2.291 -27.969
v 13.993 -2.121 -28.854
v 13.989 -3.255 -26.886
v 8.854 -3.990 -26.671
v 8.854 -2.938 -27.130
v 9.709 -3.563 -27.001
v 13.989 -3.255 -26.886
v 13.137 -3.544 -27.009
v 13.136 -2.911 -27.449
v 9.709 -2.911 -27.449
v 13.991 -2.291 -27.969
v 13.137 -2.461 -28.097
v 8.854 -2.257 -28.050
v 9.709 -2.469 -28.078
v 13.993 -2.121 -28.854
v 13.136 -2.326 -28.854
v 8.853 -2.121 -28.854
v 9.709 -2.326 -28.854
v 13.991 -2.257 -29.658
v 13.993 -2.121 -28.854
v 13.136 -2.326 -28.854
v 13.137 -2.469 -29.629
v 8.853 -2.121 -28.854
v 8.854 -2.291 -29.739
v 9.709 -2.461 -29.610
v 9.709 -2.326 -28.854
v 13.991 -2.938 -30.578
v 13.137 -3.107 -30.448
v 8.854 -3.008 -30.632
v 9.709 -2.911 -30.259
v 9.709 -3.544 -30.699
v 13.989 -4.260 -31.090
v 13.136 -3.806 -30.774
v 8.856 -4.387 -31.090
v 13.137 -4.596 -30.837
v 9.709 -4.576 -30.840
v 13.989 -5.868 -30.480
v 13.137 -5.556 -30.436
v 8.854 -5.709 -30.578
v 9.709 -5.540 -30.448
v 13.136 -6.053 -29.848
v 8.854 -6.390 -29.658
v 9.709 -6.053 -29.848
v 13.989 -6.571 -28.917
v 13.137 -6.320 -29.105
v 9.709 -6.317 -29.125
v 8.854 -6.517 -28.522
v 13.137 -6.178 -28.078
v 9.709 -6.186 -28.097
v 13.991 -6.110 -27.545
v 8.854 -6.057 -27.476
v 13.137 -5.540 -27.260
v 9.709 -5.556 -27.272
v 13.989 -4.967 -26.711
v 8.854 -5.132 -26.798
v 13.137 -4.576 -26.868
v 9.709 -4.596 -26.871
v -9.779 -3.753 24.544
v -9.709 -5.442 24.699
v -13.136 -5.442 24.699
v -13.220 -3.757 24.571
v -9.709 -6.485 25.129
v -13.145 -6.971 25.410
v -9.709 -7.381 25.813
v -9.700 -8.352 27.201
v -13.145 -8.347 27.188
v -9.700 -8.643 29.427
v -13.145 -8.645 29.413
v -9.709 -8.068 31.004
v -13.145 -7.785 31.487
v -9.700 -6.971 32.298
v -13.145 -5.998 32.857
v -9.700 -4.885 33.153
v -13.136 -4.323 33.155
v -9.700 -2.649 32.857
v -13.145 -2.662 32.862
v -9.709 -1.266 31.895
v -13.136 -1.266 31.895
v -9.709 -0.579 31.004
v -13.145 -0.300 30.519
v -9.709 -0.147 29.967
v -9.709 -0.000 28.854
v -13.136 -0.000 28.854
v -9.709 -0.000 28.854
v -9.700 -0.300 27.188
v -13.145 -0.295 27.201
v -13.136 -0.000 28.854
v -9.626 -1.680 25.426
v -13.066 -1.663 25.405
v -8.567 -4.746 25.711
v -8.849 -5.949 25.151
v -8.860 -3.791 24.831
v -8.567 -2.716 26.066
v -8.843 -1.859 25.659
v -8.567 -1.382 27.635
v -8.849 -0.601 27.237
v -8.567 -1.163 28.854
v -8.853 -0.291 28.854
v -8.567 -2.312 31.445
v -8.572 -1.095 28.855
v -8.829 -0.242 28.858
v -8.849 -1.054 31.252
v -8.849 -2.698 32.557
v -8.567 -5.573 31.883
v -8.849 -4.777 32.870
v -8.849 -6.734 32.106
v -8.567 -7.442 29.694
v -8.849 -8.046 30.471
v -8.853 -8.356 28.854
v -8.567 -6.941 26.869
v -8.849 -8.105 27.379
v -8.853 -7.175 26.017
v -14.278 -5.931 26.066
v -14.278 -3.054 25.833
v -14.003 -3.795 24.861
v -13.996 -5.806 25.092
v -13.993 -7.175 26.017
v -14.278 -7.265 27.635
v -13.996 -8.046 27.237
v -14.278 -7.446 29.677
v -13.993 -8.356 28.854
v -13.996 -8.105 30.329
v -14.278 -5.947 31.633
v -13.996 -6.857 32.012
v -13.993 -5.367 32.729
v -14.278 -3.074 31.883
v -13.996 -3.870 32.870
v -13.993 -2.307 32.328
v -13.996 -1.148 31.375
v -14.278 -1.382 30.073
v -13.993 -0.428 29.892
v -14.278 -1.163 28.854
v -13.993 -0.291 28.854
v -14.278 -1.377 27.647
v -14.278 -1.163 28.854
v -14.017 -0.242 28.850
v -13.996 -1.054 26.455
v -13.993 -2.307 25.380
v -8.860 -3.791 24.831
v -8.849 -5.949 25.151
v -13.996 -5.806 25.092
v -14.003 -3.795 24.861
v -8.853 -7.175 26.017
v -13.993 -7.175 26.017
v -8.849 -8.105 27.379
v -13.996 -8.046 27.237
v -8.853 -8.356 28.854
v -13.993 -8.356 28.854
v -8.849 -8.046 30.471
v -13.996 -8.105 30.329
v -8.849 -6.734 32.106
v -13.996 -6.857 32.012
v -8.849 -4.777 32.870
v -13.993 -5.367 32.729
v -13.996 -3.870 32.870
v -8.849 -2.698 32.557
v -13.993 -2.307 32.328
v -8.849 -1.054 31.252
v -13.996 -1.148 31.375
v -8.829 -0.242 28.858
v -13.993 -0.428 29.892
v -13.993 -0.291 28.854
v -8.853 -0.291 28.854
v -8.849 -0.601 27.237
v -8.843 -1.859 25.659
v -13.993 -2.307 25.380
v -8.856 -3.145 26.949
v -8.854 -4.569 26.660
v -8.854 -2.257 28.050
v -8.853 -2.121 28.854
v -8.854 -2.590 30.232
v -8.853 -2.070 28.858
v -8.856 -3.803 31.030
v -8.856 -5.502 30.759
v -8.856 -6.511 29.371
v -8.854 -6.356 27.969
v -8.854 -5.639 27.076
v -13.989 -5.502 26.949
v -13.991 -4.078 26.660
v -13.991 -6.390 28.050
v -13.991 -6.517 29.185
v -13.991 -6.057 30.232
v -13.989 -4.844 31.030
v -13.991 -3.434 30.876
v -13.991 -2.536 30.163
v -13.981 -2.093 28.856
v -13.991 -2.291 27.969
v -13.993 -2.121 28.854
v -13.991 -3.008 27.076
v -13.991 -3.008 27.076
v -13.991 -4.078 26.660
v -13.136 -3.806 26.934
v -13.137 -3.090 27.272
v -8.856 -3.145 26.949
v -9.709 -3.107 27.260
v -9.709 -3.806 26.934
v -13.991 -2.291 27.969
v -13.137 -2.461 28.097
v -8.854 -2.257 28.050
v -9.709 -2.469 28.078
v -13.993 -2.121 28.854
v -13.136 -2.326 28.854
v -8.853 -2.121 28.854
v -9.709 -2.326 28.854
v -13.981 -2.093 28.856
v -13.136 -2.326 28.854
v -13.137 -2.469 29.629
v -8.853 -2.070 28.858
v -9.709 -2.461 29.610
v -9.709 -2.326 28.854
v -13.991 -2.536 30.163
v -8.854 -2.590 30.232
v -13.136 -2.911 30.259
v -9.709 -3.090 30.436
v -13.991 -3.434 30.876
v -13.137 -3.563 30.707
v -8.856 -3.803 31.030
v -9.709 -4.051 30.837
v -13.989 -4.844 31.030
v -13.137 -4.596 30.837
v -8.856 -5.502 30.759
v -9.709 -5.084 30.707
v -13.137 -5.556 30.436
v -13.991 -6.057 30.232
v -9.709 -5.736 30.259
v -13.137 -6.186 29.610
v -8.856 -6.511 29.371
v -9.709 -6.178 29.629
v -13.991 -6.517 29.185
v -13.137 -6.317 28.583
v -9.709 -6.320 28.603
v -13.991 -6.390 28.050
v -8.854 -6.356 27.969
v -13.136 -6.053 27.860
v -9.709 -6.053 27.860
v -13.989 -5.502 26.949
v -13.137 -5.540 27.260
v -8.854 -5.639 27.076
v -9.709 -5.556 27.272
v -13.137 -4.576 26.868
v -8.854 -4.569 26.660
v -9.709 -4.596 26.871
v 9.779 -3.753 24.544
v 13.220 -3.757 24.571
v 13.136 -5.442 24.699
v 9.709 -5.442 24.699
v 13.145 -6.971 25.410
v 9.709 -6.485 25.129
v 9.709 -7.381 25.813
v 13.145 -8.347 27.188
v 9.700 -8.352 27.201
v 13.145 -8.645 29.413
v 9.700 -8.643 29.427
v 13.145 -7.785 31.487
v 9.709 -8.068 31.004
v 9.700 -6.971 32.298
v 13.145 -5.998 32.857
v 9.709 -5.442 33.008
v 13.136 -4.323 33.155
v 9.709 -4.323 33.155
v 13.145 -2.662 32.862
v 9.700 -2.649 32.857
v 13.136 -1.266 31.895
v 9.709 -1.266 31.895
v 13.136 -0.579 31.004
v 9.709 -0.579 31.004
v 13.136 -0.147 29.967
v 9.709 -0.147 29.967
v 13.136 -0.000 28.854
v 9.709 -0.000 28.854
v 9.709 -0.000 28.854
v 13.136 -0.000 28.854
v 13.136 -0.147 27.741
v 9.700 -0.300 27.188
v 13.136 -0.579 26.703
v 13.066 -1.663 25.405
v 9.626 -1.680 25.426
v 8.566 -3.879 25.711
v 8.860 -3.791 24.831
v 8.849 -5.949 25.151
v 8.567 -5.947 26.075
v 8.843 -1.859 25.659
v 8.571 -1.685 26.920
v 8.849 -0.601 27.237
v 8.567 -1.163 28.854
v 8.853 -0.291 28.854
v 8.567 -1.377 30.061
v 8.829 -0.242 28.858
v 8.567 -1.163 28.854
v 8.849 -1.054 31.252
v 8.567 -2.700 31.633
v 8.849 -2.698 32.557
v 8.567 -5.573 31.883
v 8.849 -4.777 32.870
v 8.849 -6.734 32.106
v 8.567 -7.441 29.694
v 8.849 -8.046 30.471
v 8.853 -8.356 28.854
v 8.567 -7.270 27.647
v 8.849 -8.105 27.379
v 8.853 -7.175 26.017
v 14.278 -5.931 26.066
v 13.996 -5.806 25.092
v 14.003 -3.795 24.861
v 14.278 -3.054 25.833
v 13.993 -7.175 26.017
v 14.278 -7.265 27.635
v 13.996 -8.046 27.237
v 14.278 -7.446 29.677
v 13.993 -8.356 28.854
v 13.996 -8.105 30.329
v 14.278 -5.947 31.633
v 13.996 -6.857 32.012
v 13.993 -5.367 32.729
v 14.278 -3.074 31.883
v 13.996 -3.870 32.870
v 13.993 -2.307 32.328
v 13.996 -1.148 31.375
v 14.278 -1.382 30.073
v 13.993 -0.428 29.892
v 14.278 -1.163 28.854
v 13.993 -0.291 28.854
v 14.278 -1.377 27.647
v 14.017 -0.242 28.850
v 14.278 -1.163 28.854
v 13.996 -1.054 26.455
v 13.993 -2.307 25.380
v 8.849 -5.949 25.151
v 8.860 -3.791 24.831
v 14.003 -3.795 24.861
v 13.996 -5.806 25.092
v 8.853 -7.175 26.017
v 13.993 -7.175 26.017
v 8.849 -8.105 27.379
v 13.996 -8.046 27.237
v 8.853 -8.356 28.854
v 13.993 -8.356 28.854
v 8.849 -8.046 30.471
v 13.996 -8.105 30.329
v 8.849 -6.734 32.106
v 13.996 -6.857 32.012
v 8.849 -4.777 32.870
v 13.993 -5.367 32.729
v 13.996 -3.870 32.870
v 8.849 -2.698 32.557
v 13.993 -2.307 32.328
v 8.849 -1.054 31.252
v 13.996 -1.148 31.375
v 8.829 -0.242 28.858
v 13.993 -0.428 29.892
v 13.993 -0.291 28.854
v 8.849 -0.601 27.237
v 8.853 -0.291 28.854
v 14.017 -0.242 28.850
v 13.996 -1.054 26.455
v 8.843 -1.859 25.659
v 13.993 -2.307 25.380
v 8.854 -4.569 26.660
v 8.854 -3.434 26.832
v 8.854 -2.536 27.545
v 8.864 -2.093 28.851
v 8.853 -2.070 28.858
v 8.854 -2.590 30.232
v 8.856 -3.803 31.030
v 8.856 -5.502 30.759
v 8.856 -6.511 29.371
v 8.854 -6.356 27.969
v 8.854 -5.639 27.076
v 13.991 -4.078 26.660
v 13.991 -5.213 26.832
v 13.989 -6.302 27.791
v 13.991 -6.517 29.185
v 13.991 -6.057 30.232
v 13.989 -4.844 31.030
v 13.991 -3.434 30.876
v 13.991 -2.536 30.163
v 13.981 -2.093 28.856
v 13.993 -2.121 28.854
v 13.991 -2.291 27.969
v 13.991 -3.008 27.076
v 13.136 -3.806 26.934
v 13.991 -4.078 26.660
v 13.991 -3.008 27.076
v 13.137 -3.090 27.272
v 9.709 -2.733 27.627
v 8.854 -2.536 27.545
v 8.854 -3.434 26.832
v 9.709 -3.563 27.001
v 13.991 -2.291 27.969
v 13.137 -2.461 28.097
v 9.709 -2.394 28.340
v 8.864 -2.093 28.851
v 13.993 -2.121 28.854
v 13.136 -2.326 28.854
v 9.709 -2.326 28.854
v 13.136 -2.326 28.854
v 13.981 -2.093 28.856
v 13.137 -2.469 29.629
v 9.709 -2.461 29.610
v 8.853 -2.070 28.858
v 9.709 -2.326 28.854
v 13.991 -2.536 30.163
v 8.854 -2.590 30.232
v 13.136 -2.911 30.259
v 9.709 -3.090 30.436
v 13.991 -3.434 30.876
v 13.137 -3.563 30.707
v 8.856 -3.803 31.030
v 9.709 -4.051 30.837
v 13.989 -4.844 31.030
v 13.137 -4.596 30.837
v 9.709 -4.840 30.774
v 8.856 -5.502 30.759
v 13.137 -5.556 30.436
v 9.709 -5.540 30.448
v 13.991 -6.057 30.232
v 13.137 -6.186 29.610
v 9.709 -6.178 29.629
v 8.856 -6.511 29.371
v 13.991 -6.517 29.185
v 13.137 -6.317 28.583
v 9.709 -6.320 28.603
v 13.989 -6.302 27.791
v 8.854 -6.356 27.969
v 13.136 -6.053 27.860
v 9.709 -6.053 27.860
v 13.137 -5.540 27.260
v 9.709 -5.556 27.272
v 8.854 -5.639 27.076
v 13.991 -5.213 26.832
v 13.137 -4.576 26.868
v 9.709 -4.596 26.871
v 8.854 -4.569 26.660
v -9.779 -3.753 -24.544
v -13.220 -3.757 -24.571
v -13.136 -5.442 -24.699
v -9.700 -5.998 -24.851
v -13.145 -6.971 -25.410
v -9.700 -7.785 -26.220
v -13.136 -8.068 -26.703
v -13.136 -8.500 -27.741
v -9.709 -8.500 -27.741
v -13.145 -8.645 -29.413
v -9.700 -8.643 -29.427
v -13.136 -8.068 -31.004
v -9.709 -8.068 -31.004
v -13.145 -6.982 -32.289
v -9.700 -6.971 -32.298
v -13.145 -4.899 -33.151
v -9.709 -5.442 -33.008
v -9.700 -3.748 -33.151
v -13.145 -2.662 -32.862
v -9.709 -2.162 -32.579
v -13.136 -1.266 -31.895
v -9.709 -1.266 -31.895
v -13.136 -0.579 -31.004
v -9.700 -0.295 -30.506
v -13.136 -0.147 -29.967
v -13.136 -0.000 -28.854
v -9.709 -0.000 -28.854
v -9.709 -0.000 -28.854
v -13.136 -0.000 -28.854
v -13.136 -0.147 -27.741
v -9.709 -0.147 -27.741
v -13.136 -0.579 -26.703
v -9.709 -0.579 -26.703
v -13.066 -1.663 -25.405
v -9.626 -1.680 -25.426
v -8.567 -4.746 -25.711
v -8.860 -3.791 -24.831
v -8.849 -5.949 -25.151
v -8.567 -2.716 -26.066
v -8.843 -1.859 -25.659
v -8.567 -1.382 -27.635
v -8.849 -0.601 -27.237
v -8.567 -1.163 -28.854
v -8.853 -0.291 -28.854
v -8.572 -1.095 -28.855
v -8.849 -0.542 -30.329
v -8.853 -0.291 -28.854
v -8.567 -1.791 -30.779
v -8.849 -1.790 -32.012
v -8.567 -3.883 -32.099
v -8.849 -3.717 -32.850
v -8.853 -5.367 -32.729
v -8.567 -6.928 -30.855
v -8.849 -6.734 -32.106
v -8.849 -8.046 -30.471
v -8.567 -7.484 -28.446
v -8.853 -8.356 -28.854
v -8.849 -8.105 -27.379
v -8.567 -6.614 -26.588
v -8.853 -7.175 -26.017
v -14.276 -4.380 -25.651
v -13.996 -5.806 -25.092
v -14.003 -3.795 -24.861
v -14.278 -6.258 -26.335
v -13.993 -7.175 -26.017
v -14.278 -7.442 -28.013
v -13.996 -8.046 -27.237
v -13.993 -8.356 -28.854
v -14.278 -6.941 -30.839
v -13.996 -8.105 -30.329
v -13.996 -6.857 -32.012
v -14.278 -4.333 -32.068
v -13.996 -4.930 -32.850
v -13.996 -2.841 -32.616
v -14.278 -1.719 -30.855
v -13.996 -1.148 -31.375
v -13.993 -0.428 -29.892
v -14.278 -1.163 -28.854
v -13.993 -0.291 -28.854
v -14.278 -1.377 -27.647
v -14.017 -0.242 -28.849
v -14.278 -1.163 -28.854
v -13.996 -1.054 -26.455
v -14.280 -2.404 -26.319
v -13.993 -2.307 -25.380
v -8.849 -5.949 -25.151
v -8.860 -3.791 -24.831
v -14.003 -3.795 -24.861
v -13.996 -5.806 -25.092
v -8.853 -7.175 -26.017
v -13.993 -7.175 -26.017
v -8.849 -8.105 -27.379
v -13.996 -8.046 -27.237
v -8.853 -8.356 -28.854
v -13.993 -8.356 -28.854
v -8.849 -8.046 -30.471
v -13.996 -8.105 -30.329
v -8.849 -6.734 -32.106
v -13.996 -6.857 -32.012
v -8.853 -5.367 -32.729
v -13.996 -4.930 -32.850
v -8.849 -3.717 -32.850
v -13.996 -2.841 -32.616
v -8.849 -1.790 -32.012
v -13.996 -1.148 -31.375
v -8.849 -0.542 -30.329
v -13.993 -0.428 -29.892
v -8.853 -0.291 -28.854
v -13.993 -0.291 -28.854
v -8.849 -0.601 -27.237
v -8.853 -0.291 -28.854
v -14.017 -0.242 -28.849
v -13.996 -1.054 -26.455
v -8.843 -1.859 -25.659
v -13.993 -2.307 -25.380
v -8.854 -5.132 -26.798
v -8.854 -3.990 -26.671
v -8.854 -2.938 -27.130
v -8.854 -2.257 -28.050
v -8.853 -2.121 -28.854
v -8.853 -2.121 -28.854
v -8.854 -2.291 -29.739
v -8.854 -3.008 -30.632
v -8.856 -4.387 -31.090
v -8.854 -5.709 -30.578
v -8.854 -6.390 -29.658
v -8.854 -6.517 -28.522
v -8.854 -6.057 -27.476
v -13.989 -4.967 -26.711
v -13.991 -6.110 -27.545
v -13.989 -6.571 -28.917
v -13.989 -5.868 -30.480
v -13.989 -4.260 -31.090
v -13.991 -2.938 -30.578
v -13.991 -2.257 -29.658
v -13.993 -2.121 -28.854
v -13.993 -2.121 -28.854
v -13.991 -2.291 -27.969
v -13.989 -3.255 -26.886
v -9.709 -3.107 -27.260
v -8.854 -2.938 -27.130
v -8.854 -3.990 -26.671
v -9.709 -4.071 -26.868
v -13.137 -3.544 -27.009
v -13.989 -3.255 -26.886
v -13.136 -2.911 -27.449
v -13.991 -2.291 -27.969
v -13.137 -2.461 -28.097
v -9.709 -2.469 -28.078
v -8.854 -2.257 -28.050
v -13.993 -2.121 -28.854
v -13.136 -2.326 -28.854
v -9.709 -2.326 -28.854
v -8.853 -2.121 -28.854
v -13.136 -2.326 -28.854
v -13.993 -2.121 -28.854
v -13.991 -2.257 -29.658
v -13.137 -2.469 -29.629
v -9.709 -2.461 -29.610
v -8.854 -2.291 -29.739
v -8.853 -2.121 -28.854
v -9.709 -2.326 -28.854
v -13.991 -2.938 -30.578
v -13.137 -3.107 -30.448
v -9.709 -3.090 -30.436
v -8.854 -3.008 -30.632
v -13.989 -4.260 -31.090
v -13.136 -3.806 -30.774
v -9.709 -4.051 -30.837
v -8.856 -4.387 -31.090
v -13.137 -4.596 -30.837
v -9.709 -4.840 -30.774
v -13.989 -5.868 -30.480
v -13.137 -5.556 -30.436
v -9.709 -5.540 -30.448
v -8.854 -5.709 -30.578
v -13.136 -6.053 -29.848
v -9.709 -6.053 -29.848
v -8.854 -6.390 -29.658
v -13.989 -6.571 -28.917
v -13.137 -6.320 -29.105
v -9.709 -6.317 -29.125
v -8.854 -6.517 -28.522
v -13.137 -6.178 -28.078
v -9.709 -6.186 -28.097
v -13.991 -6.110 -27.545
v -8.854 -6.057 -27.476
v -13.136 -5.736 -27.449
v -9.709 -5.736 -27.449
v -13.989 -4.967 -26.711
v -13.137 -5.084 -27.001
v -9.709 -5.103 -27.009
v -8.854 -5.132 -26.798
v -13.136 -4.323 -26.867
t 0 1 2 AC9E91 93867B AB9C8F
t 0 2 3 AC9E91 AB9C8F AEA093
t 1 4 2 93867B 9D9084 AB9C8F
t 1 5 4 93867B 6F655C 9D9084
t 5 6 4 6F655C 887D72 9D9084
t 5 7 8 6F655C 5C534C 877B71
t 5 8 6 6F655C 877B71 887D72
t 7 9 10 5C534C 534C45 83786E
t 7 10 8 5C534C 83786E 877B71
t 9 11 12 534C45 71675E 867A70
t 9 12 10 534C45 867A70 83786E
t 11 13 14 71675E 8B8075 998C80
t 11 14 12 71675E 998C80 867A70
t 13 15 16 8B8075 A99B8E A5978A
t 13 16 14 8B8075 A5978A 998C80
t 15 17 16 A99B8E A99B8E A5978A
t 17 18 16 A99B8E B1A395 A5978A
t 17 19 18 A99B8E B0A294 B1A395
t 19 20 21 B0A294 AA9C8F B9AA9C
t 19 21 18 B0A294 B9AA9C B1A395
t 20 22 23 AA9C8F A5988B BDAEA0
t 20 23 21 AA9C8F BDAEA0 B9AA9C
t 22 24 23 A5988B BDAEA0 BDAEA0
t 22 25 26 A5988B A59181 B59F8E
t 22 26 24 A5988B B59F8E BDAEA0
t 27 28 29 A08C7C AEA093 C4B5A6
t 27 29 30 A08C7C C4B5A6 B49B89
t 28 31 32 AEA093 A99B8E C5B6A7
t 28 32 29 AEA093 C5B6A7 C4B5A6
t 31 33 34 A99B8E B4A598 BCAD9F
t 31 34 32 A99B8E BCAD9F C5B6A7
t 0 3 34 AC9E91 AEA093 BCAD9F
t 0 34 33 AC9E91 BCAD9F B4A598
t 35 36 37 887C72 7A7066 8E8277
t 35 37 38 887C72 8E8277 A7998C
t 35 38 39 887C72 A7998C BEAFA1
t 35 39 40 887C72 BEAFA1 968A7E
t 40 39 41 968A7E BEAFA1 B9AB9D
t 42 40 41 958171 968A7E B9AB9D
t 42 41 43 958171 B9AB9D AA9583
t 44 45 46 A39589 9C8879 B49D8C
t 44 46 47 A39589 B49D8C B9AB9C
t 48 44 47 8C8076 A39589 B9AB9C
t 48 47 49 8C8076 B9AB9C AEA092
t 48 49 50 8C8076 AEA092 B3A497
t 51 48 50 8F8378 8C8076 B3A497
t 51 50 52 8F8378 B3A497 A29488
t 51 52 53 8F8378 A29488 91857A
t 54 51 53 7C7268 8F8378 91857A
t 54 53 55 7C7268 91857A 736960
t 56 54 55 6C635A 7C7268 736960
t 56 55 57 6C635A 736960 5F574F
t 56 57 58 6C635A 5F574F 625951
t 56 58 59 6C635A 625951 776D63
t 36 56 59 7A7066 6C635A 776D63
t 36 59 37 7A7066 776D63 8E8277
t 60 61 62 D5B871 C38B62 878482 0.7117 0.6379 0.7317 0.3888 0.8153 0.4529
t 60 62 63 D5B871 878482 888787 0.7117 0.6379 0.8153 0.4529 0.7955 0.6271
t 60 63 64 D5B871 888787 908F8F 0.7117 0.6379 0.7955 0.6271 0.7159 0.7457
t 65 60 64 B89A52 D5B871 908F8F 0.5443 0.7688 0.7117 0.6379 0.7159 0.7457
t 65 64 66 B89A52 908F8F 888787 0.5443 0.7688 0.7159 0.7457 0.6111 0.8212
t 65 66 67 B89A52 888787 898886 0.5443 0.7688 0.6111 0.8212 0.4720 0.8480
t 68 65 67 A28C50 B89A52 898886 0.3014 0.7254 0.5443 0.7688 0.4720 0.8480
t 68 67 69 A28C50 898886 7E7C77 0.3014 0.7254 0.4720 0.8480 0.3452 0.8263
t 68 69 70 A28C50 7E7C77 766B64 0.3014 0.7254 0.3452 0.8263 0.2005 0.7182
t 71 68 70 AB7B4E A28C50 766B64 0.1957 0.4995 0.3014 0.7254 0.2005 0.7182
t 71 70 72 AB7B4E 766B64 716157 0.1957 0.4995 0.2005 0.7182 0.1285 0.5513
t 71 72 73 AB7B4E 716157 705C4F 0.1957 0.4995 0.1285 0.5513 0.1486 0.3703
t 74 71 73 B64644 AB7B4E 705C4F 0.3000 0.2731 0.1957 0.4995 0.1486 0.3703
t 74 73 75 B64644 705C4F 72564C 0.3000 0.2731 0.1486 0.3703 0.2553 0.2237
t 74 75 76 B64644 72564C 704E44 0.3000 0.2731 0.2553 0.2237 0.3828 0.1613
t 77 74 76 A62939 B64644 704E44 0.4720 0.2249 0.3000 0.2731 0.3828 0.1613
t 77 76 78 A62939 704E44 6B4A40 0.4720 0.2249 0.3828 0.1613 0.4720 0.1494
t 79 80 81 C6982C A62939 61433A 0.5758 0.2434 0.4720 0.2249 0.4724 0.1452
t 79 81 82 C6982C 61433A 725E55 0.5758 0.2434 0.4724 0.1452 0.6782 0.2155
t 61 79 82 C38B62 C6982C 725E55 0.7317 0.3888 0.5758 0.2434 0.6782 0.2155
t 61 82 83 C38B62 725E55 837A76 0.7317 0.3888 0.6782 0.2155 0.7707 0.3240
t 61 83 62 C38B62 837A76 878482 0.7317 0.3888 0.7707 0.3240 0.8153 0.4529
t 1 0 84 93867B AC9E91 A7998C
t 1 84 85 93867B A7998C 8E8277
t 3 2 86 AEA093 AB9C8F 726B5F
t 3 86 87 AEA093 726B5F 6F675C
t 2 4 86 AB9C8F 9D9084 726B5F
t 5 1 85 6F655C 93867B 8E8277
t 5 85 88 6F655C 8E8277 776D63
t 4 89 86 9D9084 716A5F 726B5F
t 5 88 90 6F655C 776D63 625951
t 4 6 91 9D9084 887D72 6D665C
t 4 91 89 9D9084 6D665C 716A5F
t 7 5 90 5C534C 6F655C 625951
t 6 8 91 887D72 877B71 6D665C
t 9 7 90 534C45 5C534C 625951
t 9 90 92 534C45 625951 5F574F
t 8 10 93 877B71 83786E 6B645A
t 8 93 91 877B71 6B645A 6D665C
t 9 92 94 534C45 5F574F 736960
t 10 95 93 83786E 6B6359 6B645A
t 11 9 94 71675E 534C45 736960
t 10 12 95 83786E 867A70 6B6359
t 13 11 94 8B8075 71675E 736960
t 13 94 96 8B8075 736960 91857A
t 12 14 97 867A70 998C80 6A6359
t 12 97 95 867A70 6A6359 6B6359
t 15 13 96 A99B8E 8B8075 91857A
t 15 96 98 A99B8E 91857A A29488
t 14 16 99 998C80 A5978A 6D665B
t 14 99 97 998C80 6D665B 6A6359
t 17 15 98 A99B8E A99B8E A29488
t 17 98 100 A99B8E A29488 B3A497
t 16 18 101 A5978A B1A395 716B5F
t 16 101 99 A5978A 716B5F 6D665B
t 19 17 100 B0A294 A99B8E B3A497
t 19 100 102 B0A294 B3A497 AEA092
t 20 19 102 AA9C8F B0A294 AEA092
t 20 102 47 AA9C8F AEA092 B9AB9C
t 18 21 103 B1A395 B9AA9C 787367
t 18 103 101 B1A395 787367 716B5F
t 22 20 47 A5988B AA9C8F B9AB9C
t 21 23 103 B9AA9C BDAEA0 787367
t 22 47 46 A5988B B9AB9C B49D8C
t 23 24 104 BDAEA0 BDAEA0 787367
t 23 104 103 BDAEA0 787367 787367
t 25 22 46 A59181 A5988B B49D8C
t 24 26 105 BDAEA0 B59F8E 8A7A69
t 24 105 104 BDAEA0 8A7A69 787367
t 28 27 106 AEA093 A08C7C AA9583
t 28 106 107 AEA093 AA9583 B9AB9D
t 30 29 108 B49B89 C4B5A6 897664
t 31 28 107 A99B8E AEA093 B9AB9D
t 29 32 109 C4B5A6 C5B6A7 7B7569
t 29 109 108 C4B5A6 7B7569 897664
t 33 31 107 B4A598 A99B8E B9AB9D
t 33 107 110 B4A598 B9AB9D BEAFA1
t 32 34 109 C5B6A7 BCAD9F 7B7569
t 34 111 109 BCAD9F 756F63 7B7569
t 33 110 84 B4A598 BEAFA1 A7998C
t 33 84 0 B4A598 A7998C AC9E91
t 3 87 111 AEA093 6F675C 756F63
t 3 111 34 AEA093 756F63 BCAD9F
t 36 35 112 7A7066 887C72 625952
t 36 112 113 7A7066 625952 5B534B
t 35 40 114 887C72 968A7E 655C54
t 35 114 112 887C72 655C54 625952
t 40 115 114 968A7E 665D55 655C54
t 40 42 116 968A7E 958171 6F5F52
t 40 116 115 968A7E 6F5F52 665D55
t 45 44 117 9C8879 A39589 6B6259
t 45 117 118 9C8879 6B6259 756458
t 44 48 119 A39589 8C8076 655C54
t 44 119 117 A39589 655C54 6B6259
t 48 120 119 8C8076 675E56 655C54
t 48 51 120 8C8076 8F8378 675E56
t 51 121 120 8F8378 635B53 675E56
t 51 54 121 8F8378 7C7268 635B53
t 54 122 121 7C7268 696058 635B53
t 54 56 123 7C7268 6C635A 615951
t 54 123 122 7C7268 615951 696058
t 56 124 123 6C635A 5B534C 615951
t 56 36 113 6C635A 7A7066 5B534B
t 56 113 124 6C635A 5B534B 5B534C
t 61 60 125 C38B62 D5B871 C29067 0.7317 0.3888 0.7117 0.6379 0.6563 0.5544
t 60 126 125 D5B871 9F8332 C29067 0.7117 0.6379 0.5845 0.6535 0.6563 0.5544
t 60 65 126 D5B871 B89A52 9F8332 0.7117 0.6379 0.5443 0.7688 0.5845 0.6535
t 65 127 126 B89A52 9C7610 9F8332 0.5443 0.7688 0.4666 0.6934 0.5845 0.6535
t 65 68 127 B89A52 A28C50 9C7610 0.5443 0.7688 0.3014 0.7254 0.4666 0.6934
t 68 128 127 A28C50 732619 9C7610 0.3014 0.7254 0.3323 0.6325 0.4666 0.6934
t 68 71 129 A28C50 AB7B4E C47A5E 0.3014 0.7254 0.1957 0.4995 0.2798 0.4932
t 68 129 128 A28C50 C47A5E 732619 0.3014 0.7254 0.2798 0.4932 0.3323 0.6325
t 71 74 130 AB7B4E B64644 D2A293 0.1957 0.4995 0.3000 0.2731 0.3238 0.3787
t 71 130 129 AB7B4E D2A293 C47A5E 0.1957 0.4995 0.3238 0.3787 0.2798 0.4932
t 74 131 130 B64644 E0867E D2A293 0.3000 0.2731 0.4029 0.3197 0.3238 0.3787
t 74 77 132 B64644 A62939 D74F4B 0.3000 0.2731 0.4720 0.2249 0.4720 0.3079
t 74 132 131 B64644 D74F4B E0867E 0.3000 0.2731 0.4720 0.3079 0.4029 0.3197
t 80 79 133 A62939 C6982C B1161D 0.4720 0.2249 0.5758 0.2434 0.5481 0.3226
t 80 133 134 A62939 B1161D D74F4B 0.4720 0.2249 0.5481 0.3226 0.4720 0.3079
t 79 61 135 C6982C C38B62 BD0E16 0.5758 0.2434 0.7317 0.3888 0.6412 0.4061
t 79 135 133 C6982C BD0E16 B1161D 0.5758 0.2434 0.6412 0.4061 0.5481 0.3226
t 61 125 135 C38B62 C29067 BD0E16 0.7317 0.3888 0.6563 0.5544 0.6412 0.4061
t 136 137 138 625952 655C54 403A34
t 139 140 141 6A6258 5D554E 615952
t 137 142 138 655C54 423D38 403A34
t 143 139 141 676056 6A6258 615952
t 143 141 144 676056 615952 706963
t 137 145 146 655C54 665D55 47433F
t 137 146 142 655C54 47433F 423D38
t 147 143 144 786554 676056 706963
t 147 144 148 786554 706963 7E695A
t 145 149 150 665D55 6F5F52 504238
t 145 150 146 665D55 504238 47433F
t 151 152 153 675F56 7A6A5B 715F53
t 151 153 154 675F56 715F53 554D47
t 155 156 157 756458 6B6259 3B3530
t 155 157 158 756458 3B3530 58493F
t 159 151 154 676056 675F56 554D47
t 159 154 160 676056 554D47 5A524C
t 156 161 162 6B6259 655C54 403A35
t 156 162 157 6B6259 403A35 3B3530
t 161 163 162 655C54 3F3934 403A35
t 164 159 160 6B6359 676056 5A524C
t 164 160 165 6B6359 5A524C 5A524C
t 161 166 163 655C54 675E56 3F3934
t 164 165 167 6B6359 5A524C 5B534D
t 166 168 163 675E56 433D38 3F3934
t 169 164 167 635C53 6B6359 5B534D
t 169 167 170 635C53 5B534D 5D544E
t 166 171 172 675E56 635B53 443E38
t 166 172 168 675E56 443E38 433D38
t 169 170 173 635C53 5D544E 5A524C
t 171 174 175 635B53 696058 4B453E
t 171 175 172 635B53 4B453E 443E38
t 176 169 173 696258 635C53 5A524C
t 176 173 177 696258 5A524C 615852
t 174 178 175 696058 4D463F 4B453E
t 174 179 178 696058 615951 4D463F
t 176 177 180 696258 615852 625953
t 179 181 178 615951 46403A 4D463F
t 182 176 180 686157 696258 625953
t 179 183 181 615951 5B534C 46403A
t 182 180 184 686157 625953 605851
t 183 185 181 5B534C 453E39 46403A
t 186 182 184 686157 686157 605851
t 183 187 185 5B534C 5B534B 453E39
t 186 184 188 686157 605851 5D554E
t 187 189 185 5B534B 413B36 453E39
t 187 136 189 5B534B 625952 413B36
t 139 186 188 6A6258 686157 5D554E
t 139 188 140 6A6258 5D554E 5D554E
t 136 138 189 625952 403A34 413B36
t 190 191 192 AC9E91 9B8E82 AB9C8F
t 190 192 193 AC9E91 AB9C8F AEA093
t 191 194 195 9B8E82 8D8176 9D9084
t 191 195 192 9B8E82 9D9084 AB9C8F
t 194 196 195 8D8176 786E64 9D9084
t 196 197 198 786E64 615850 877C71
t 196 198 195 786E64 877C71 9D9084
t 197 199 200 615850 534C45 83786E
t 197 200 198 615850 83786E 877C71
t 199 201 202 534C45 71675E 8A7E74
t 199 202 200 534C45 8A7E74 83786E
t 201 203 202 71675E 8B8075 8A7E74
t 203 204 202 8B8075 A39689 8A7E74
t 203 205 204 8B8075 AB9D90 A39689
t 205 206 204 AB9D90 A09286 A39689
t 205 207 208 AB9D90 AC9E91 B1A395
t 205 208 206 AB9D90 B1A395 A09286
t 207 209 210 AC9E91 AA9C8F B9AA9C
t 207 210 208 AC9E91 B9AA9C B1A395
t 209 211 212 AA9C8F A19488 BEAFA1
t 209 212 210 AA9C8F BEAFA1 B9AA9C
t 211 213 212 A19488 A89B8D BEAFA1
t 213 214 215 A89B8D A59181 B59F8E
t 213 215 212 A89B8D B59F8E BEAFA1
t 216 217 218 A08C7C AEA092 C6B7A8
t 216 218 219 A08C7C C6B7A8 B49B89
t 217 220 221 AEA092 B4A598 BCAD9F
t 217 221 218 AEA092 BCAD9F C6B7A8
t 190 193 221 AC9E91 AEA093 BCAD9F
t 190 221 220 AC9E91 BCAD9F B4A598
t 222 223 224 84796F 8E8277 A7998C
t 225 222 224 91857A 84796F A7998C
t 225 224 226 91857A A7998C BEAFA1
t 227 225 226 9C8F83 91857A BEAFA1
t 227 226 228 9C8F83 BEAFA1 B9AB9D
t 229 227 228 958171 9C8F83 B9AB9D
t 229 228 230 958171 B9AB9D AA9583
t 231 232 233 8F8378 9C8878 B49D8C
t 231 233 234 8F8378 B49D8C B9AB9C
t 231 234 235 8F8378 B9AB9C AD9F92
t 236 231 235 8F8378 8F8378 AD9F92
t 236 235 237 8F8378 AD9F92 AC9E91
t 236 237 238 8F8378 AC9E91 91857A
t 239 236 238 7B7067 8F8378 91857A
t 239 238 240 7B7067 91857A 736960
t 239 240 241 7B7067 736960 5F574F
t 242 239 241 6E645C 7B7067 5F574F
t 242 241 243 6E645C 5F574F 625951
t 242 243 244 6E645C 625951 776D63
t 242 244 223 6E645C 776D63 8E8277
t 222 242 223 84796F 6E645C 8E8277
t 245 246 247 B33C3B 917848 5F5147 0.2263 0.6385 0.2060 0.3858 0.1212 0.4509
t 245 247 248 B33C3B 5F5147 625550 0.2263 0.6385 0.1212 0.4509 0.1414 0.6275
t 245 248 249 B33C3B 625550 6D6660 0.2263 0.6385 0.1414 0.6275 0.2221 0.7478
t 250 245 249 8D6F48 B33C3B 6D6660 0.3631 0.7557 0.2263 0.6385 0.2221 0.7478
t 250 249 251 8D6F48 6D6660 726F6C 0.3631 0.7557 0.2221 0.7478 0.3284 0.8243
t 252 250 251 BA9D56 8D6F48 726F6C 0.5411 0.7716 0.3631 0.7557 0.3284 0.8243
t 252 251 253 BA9D56 726F6C 81807F 0.5411 0.7716 0.3284 0.8243 0.4694 0.8515
t 252 253 254 BA9D56 81807F 818081 0.5411 0.7716 0.4694 0.8515 0.5980 0.8295
t 255 252 254 D6B973 BA9D56 818081 0.7116 0.6399 0.5411 0.7716 0.5980 0.8295
t 255 254 256 D6B973 818081 818182 0.7116 0.6399 0.5980 0.8295 0.7448 0.7199
t 255 256 257 D6B973 818182 898787 0.7116 0.6399 0.7448 0.7199 0.8072 0.5890
t 258 255 257 C49067 D6B973 898787 0.7335 0.3875 0.7116 0.6399 0.8072 0.5890
t 258 257 259 C49067 898787 7E7C7B 0.7335 0.3875 0.8072 0.5890 0.8195 0.4574
t 258 259 260 C49067 7E7C7B 7A726E 0.7335 0.3875 0.8195 0.4574 0.7723 0.3201
t 258 260 261 C49067 7A726E 65554E 0.7335 0.3875 0.7723 0.3201 0.6892 0.2184
t 262 258 261 C5982E C49067 65554E 0.5757 0.2388 0.7335 0.3875 0.6892 0.2184
t 262 261 263 C5982E 65554E 60463B 0.5757 0.2388 0.6892 0.2184 0.5599 0.1551
t 264 262 263 A62C3B C5982E 60463B 0.4694 0.2196 0.5757 0.2388 0.5599 0.1551
t 264 263 265 A62C3B 60463B 5C4037 0.4694 0.2196 0.5599 0.1551 0.4694 0.1430
t 266 267 268 C14049 A62C3B 523931 0.3641 0.2384 0.4694 0.2196 0.4690 0.1388
t 266 268 269 C14049 523931 59433C 0.3641 0.2384 0.4690 0.1388 0.2603 0.2101
t 246 266 269 917848 C14049 59433C 0.2060 0.3858 0.3641 0.2384 0.2603 0.2101
t 246 269 270 917848 59433C 614E45 0.2060 0.3858 0.2603 0.2101 0.1665 0.3201
t 246 270 247 917848 614E45 5F5147 0.2060 0.3858 0.1665 0.3201 0.1212 0.4509
t 191 190 271 9B8E82 AC9E91 A7998C
t 191 271 272 9B8E82 A7998C 8E8277
t 193 192 273 AEA093 AB9C8F 726B5F
t 193 273 274 AEA093 726B5F 6F675C
t 194 191 272 8D8176 9B8E82 8E8277
t 192 195 273 AB9C8F 9D9084 726B5F
t 196 194 272 786E64 8D8176 8E8277
t 196 272 275 786E64 8E8277 776D63
t 195 276 273 9D9084 716A5F 726B5F
t 197 196 275 615850 786E64 776D63
t 197 275 277 615850 776D63 625951
t 195 198 278 9D9084 877C71 6D665C
t 195 278 276 9D9084 6D665C 716A5F
t 199 197 277 534C45 615850 625951
t 199 277 279 534C45 625951 5F574F
t 198 200 280 877C71 83786E 6B645A
t 198 280 278 877C71 6B645A 6D665C
t 199 279 281 534C45 5F574F 736960
t 200 282 280 83786E 6B6359 6B645A
t 201 199 281 71675E 534C45 736960
t 200 202 282 83786E 8A7E74 6B6359
t 203 201 281 8B8075 71675E 736960
t 203 281 283 8B8075 736960 91857A
t 202 284 282 8A7E74 6A6359 6B6359
t 202 204 284 8A7E74 A39689 6A6359
t 205 203 283 AB9D90 8B8075 91857A
t 205 283 285 AB9D90 91857A AC9E91
t 204 286 284 A39689 6F685D 6A6359
t 204 206 287 A39689 A09286 6E675C
t 204 287 286 A39689 6E675C 6F685D
t 207 205 285 AC9E91 AB9D90 AC9E91
t 207 285 288 AC9E91 AC9E91 AD9F92
t 206 208 287 A09286 B1A395 6E675C
t 208 289 287 B1A395 746F63 6E675C
t 209 207 288 AA9C8F AC9E91 AD9F92
t 209 288 290 AA9C8F AD9F92 B9AB9C
t 208 210 291 B1A395 B9AA9C 787367
t 208 291 289 B1A395 787367 746F63
t 211 209 290 A19488 AA9C8F B9AB9C
t 210 212 291 B9AA9C BEAFA1 787367
t 213 211 290 A89B8D A19488 B9AB9C
t 213 290 292 A89B8D B9AB9C B49D8C
t 212 293 291 BEAFA1 787367 787367
t 214 213 292 A59181 A89B8D B49D8C
t 212 215 294 BEAFA1 B59F8E 8A7A69
t 212 294 293 BEAFA1 8A7A69 787367
t 217 216 295 AEA092 A08C7C AA9583
t 217 295 296 AEA092 AA9583 B9AB9D
t 219 218 268 B49B89 C6B7A8 897664
t 218 269 268 C6B7A8 7B7569 897664
t 220 217 296 B4A598 AEA092 B9AB9D
t 220 296 297 B4A598 B9AB9D BEAFA1
t 218 221 269 C6B7A8 BCAD9F 7B7569
t 221 298 269 BCAD9F 756F63 7B7569
t 220 297 271 B4A598 BEAFA1 A7998C
t 220 271 190 B4A598 A7998C AC9E91
t 193 274 298 AEA093 6F675C 756F63
t 193 298 221 AEA093 756F63 BCAD9F
t 222 225 299 84796F 91857A 655C54
t 222 299 300 84796F 655C54 5E564E
t 225 227 301 91857A 9C8F83 665D55
t 225 301 299 91857A 665D55 655C54
t 227 229 302 9C8F83 958171 6F5F52
t 227 302 301 9C8F83 6F5F52 665D55
t 232 231 303 9C8878 8F8378 6B625A
t 232 303 304 9C8878 6B625A 766558
t 231 305 303 8F8378 685F56 6B625A
t 231 236 305 8F8378 8F8378 685F56
t 236 306 305 8F8378 645B53 685F56
t 236 239 307 8F8378 7B7067 6A6158
t 236 307 306 8F8378 6A6158 645B53
t 239 242 308 7B7067 6E645C 5F574F
t 239 308 307 7B7067 5F574F 6A6158
t 242 309 308 6E645C 5A524B 5F574F
t 242 222 300 6E645C 84796F 5E564E
t 242 300 309 6E645C 5E564E 5A524B
t 246 245 310 917848 B33C3B A0231B 0.2060 0.3858 0.2263 0.6385 0.3033 0.6008
t 246 310 311 917848 A0231B BA836E 0.2060 0.3858 0.3033 0.6008 0.2781 0.4757
t 245 250 312 B33C3B 8D6F48 897418 0.2263 0.6385 0.3631 0.7557 0.3993 0.6788
t 245 312 310 B33C3B 897418 A0231B 0.2263 0.6385 0.3993 0.6788 0.3033 0.6008
t 250 252 313 8D6F48 BA9D56 A27A0F 0.3631 0.7557 0.5411 0.7716 0.4983 0.6900
t 250 313 312 8D6F48 A27A0F 897418 0.3631 0.7557 0.4983 0.6900 0.3993 0.6788
t 252 314 313 BA9D56 A1863E A27A0F 0.5411 0.7716 0.5896 0.6495 0.4983 0.6900
t 252 255 314 BA9D56 D6B973 A1863E 0.5411 0.7716 0.7116 0.6399 0.5896 0.6495
t 255 315 314 D6B973 C18863 A1863E 0.7116 0.6399 0.6591 0.5430 0.5896 0.6495
t 255 258 315 D6B973 C49067 C18863 0.7116 0.6399 0.7335 0.3875 0.6591 0.5430
t 258 316 315 C49067 B8121A C18863 0.7335 0.3875 0.6457 0.4191 0.6591 0.5430
t 258 317 316 C49067 AE0D18 B8121A 0.7335 0.3875 0.5835 0.3403 0.6457 0.4191
t 258 262 317 C49067 C5982E AE0D18 0.7335 0.3875 0.5757 0.2388 0.5835 0.3403
t 262 318 317 C5982E D75452 AE0D18 0.5757 0.2388 0.4696 0.3013 0.5835 0.3403
t 262 264 318 C5982E A62C3B D75452 0.5757 0.2388 0.4694 0.2196 0.4696 0.3013
t 267 266 319 A62C3B C14049 E48E86 0.4694 0.2196 0.3641 0.2384 0.3922 0.3187
t 267 319 320 A62C3B E48E86 D75451 0.4694 0.2196 0.3922 0.3187 0.4694 0.3038
t 266 246 321 C14049 917848 D9A594 0.3641 0.2384 0.2060 0.3858 0.3144 0.3817
t 266 321 319 C14049 D9A594 E48E86 0.3641 0.2384 0.3144 0.3817 0.3922 0.3187
t 246 311 321 917848 BA836E D9A594 0.2060 0.3858 0.2781 0.4757 0.3144 0.3817
t 322 323 324 685F56 696158 5E5650
t 322 324 325 685F56 5E5650 5E5650
t 326 327 328 655C54 3E3833 3F3933
t 329 322 325 676056 685F56 5E5650
t 329 325 330 676056 5E5650 706963
t 326 331 332 655C54 665D55 47433F
t 326 332 327 655C54 47433F 3E3833
t 333 329 330 786554 676056 706963
t 333 330 334 786554 706963 7E695A
t 331 335 336 665D55 6F5F52 504238
t 331 336 332 665D55 504238 47433F
t 337 338 339 7A6A5B 715F53 554D47
t 340 341 342 766558 3B3530 58493F
t 343 337 339 686157 7A6A5B 554D47
t 340 344 341 766558 6B625A 3B3530
t 343 339 345 686157 554D47 58504A
t 344 346 341 6B625A 413B36 3B3530
t 347 343 345 696157 686157 58504A
t 347 345 348 696157 58504A 5B534C
t 344 349 346 6B625A 685F56 413B36
t 349 350 346 685F56 413B35 413B36
t 351 347 348 6B635A 696157 5B534C
t 351 348 352 6B635A 5B534C 5B534D
t 349 353 354 685F56 645B53 453F39
t 349 354 350 685F56 453F39 413B35
t 351 352 355 6B635A 5B534D 5D544E
t 356 351 355 635C52 6B635A 5D544E
t 353 357 354 645B53 463F39 453F39
t 356 355 358 635C52 5D544E 5B534C
t 353 359 360 645B53 6A6158 4D463F
t 353 360 357 645B53 4D463F 463F39
t 361 356 358 676056 635C52 5B534C
t 361 358 362 676056 5B534C 5E564F
t 359 363 360 6A6158 47413B 4D463F
t 364 361 362 696258 676056 5E564F
t 359 365 363 6A6158 5F574F 47413B
t 364 362 366 696258 5E564F 615952
t 365 367 363 5F574F 46403A 47413B
t 368 364 366 676056 696258 615952
t 368 366 369 676056 615952 605851
t 365 370 371 5F574F 5A524B 453E39
t 365 371 367 5F574F 453E39 46403A
t 368 369 372 676056 605851 5D554E
t 370 373 374 5A524B 5E564E 413B36
t 370 374 371 5A524B 413B36 453E39
t 323 368 372 696158 676056 5D554E
t 323 372 324 696158 5D554E 5E5650
t 373 326 328 5E564E 655C54 3F3933
t 373 328 374 5E564E 3F3933 413B36
t 375 376 377 AC9E91 AEA093 AB9C8F
t 375 377 378 AC9E91 AB9C8F 9B8E82
t 378 377 379 9B8E82 AB9C8F 9D9084
t 378 379 380 9B8E82 9D9084 8D8176
t 380 379 381 8D8176 9D9084 786E64
t 381 379 382 786E64 9D9084 877C71
t 381 382 383 786E64 877C71 615850
t 383 382 384 615850 877C71 83786E
t 383 384 385 615850 83786E 534C45
t 385 384 386 534C45 83786E 8A7E74
t 385 386 387 534C45 8A7E74 71675E
t 387 386 388 71675E 8A7E74 8B8075
t 388 386 389 8B8075 8A7E74 A39689
t 388 389 390 8B8075 A39689 A99B8E
t 390 389 391 A99B8E A39689 A09286
t 390 391 392 A99B8E A09286 AB9D90
t 392 391 393 AB9D90 A09286 B1A395
t 392 393 394 AB9D90 B1A395 AC9E91
t 394 393 395 AC9E91 B1A395 B9AA9C
t 394 395 396 AC9E91 B9AA9C AA9C8F
t 396 395 397 AA9C8F B9AA9C BDAEA0
t 396 397 398 AA9C8F BDAEA0 A19488
t 398 397 399 A19488 BDAEA0 BDAEA0
t 398 399 400 A19488 BDAEA0 A89B8D
t 400 399 401 A89B8D BDAEA0 B59F8E
t 400 401 402 A89B8D B59F8E A59181
t 403 404 405 A08C7C B49B89 C4B5A6
t 403 405 406 A08C7C C4B5A6 AEA092
t 406 405 407 AEA092 C4B5A6 C5B6A7
t 406 407 408 AEA092 C5B6A7 BCAD9F
t 406 408 409 AEA092 BCAD9F B4A598
t 408 376 375 BCAD9F AEA093 AC9E91
t 408 375 409 BCAD9F AC9E91 B4A598
t 410 411 412 887C72 A7998C 8E8277
t 410 412 413 887C72 8E8277 776D63
t 414 411 410 BEAFA1 A7998C 887C72
t 414 410 415 BEAFA1 887C72 968A7E
t 415 416 414 968A7E B9AB9D BEAFA1
t 417 418 416 958171 AA9583 B9AB9D
t 417 416 415 958171 B9AB9D 968A7E
t 419 420 421 A39589 B49D8C 9C8879
t 419 422 420 A39589 B9AB9C B49D8C
t 423 422 419 8C7F75 B9AB9C A39589
t 423 424 422 8C7F75 AD9F92 B9AB9C
t 425 426 424 8F8378 AC9E91 AD9F92
t 425 424 423 8F8378 AD9F92 8C7F75
t 425 427 426 8F8378 91857A AC9E91
t 428 429 427 7B7067 736960 91857A
t 428 427 425 7B7067 91857A 8F8378
t 428 430 429 7B7067 5F574F 736960
t 431 432 430 6C635A 625951 5F574F
t 431 430 428 6C635A 5F574F 7B7067
t 413 433 432 776D63 776D63 625951
t 413 432 431 776D63 625951 6C635A
t 413 412 433 776D63 8E8277 776D63
t 434 435 436 AD3436 78675F 836F59 0.2336 0.6434 0.1526 0.6329 0.1334 0.4646
t 434 436 437 AD3436 836F59 91814B 0.2336 0.6434 0.1334 0.4646 0.2142 0.4026
t 434 438 435 AD3436 7E766D 78675F 0.2336 0.6434 0.2295 0.7475 0.1526 0.6329
t 439 440 438 8D6F46 7D7A75 7E766D 0.3639 0.7551 0.3308 0.8204 0.2295 0.7475
t 439 438 434 8D6F46 7E766D AD3436 0.3639 0.7551 0.2295 0.7475 0.2336 0.6434
t 441 442 440 B4964C 8D8C89 7D7A75 0.5335 0.7702 0.4651 0.8464 0.3308 0.8204
t 441 440 439 B4964C 7D7A75 8D6F46 0.5335 0.7702 0.3308 0.8204 0.3639 0.7551
t 441 443 442 B4964C 949391 8D8C89 0.5335 0.7702 0.5877 0.8254 0.4651 0.8464
t 444 445 443 CBA45E A9A8A5 949391 0.6960 0.6447 0.7275 0.7209 0.5877 0.8254
t 444 443 441 CBA45E 949391 B4964C 0.6960 0.6447 0.5877 0.8254 0.5335 0.7702
t 444 446 445 CBA45E B5B3AE A9A8A5 0.6960 0.6447 0.7870 0.5962 0.7275 0.7209
t 447 448 446 B66236 B5B0A9 B5B3AE 0.7167 0.4042 0.7987 0.4709 0.7870 0.5962
t 447 446 444 B66236 B5B3AE CBA45E 0.7167 0.4042 0.7870 0.5962 0.6960 0.6447
t 447 449 448 B66236 BBAC9E B5B0A9 0.7167 0.4042 0.7537 0.3401 0.7987 0.4709
t 447 450 449 B66236 B0917A BBAC9E 0.7167 0.4042 0.6745 0.2431 0.7537 0.3401
t 451 450 447 C27829 B0917A B66236 0.5664 0.2626 0.6745 0.2431 0.7167 0.4042
t 451 452 450 C27829 A57854 B0917A 0.5664 0.2626 0.5514 0.1828 0.6745 0.2431
t 453 454 452 B83749 9D5850 A57854 0.4651 0.2443 0.4651 0.1713 0.5514 0.1828
t 453 452 451 B83749 A57854 C27829 0.4651 0.2443 0.5514 0.1828 0.5664 0.2626
t 455 456 457 D3686D 93574E B83749 0.3648 0.2622 0.4648 0.1672 0.4651 0.2443
t 455 458 456 D3686D 9C6E61 93574E 0.3648 0.2622 0.2659 0.2352 0.4648 0.1672
t 437 458 455 91814B 9C6E61 D3686D 0.2142 0.4026 0.2659 0.2352 0.3648 0.2622
t 437 459 458 91814B 947465 9C6E61 0.2142 0.4026 0.1765 0.3401 0.2659 0.2352
t 436 459 437 836F59 947465 91814B 0.1334 0.4646 0.1765 0.3401 0.2142 0.4026
t 378 460 461 9B8E82 8E8277 A7998C
t 378 461 375 9B8E82 A7998C AC9E91
t 376 462 463 AEA093 6F675C 726B5F
t 376 463 377 AEA093 726B5F AB9C8F
t 380 460 378 8D8176 8E8277 9B8E82
t 377 463 379 AB9C8F 726B5F 9D9084
t 381 464 460 786E64 776D63 8E8277
t 381 460 380 786E64 8E8277 8D8176
t 379 463 465 9D9084 726B5F 716A5F
t 383 466 464 615850 625951 776D63
t 383 464 381 615850 776D63 786E64
t 379 465 467 9D9084 716A5F 6D665C
t 379 467 382 9D9084 6D665C 877C71
t 385 468 466 534C45 5F574F 625951
t 385 466 383 534C45 625951 615850
t 382 467 469 877C71 6D665C 6B645A
t 382 469 384 877C71 6B645A 83786E
t 385 470 468 534C45 736960 5F574F
t 384 469 471 83786E 6B645A 6B6359
t 387 470 385 71675E 736960 534C45
t 384 471 386 83786E 6B6359 8A7E74
t 388 472 470 8B8075 91857A 736960
t 388 470 387 8B8075 736960 71675E
t 386 471 473 8A7E74 6B6359 6A6359
t 386 473 389 8A7E74 6A6359 A39689
t 390 474 472 A99B8E AC9E91 91857A
t 390 472 388 A99B8E 91857A 8B8075
t 389 473 475 A39689 6A6359 6F685D
t 392 474 390 AB9D90 AC9E91 A99B8E
t 389 475 476 A39689 6F685D 6E675C
t 389 476 391 A39689 6E675C A09286
t 394 477 474 AC9E91 AD9F92 AC9E91
t 394 474 392 AC9E91 AC9E91 AB9D90
t 391 476 393 A09286 6E675C B1A395
t 393 476 478 B1A395 6E675C 746F63
t 396 479 477 AA9C8F B9AB9C AD9F92
t 396 477 394 AA9C8F AD9F92 AC9E91
t 393 478 480 B1A395 746F63 787367
t 393 480 395 B1A395 787367 B9AA9C
t 398 479 396 A19488 B9AB9C AA9C8F
t 395 480 397 B9AA9C 787367 BDAEA0
t 400 481 479 A89B8D B49D8C B9AB9C
t 400 479 398 A89B8D B9AB9C A19488
t 397 480 482 BDAEA0 787367 787367
t 397 482 399 BDAEA0 787367 BDAEA0
t 402 481 400 A59181 B49D8C A89B8D
t 399 482 483 BDAEA0 787367 8A7A69
t 399 483 401 BDAEA0 8A7A69 B59F8E
t 406 484 485 AEA092 B9AB9D AA9583
t 406 485 403 AEA092 AA9583 A08C7C
t 404 486 405 B49B89 897664 C4B5A6
t 405 486 487 C4B5A6 897664 7B7569
t 405 487 407 C4B5A6 7B7569 C5B6A7
t 409 488 484 B4A598 BEAFA1 B9AB9D
t 409 484 406 B4A598 B9AB9D AEA092
t 407 487 408 C5B6A7 7B7569 BCAD9F
t 408 487 489 BCAD9F 7B7569 756F63
t 461 488 409 A7998C BEAFA1 B4A598
t 461 409 375 A7998C B4A598 AC9E91
t 489 462 376 756F63 6F675C AEA093
t 489 376 408 756F63 AEA093 BCAD9F
t 413 490 410 776D63 5E564E 887C72
t 410 490 491 887C72 5E564E 645B53
t 410 491 415 887C72 645B53 968A7E
t 415 491 492 968A7E 645B53 665D55
t 415 492 493 968A7E 665D55 6F5E52
t 415 493 417 968A7E 6F5E52 958171
t 421 494 419 9C8879 766558 A39589
t 419 494 495 A39589 766558 6B625A
t 419 495 423 A39589 6B625A 8C7F75
t 423 495 496 8C7F75 6B625A 685F56
t 423 496 425 8C7F75 685F56 8F8378
t 425 496 497 8F8378 685F56 645B53
t 425 497 498 8F8378 645B53 6A6158
t 425 498 428 8F8378 6A6158 7B7067
t 428 498 499 7B7067 6A6158 5F574F
t 428 499 431 7B7067 5F574F 6C635A
t 431 499 500 6C635A 5F574F 5A524B
t 431 500 413 6C635A 5A524B 776D63
t 413 500 490 776D63 5A524B 5E564E
t 437 501 502 91814B BC785F B0281B 0.2142 0.4026 0.2829 0.4883 0.2971 0.5833
t 437 502 434 91814B B0281B AD3436 0.2142 0.4026 0.2971 0.5833 0.2336 0.6434
t 434 502 503 AD3436 B0281B 94771A 0.2336 0.6434 0.2971 0.5833 0.3768 0.6744
t 434 503 439 AD3436 94771A 8D6F46 0.2336 0.6434 0.3768 0.6744 0.3639 0.7551
t 439 503 504 8D6F46 94771A A37A0E 0.3639 0.7551 0.3768 0.6744 0.4927 0.6925
t 439 504 441 8D6F46 A37A0E B4964C 0.3639 0.7551 0.4927 0.6925 0.5335 0.7702
t 441 504 505 B4964C A37A0E 9F8228 0.5335 0.7702 0.4927 0.6925 0.5796 0.6539
t 441 505 444 B4964C 9F8228 CBA45E 0.5335 0.7702 0.5796 0.6539 0.6960 0.6447
t 444 505 506 CBA45E 9F8228 C2916A 0.6960 0.6447 0.5796 0.6539 0.6459 0.5524
t 444 506 447 CBA45E C2916A B66236 0.6960 0.6447 0.6459 0.5524 0.7167 0.4042
t 447 506 507 B66236 C2916A B31B21 0.7167 0.4042 0.6459 0.5524 0.6331 0.4344
t 447 507 508 B66236 B31B21 BA141C 0.7167 0.4042 0.6331 0.4344 0.5739 0.3593
t 447 508 451 B66236 BA141C C27829 0.7167 0.4042 0.5739 0.3593 0.5664 0.2626
t 451 508 509 C27829 BA141C D4524B 0.5664 0.2626 0.5739 0.3593 0.4653 0.3221
t 451 509 453 C27829 D4524B B83749 0.5664 0.2626 0.4653 0.3221 0.4651 0.2443
t 457 510 511 B83749 D4544D DE867D 0.4651 0.2443 0.4651 0.3245 0.3916 0.3387
t 457 511 455 B83749 DE867D D3686D 0.4651 0.2443 0.3916 0.3387 0.3648 0.2622
t 455 511 512 D3686D DE867D D09D87 0.3648 0.2622 0.3916 0.3387 0.3175 0.3987
t 455 512 437 D3686D D09D87 91814B 0.3648 0.2622 0.3175 0.3987 0.2142 0.4026
t 437 512 501 91814B D09D87 BC785F 0.2142 0.4026 0.3175 0.3987 0.2829 0.4883
t 513 514 515 5E5650 696158 685F56
t 513 515 516 5E5650 685F56 5E5650
t 517 518 519 45403C 665D55 645B53
t 517 519 520 45403C 645B53 403A34
t 516 515 521 5E5650 685F56 676056
t 516 521 522 5E5650 676056 706963
t 523 524 518 4E4A47 6F5E52 665D55
t 523 518 517 4E4A47 665D55 45403C
t 522 521 525 706963 676056 786554
t 522 525 526 706963 786554 7E695A
t 527 524 523 504238 6F5E52 4E4A47
t 528 529 530 715F53 7A6A5B 554D47
t 531 532 533 3B3530 766558 58493F
t 530 529 534 554D47 7A6A5B 686157
t 531 535 532 3B3530 6B625A 766558
t 530 534 536 554D47 686157 58504A
t 537 535 531 413B36 6B625A 3B3530
t 536 534 538 58504A 686157 696157
t 536 538 539 58504A 696157 5B534C
t 537 540 535 413B36 685F56 6B625A
t 541 540 537 413B35 685F56 413B36
t 539 538 542 5B534C 696157 6B635A
t 539 542 543 5B534C 6B635A 5B534D
t 544 545 540 443E38 645B53 685F56
t 544 540 541 443E38 685F56 413B35
t 543 542 546 5B534D 6B635A 5D544E
t 547 545 544 443E38 645B53 443E38
t 546 542 548 5D544E 6B635A 635C52
t 546 548 549 5D544E 635C52 5B534C
t 550 551 545 4D463F 6A6158 645B53
t 550 545 547 4D463F 645B53 443E38
t 549 548 552 5B534C 635C52 676056
t 549 552 553 5B534C 676056 5E564F
t 554 551 550 47413B 6A6158 4D463F
t 553 552 555 5E564F 676056 686157
t 554 556 551 47413B 5F574F 6A6158
t 553 555 557 5E564F 686157 615952
t 558 556 554 46403A 5F574F 47413B
t 557 555 559 615952 686157 605851
t 560 561 556 453E39 5A524B 5F574F
t 560 556 558 453E39 5F574F 46403A
t 559 555 562 605851 686157 686157
t 559 562 563 605851 686157 5D554E
t 564 565 561 413B36 5E564E 5A524B
t 564 561 560 413B36 5A524B 453E39
t 563 562 514 5D554E 686157 696158
t 563 514 513 5D554E 696158 5E5650
t 520 519 565 403A34 645B53 5E564E
t 520 565 564 403A34 5E564E 413B36
t 566 567 568 AC9E91 AEA093 AB9C8F
t 566 568 569 AC9E91 AB9C8F 93867B
t 569 568 570 93867B AB9C8F 9D9084
t 569 570 571 93867B 9D9084 6F655C
t 571 570 572 6F655C 9D9084 887D72
t 571 572 573 6F655C 887D72 877B71
t 571 573 574 6F655C 877B71 5C534C
t 574 573 575 5C534C 877B71 83786E
t 574 575 576 5C534C 83786E 534C45
t 576 575 577 534C45 83786E 867A70
t 576 577 578 534C45 867A70 71675E
t 578 577 579 71675E 867A70 998C80
t 578 579 580 71675E 998C80 8B8075
t 580 579 581 8B8075 998C80 A5978A
t 580 581 582 8B8075 A5978A A99B8E
t 582 581 583 A99B8E A5978A A99B8E
t 583 581 584 A99B8E A5978A B1A395
t 583 584 585 A99B8E B1A395 B0A294
t 585 584 586 B0A294 B1A395 B9AA9C
t 585 586 587 B0A294 B9AA9C AA9C8F
t 587 586 588 AA9C8F B9AA9C BDAEA0
t 587 588 589 AA9C8F BDAEA0 A5988B
t 589 588 590 A5988B BDAEA0 BDAEA0
t 589 590 591 A5988B BDAEA0 B59F8E
t 589 591 592 A5988B B59F8E A59181
t 593 594 595 A08C7C B49B89 C4B5A6
t 593 595 596 A08C7C C4B5A6 AEA093
t 596 595 597 AEA093 C4B5A6 C5B6A7
t 596 597 598 AEA093 C5B6A7 A99B8E
t 598 597 599 A99B8E C5B6A7 BCAD9F
t 598 599 600 A99B8E BCAD9F B4A598
t 599 567 566 BCAD9F AEA093 AC9E91
t 599 566 600 BCAD9F AC9E91 B4A598
t 601 602 603 84796F A7998C 8E8277
t 604 602 601 91857A A7998C 84796F
t 605 602 604 BEAFA1 A7998C 91857A
t 606 607 605 9C8F83 B9AB9D BEAFA1
t 606 605 604 9C8F83 BEAFA1 91857A
t 608 609 607 958171 AA9583 B9AB9D
t 608 607 606 958171 B9AB9D 9C8F83
t 610 611 612 9C8878 BAAC9E B49D8C
t 613 611 610 9C8F83 BAAC9E 9C8878
t 613 614 611 9C8F83 B8A99B BAAC9E
t 615 614 613 91857A B8A99B 9C8F83
t 615 616 614 91857A B3A497 B8A99B
t 615 617 616 91857A A29488 B3A497
t 618 619 617 80756B 91857A A29488
t 618 617 615 80756B A29488 91857A
t 618 620 619 80756B 736960 91857A
t 621 622 620 6D635B 5F574F 736960
t 621 620 618 6D635B 736960 80756B
t 621 623 622 6D635B 625951 5F574F
t 624 623 621 71675E 625951 6D635B
t 624 625 623 71675E 776D63 625951
t 624 603 625 71675E 8E8277 776D63
t 601 603 624 84796F 8E8277 71675E
t 626 627 628 C5AD81 868585 868381 0.7476 0.5046 0.7959 0.6287 0.8159 0.4536
t 629 627 626 CB9D6A 868585 C5AD81 0.6885 0.6681 0.7959 0.6287 0.7476 0.5046
t 629 630 627 CB9D6A 8B8A8A 868585 0.6885 0.6681 0.7159 0.7479 0.7959 0.6287
t 631 632 630 BA9D57 828282 8B8A8A 0.5434 0.7711 0.6105 0.8238 0.7159 0.7479
t 631 630 629 BA9D57 8B8A8A CB9D6A 0.5434 0.7711 0.7159 0.7479 0.6885 0.6681
t 631 633 632 BA9D57 838280 828282 0.5434 0.7711 0.4708 0.8508 0.6105 0.8238
t 634 635 633 A58E55 767470 838280 0.2992 0.7275 0.3433 0.8289 0.4708 0.8508
t 634 633 631 A58E55 838280 BA9D57 0.2992 0.7275 0.4708 0.8508 0.5434 0.7711
t 634 636 635 A58E55 6C635D 767470 0.2992 0.7275 0.1978 0.7202 0.3433 0.8289
t 637 638 636 AC7C4C 695A52 6C635D 0.1930 0.5004 0.1254 0.5524 0.1978 0.7202
t 637 636 634 AC7C4C 6C635D A58E55 0.1930 0.5004 0.1978 0.7202 0.2992 0.7275
t 637 639 638 AC7C4C 69564A 695A52 0.1930 0.5004 0.1456 0.3705 0.1254 0.5524
t 640 639 637 B34644 69564A AC7C4C 0.2978 0.2728 0.1456 0.3705 0.1930 0.5004
t 640 641 639 B34644 6B5248 69564A 0.2978 0.2728 0.2529 0.2231 0.1456 0.3705
t 640 642 641 B34644 6D4C42 6B5248 0.2978 0.2728 0.3810 0.1604 0.2529 0.2231
t 643 644 642 A82A3A 69493E 6D4C42 0.4708 0.2244 0.4708 0.1484 0.3810 0.1604
t 643 642 640 A82A3A 6D4C42 B34644 0.4708 0.2244 0.3810 0.1604 0.2978 0.2728
t 645 646 647 C6982C 5F4238 A82A3A 0.5751 0.2430 0.4711 0.1442 0.4708 0.2244
t 645 648 646 C6982C 715D54 5F4238 0.5751 0.2430 0.6780 0.2149 0.4711 0.1442
t 649 648 645 C34A3F 715D54 C6982C 0.6898 0.3324 0.6780 0.2149 0.5751 0.2430
t 649 650 648 C34A3F 827A75 715D54 0.6898 0.3324 0.7710 0.3240 0.6780 0.2149
t 628 650 649 868381 827A75 C34A3F 0.8159 0.4536 0.7710 0.3240 0.6898 0.3324
t 628 649 626 868381 C34A3F C5AD81 0.8159 0.4536 0.6898 0.3324 0.7476 0.5046
t 569 651 652 93867B 8E8277 A7998C
t 569 652 566 93867B A7998C AC9E91
t 567 653 654 AEA093 6F675C 726B5F
t 567 654 568 AEA093 726B5F AB9C8F
t 568 654 570 AB9C8F 726B5F 9D9084
t 571 655 651 6F655C 776D63 8E8277
t 571 651 569 6F655C 8E8277 93867B
t 570 654 656 9D9084 726B5F 716A5F
t 571 657 655 6F655C 625951 776D63
t 570 656 658 9D9084 716A5F 6D665C
t 570 658 572 9D9084 6D665C 887D72
t 574 657 571 5C534C 625951 6F655C
t 572 658 573 887D72 6D665C 877B71
t 576 659 657 534C45 5F574F 625951
t 576 657 574 534C45 625951 5C534C
t 573 658 660 877B71 6D665C 6B645A
t 573 660 575 877B71 6B645A 83786E
t 576 661 659 534C45 736960 5F574F
t 575 660 662 83786E 6B645A 6B6359
t 578 661 576 71675E 736960 534C45
t 575 662 577 83786E 6B6359 867A70
t 580 663 661 8B8075 91857A 736960
t 580 661 578 8B8075 736960 71675E
t 577 662 664 867A70 6B6359 6A6359
t 577 664 579 867A70 6A6359 998C80
t 582 665 663 A99B8E A29488 91857A
t 582 663 580 A99B8E 91857A 8B8075
t 579 664 666 998C80 6A6359 6D665B
t 579 666 581 998C80 6D665B A5978A
t 583 667 665 A99B8E B3A497 A29488
t 583 665 582 A99B8E A29488 A99B8E
t 581 666 668 A5978A 6D665B 716B5F
t 581 668 584 A5978A 716B5F B1A395
t 585 669 667 B0A294 B8A99B B3A497
t 585 667 583 B0A294 B3A497 A99B8E
t 587 669 585 AA9C8F B8A99B B0A294
t 584 668 670 B1A395 716B5F 787367
t 584 670 586 B1A395 787367 B9AA9C
t 589 671 669 A5988B BAAC9E B8A99B
t 589 669 587 A5988B B8A99B AA9C8F
t 586 670 588 B9AA9C 787367 BDAEA0
t 588 670 672 BDAEA0 787367 787367
t 588 672 590 BDAEA0 787367 BDAEA0
t 592 673 671 A59181 B49D8C BAAC9E
t 592 671 589 A59181 BAAC9E A5988B
t 590 672 674 BDAEA0 787367 8A7A69
t 590 674 591 BDAEA0 8A7A69 B59F8E
t 596 675 676 AEA093 B9AB9D AA9583
t 596 676 593 AEA093 AA9583 A08C7C
t 594 677 595 B49B89 897664 C4B5A6
t 598 675 596 A99B8E B9AB9D AEA093
t 595 677 678 C4B5A6 897664 7B7569
t 595 678 597 C4B5A6 7B7569 C5B6A7
t 600 679 675 B4A598 BEAFA1 B9AB9D
t 600 675 598 B4A598 B9AB9D A99B8E
t 597 678 599 C5B6A7 7B7569 BCAD9F
t 599 678 680 BCAD9F 7B7569 756F63
t 652 679 600 A7998C BEAFA1 B4A598
t 652 600 566 A7998C B4A598 AC9E91
t 680 653 567 756F63 6F675C AEA093
t 680 567 599 756F63 AEA093 BCAD9F
t 601 681 682 84796F 5B534B 625952
t 601 682 604 84796F 625952 91857A
t 604 682 683 91857A 625952 655C54
t 604 683 684 91857A 655C54 665D55
t 604 684 606 91857A 665D55 9C8F83
t 606 684 685 9C8F83 665D55 6F5F52
t 606 685 608 9C8F83 6F5F52 958171
t 610 686 687 9C8878 756458 6B6259
t 610 687 613 9C8878 6B6259 9C8F83
t 613 687 688 9C8F83 6B6259 655C54
t 613 688 615 9C8F83 655C54 91857A
t 615 688 689 91857A 655C54 675E56
t 615 689 690 91857A 675E56 635B53
t 615 690 618 91857A 635B53 80756B
t 618 690 691 80756B 635B53 696058
t 618 691 692 80756B 696058 615951
t 618 692 621 80756B 615951 6D635B
t 621 692 693 6D635B 615951 5B534C
t 621 693 624 6D635B 5B534C 71675E
t 624 693 681 71675E 5B534C 5B534B
t 624 681 601 71675E 5B534B 84796F
t 626 694 629 C5AD81 C29167 CB9D6A 0.7476 0.5046 0.6560 0.5556 0.6885 0.6681
t 629 694 695 CB9D6A C29167 9F812F 0.6885 0.6681 0.6560 0.5556 0.5839 0.6552
t 629 695 631 CB9D6A 9F812F BA9D57 0.6885 0.6681 0.5839 0.6552 0.5434 0.7711
t 631 695 696 BA9D57 9F812F 9C7610 0.5434 0.7711 0.5839 0.6552 0.4653 0.6953
t 631 696 634 BA9D57 9C7610 A58E55 0.5434 0.7711 0.4653 0.6953 0.2992 0.7275
t 634 696 697 A58E55 9C7610 742719 0.2992 0.7275 0.4653 0.6953 0.3303 0.6341
t 634 697 698 A58E55 742719 C97D60 0.2992 0.7275 0.3303 0.6341 0.2775 0.4941
t 634 698 637 A58E55 C97D60 AC7C4C 0.2992 0.7275 0.2775 0.4941 0.1930 0.5004
t 637 698 699 AC7C4C C97D60 D3A394 0.1930 0.5004 0.2775 0.4941 0.3217 0.3789
t 637 699 640 AC7C4C D3A394 B34644 0.1930 0.5004 0.3217 0.3789 0.2978 0.2728
t 640 699 700 B34644 D3A394 E08780 0.2978 0.2728 0.3217 0.3789 0.4013 0.3196
t 640 700 701 B34644 E08780 D7514D 0.2978 0.2728 0.4013 0.3196 0.4708 0.3078
t 640 701 643 B34644 D7514D A82A3A 0.2978 0.2728 0.4708 0.3078 0.4708 0.2244
t 647 702 703 A82A3A D7514D B2161D 0.4708 0.2244 0.4708 0.3078 0.5473 0.3226
t 647 703 645 A82A3A B2161D C6982C 0.4708 0.2244 0.5473 0.3226 0.5751 0.2430
t 645 703 704 C6982C B2161D BD0E16 0.5751 0.2430 0.5473 0.3226 0.6408 0.4065
t 645 704 649 C6982C BD0E16 C34A3F 0.5751 0.2430 0.6408 0.4065 0.6898 0.3324
t 649 704 626 C34A3F BD0E16 C5AD81 0.6898 0.3324 0.6408 0.4065 0.7476 0.5046
t 626 704 694 C5AD81 BD0E16 C29167 0.7476 0.5046 0.6408 0.4065 0.6560 0.5556
t 705 706 707 3E3833 655C54 625952
t 705 707 708 3E3833 625952 403934
t 709 710 711 5D554E 6A6258 615952
t 711 710 712 615952 6A6258 676056
t 711 712 713 615952 676056 706963
t 714 715 706 47433F 665D55 655C54
t 714 706 705 47433F 655C54 3E3833
t 713 712 716 706963 676056 786554
t 713 716 717 706963 786554 7E695A
t 718 719 715 504238 6F5F52 665D55
t 718 715 714 504238 665D55 47433F
t 720 721 722 715F53 7A6A5B 675F56
t 720 722 723 715F53 675F56 554D47
t 724 725 726 3B3530 6B6259 756458
t 724 726 727 3B3530 756458 58493F
t 723 722 728 554D47 675F56 676056
t 723 728 729 554D47 676056 5A524C
t 730 731 725 413B36 655C54 6B6259
t 730 725 724 413B36 6B6259 3B3530
t 729 728 732 5A524C 676056 6B6359
t 729 732 733 5A524C 6B6359 5A524C
t 734 735 731 413B35 675E56 655C54
t 734 731 730 413B35 655C54 413B36
t 733 732 736 5A524C 6B6359 5B534D
t 737 735 734 443E38 675E56 413B35
t 736 732 738 5B534D 6B6359 635C53
t 736 738 739 5B534D 635C53 5D544E
t 740 741 735 443E38 635B53 675E56
t 740 735 737 443E38 675E56 443E38
t 739 738 742 5D544E 635C53 5A524C
t 743 744 741 4B453E 696058 635B53
t 743 741 740 4B453E 635B53 443E38
t 742 738 745 5A524C 635C53 696258
t 742 745 746 5A524C 696258 615852
t 747 744 743 4D463F 696058 4B453E
t 747 748 744 4D463F 615951 696058
t 746 745 749 615852 696258 625953
t 750 748 747 46403A 615951 4D463F
t 749 745 751 625953 696258 686157
t 750 752 748 46403A 5B534C 615951
t 749 751 753 625953 686157 615952
t 754 752 750 463F3A 5B534C 46403A
t 753 751 755 615952 686157 686157
t 753 755 756 615952 686157 605851
t 757 758 752 413B35 5B534B 5B534C
t 757 752 754 413B35 5B534C 463F3A
t 756 755 759 605851 686157 5C544D
t 708 707 758 403934 625952 5B534B
t 708 758 757 403934 5B534B 413B35
t 759 755 710 5C544D 686157 6A6258
t 759 710 709 5C544D 6A6258 5D554E
part hardware
v -13.227 -16.560 -44.584
v -13.797 -15.760 -37.098
v -13.205 -16.875 -48.825
v -3.158 -21.685 -56.553
v -5.005 -20.251 -56.820
v 0.003 -22.184 -57.083
v -9.286 -19.611 -53.032
v -8.392 -19.191 -54.600
v -9.286 -19.611 -53.032
v -11.936 -17.690 -49.164
v -13.205 -16.875 -48.825
v 13.587 -15.651 -37.776
v 13.243 -16.576 -44.585
v 12.458 -16.530 -49.927
v 14.113 -14.332 -28.416
v 14.113 -14.332 -28.416
v 14.110 -14.328 28.541
v 13.652 -15.696 37.736
v 13.587 -15.651 -37.776
v 8.792 -20.047 -53.634
v -0.016 -21.860 -56.946
v 7.966 -20.459 -55.556
v 12.158 -17.932 -49.240
v 12.458 -16.530 -49.927
v 13.243 -16.576 -44.585
v -13.809 -14.226 -33.274
v -12.368 -16.569 -49.713
v -13.205 -16.875 -48.825
v -13.809 -14.226 -33.274
v -13.205 -16.875 -48.825
v -13.797 -15.760 -37.098
v -14.101 -14.358 28.085
v 0.010 -20.737 -57.321
v -12.368 -16.569 -49.713
v 13.694 -14.172 -35.799
v 0.002 -20.816 -57.221
v 5.301 -20.165 -56.487
v 7.966 -20.459 -55.556
v -0.016 -21.860 -56.946
v 5.301 -20.165 -56.487
v 9.175 -18.827 -53.547
v 7.966 -20.459 -55.556
v 12.458 -16.530 -49.927
v -13.227 -16.560 44.584
v -12.348 -16.702 50.166
v -14.101 -14.358 28.085
v -13.698 -15.722 37.555
v -13.698 -15.722 37.555
v -3.158 -21.685 56.553
v 0.003 -22.184 57.083
v -5.005 -20.251 56.820
v -8.392 -19.191 54.600
v -9.286 -19.611 53.032
v -12.348 -16.702 50.166
v -11.936 -17.690 49.164
v -13.227 -16.560 44.584
v 13.652 -15.696 37.736
v 14.110 -14.328 28.541
v 12.460 -16.529 49.924
v 13.243 -16.576 44.585
v 8.792 -20.047 53.634
v 7.966 -20.459 55.556
v -0.016 -21.860 56.946
v 12.158 -17.932 49.240
v 12.460 -16.529 49.924
v 13.243 -16.576 44.585
v -13.714 -14.183 35.201
v -14.101 -14.358 28.085
v -12.348 -16.702 50.166
v 0.010 -20.737 57.321
v 13.712 -14.150 35.919
v 12.460 -16.529 49.924
v 14.110 -14.328 28.541
v 0.002 -20.816 57.221
v -0.016 -21.860 56.946
v 7.966 -20.459 55.556
v 5.301 -20.165 56.487
v 5.301 -20.165 56.487
v 7.966 -20.459 55.556
v 9.175 -18.827 53.547
v 12.460 -16.529 49.924
v -4.632 -15.458 -32.922
v -2.988 -15.549 -31.852
v -4.320 -15.582 -31.647
v 4.487 -15.492 31.689
v 3.287 -15.563 33.266
v 4.623 -15.682 32.929
v 4.389 -12.747 34.092
v 1.341 -12.023 28.974
v 1.840 -9.907 32.485
v 1.463 -10.625 30.450
v 1.856 -12.789 27.863
v 0.714 -11.304 29.874
v 0.000 -9.959 32.191
v 1.856 -9.859 32.454
v 1.034 -10.270 31.915
v 1.463 -10.625 30.450
v 1.856 -9.859 32.454
v 1.856 -12.789 27.863
v 1.463 -10.625 30.450
v -1.856 -9.873 32.406
v 2.018 -13.263 21.045
v 2.155 -12.602 26.489
v 1.341 -12.023 28.974
v 2.018 -13.263 21.045
v 1.929 -9.867 26.000
v 2.155 -12.602 26.489
v -4.389 -12.747 34.092
v -1.840 -9.907 32.485
v -1.341 -12.023 28.974
v -1.463 -10.613 30.438
v -0.363 -11.540 29.797
v -1.856 -12.789 27.863
v -1.036 -10.246 31.903
v -1.463 -10.613 30.438
v -1.856 -12.789 27.863
v -1.856 -9.873 32.406
v -1.463 -10.613 30.438
v -2.018 -13.263 21.045
v -1.341 -12.023 28.974
v -2.155 -12.602 26.489
v -2.018 -13.263 21.045
v -2.155 -12.602 26.489
v -1.929 -9.867 26.000
v 4.389 -12.747 -34.092
v 1.840 -9.907 -32.485
v 1.341 -12.023 -28.974
v 1.463 -10.625 -30.450
v 0.714 -11.304 -29.874
v 1.856 -12.789 -27.863
v 0.000 -9.959 -32.191
v 1.034 -10.270 -31.915
v 1.856 -9.859 -32.454
v 1.463 -10.625 -30.450
v 1.856 -12.789 -27.863
v 1.856 -9.859 -32.454
v 1.463 -10.625 -30.450
v -1.856 -9.872 -32.406
v 2.018 -13.263 -21.045
v 1.341 -12.023 -28.974
v 2.155 -12.602 -26.489
v 2.018 -13.263 -21.045
v 2.155 -12.602 -26.489
v 1.929 -9.867 -26.000
v -4.389 -12.747 -34.092
v -1.341 -12.023 -28.974
v -1.840 -9.907 -32.485
v -1.463 -10.613 -30.438
v -1.856 -12.789 -27.863
v -0.363 -11.540 -29.797
v -1.036 -10.246 -31.903
v -1.463 -10.613 -30.438
v -1.856 -9.872 -32.406
v -1.856 -12.789 -27.863
v -1.463 -10.613 -30.438
v -2.018 -13.263 -21.045
v -2.155 -12.602 -26.489
v -1.341 -12.023 -28.974
v -2.018 -13.263 -21.045
v -1.929 -9.867 -26.000
v -2.155 -12.602 -26.489
v 0.000 -9.274 26.188
v -0.029 -5.796 27.222
v -1.680 -8.700 24.097
v -0.854 -5.212 24.631
v -1.680 -8.700 24.097
v -0.854 -5.212 24.631
v 1.528 -8.582 23.627
v 1.987 -5.404 25.699
v 1.528 -8.582 23.627
v 1.987 -5.404 25.699
v 0.029 -9.300 26.288
v 0.000 -5.769 27.123
v -1.300 -9.147 25.718
v -1.515 -9.203 25.927
v 0.000 -9.312 26.332
v 0.000 -9.312 26.332
v 1.515 -9.203 25.927
v 1.300 -9.147 25.718
v 1.933 -8.807 24.457
v 1.515 -8.412 22.988
v 1.300 -8.468 23.197
v 0.000 -8.303 22.583
v -1.515 -8.412 22.988
v -1.300 -8.468 23.197
v -1.933 -8.807 24.457
v -1.606 -8.402 22.915
v 1.114 -8.284 22.505
v -0.009 -8.451 24.735
v 2.005 -9.132 25.633
v -0.966 -5.740 27.015
v -2.070 -5.447 25.930
v -1.776 -5.427 25.853
v -1.802 -5.031 24.383
v -1.300 -4.963 24.131
v -0.555 -4.762 23.384
v 0.476 -4.839 23.669
v 1.515 -4.907 23.922
v 1.803 -5.586 24.808
v 1.803 -5.586 24.808
v 1.515 -4.907 23.922
v 2.099 -5.880 25.823
v 1.803 -5.586 24.808
v 2.099 -5.880 25.823
v 1.300 -5.660 26.648
v 1.040 -5.773 27.139
v 1.300 -5.660 26.648
v 1.040 -5.773 27.139
v 0.000 -5.807 27.266
v 0.648 -5.012 25.347
v -0.206 -6.463 25.104
v 2.136 -5.163 24.883
v 0.648 -5.012 25.347
v 2.136 -5.163 24.883
v 0.650 -4.725 23.368
v -1.621 -4.917 23.965
v -2.294 -5.416 26.116
v -0.015 -9.367 26.469
v -0.009 -8.451 24.735
v -0.474 -9.168 24.749
v -1.606 -8.402 22.915
v -1.606 -8.402 22.915
v -0.474 -9.168 24.749
v -2.125 -8.995 24.936
v -0.005 -5.871 27.536
v 0.005 -5.261 25.982
v 0.000 -4.247 26.860
v -0.966 -4.049 26.334
v -0.989 -4.856 26.104
v 0.000 -5.006 26.658
v -0.989 -4.098 26.306
v -0.989 -3.754 25.239
v -0.989 -4.558 24.996
v -0.989 -4.856 26.104
v -0.989 -3.800 25.199
v -0.024 -3.602 24.672
v 0.000 -4.409 24.442
v -0.989 -4.558 24.996
v 0.989 -3.754 25.239
v 0.989 -4.856 26.104
v 0.989 -4.558 24.996
v 0.966 -4.049 26.334
v 0.000 -5.006 26.658
v 0.989 -4.856 26.104
v 0.024 -3.602 24.672
v 0.989 -3.800 25.199
v 0.989 -4.558 24.996
v 0.000 -4.409 24.442
v 0.989 -4.098 26.306
v 0.000 -4.247 26.860
v -0.367 -3.567 25.453
v 0.199 -3.963 26.638
v 0.136 -3.609 25.808
v 0.234 -3.406 26.318
v 0.350 -3.221 25.632
v -0.418 -3.292 25.897
v 0.989 -4.856 26.104
v 0.000 -5.006 26.658
v -0.989 -4.856 26.104
v -0.989 -4.558 24.996
v 0.000 -4.409 24.442
v 0.989 -4.558 24.996
v -0.267 -3.174 25.093
v -0.686 -3.328 25.668
v 0.381 -3.294 25.539
v 0.588 -3.222 25.273
v 0.822 -3.495 26.283
v 0.080 -3.550 26.489
v 0.113 -3.486 24.958
v 0.903 -4.081 25.785
v 0.989 -3.800 25.199
v -1.974 -8.869 30.105
v -2.789 -5.827 29.036
v -0.958 -10.269 30.670
v -5.223 -6.744 29.512
v -9.995 -5.900 28.952
v -9.971 -3.726 27.492
v -5.890 -5.098 27.253
v -9.995 -5.900 28.952
v -5.890 -5.098 27.253
v -2.997 -5.533 29.011
v -5.890 -5.098 27.253
v -9.971 -3.726 27.492
v -8.100 -3.714 27.757
v -9.247 -4.970 26.827
v -5.510 -4.957 25.481
v -4.676 -6.198 25.143
v -8.194 -3.633 27.636
v 0.000 -3.714 27.555
v -1.891 -4.012 26.118
v -0.603 -4.948 22.452
v -0.941 -5.227 23.449
v 0.541 -5.505 23.124
v -4.554 -4.920 27.705
v -0.060 -6.941 26.879
v 0.671 -11.262 31.823
v -2.623 -8.599 30.917
v -0.144 -11.418 30.282
v 1.655 -9.269 30.280
v -2.699 -5.076 23.376
v -5.193 -6.004 26.131
v -1.514 -5.583 22.574
v -1.293 -5.949 23.921
v -0.511 -5.825 22.115
v -2.699 -5.076 23.376
v 2.411 -5.373 22.843
v -0.511 -5.825 22.115
v -1.891 -4.012 26.118
v -1.953 -5.017 24.550
v -2.800 -4.770 23.480
v -2.800 -4.770 23.480
v -1.798 -7.196 25.737
v -2.800 -4.770 23.480
v -1.953 -5.017 24.550
v -5.193 -6.004 26.131
v -1.798 -7.196 25.737
v -4.554 -4.920 27.705
v 1.324 -5.992 22.190
v -1.264 -5.170 24.155
v -1.467 -6.715 24.136
v 1.351 -6.648 23.813
v 1.219 -5.158 24.091
v -1.264 -5.170 24.155
v -0.052 -3.739 27.676
v -1.467 -6.715 24.136
v -7.517 -4.837 27.560
v 0.660 -6.191 23.277
v -0.060 -6.941 26.879
v 0.000 -7.495 26.757
v -9.995 -4.043 30.349
v 9.995 -4.082 30.347
v -9.999 -5.797 29.013
v -2.623 -8.599 30.917
v -9.995 -4.043 30.349
v 1.974 -8.869 30.105
v 0.958 -10.269 30.670
v 2.790 -5.834 29.012
v 4.452 -7.207 29.503
v 8.401 -5.898 29.029
v 5.890 -5.098 27.253
v 9.971 -3.726 27.492
v 9.995 -5.900 28.952
v 5.890 -5.098 27.253
v 9.995 -5.900 28.952
v 2.997 -5.533 29.011
v 5.890 -5.098 27.253
v 8.100 -3.714 27.757
v 9.971 -3.726 27.492
v 4.679 -5.959 25.617
v 5.669 -4.728 25.986
v 8.084 -3.726 27.560
v 8.363 -4.602 28.105
v 8.059 -3.846 27.658
v 9.995 -2.781 28.683
v 9.995 -3.714 27.555
v 8.059 -3.846 27.658
v 1.596 -3.712 26.341
v 0.000 -3.714 27.555
v 1.529 -5.360 22.561
v 2.411 -5.373 22.843
v -2.790 -15.664 -21.613
v -4.768 -15.533 -21.613
v -3.779 -15.598 -22.576
v 5.193 -6.004 26.131
v 1.747 -6.767 24.151
v -0.511 -5.825 22.115
v 2.411 -5.373 22.843
v 4.679 -5.959 25.617
v 1.529 -5.360 22.561
v 1.953 -5.017 24.550
v 1.596 -3.712 26.341
v 1.529 -5.360 22.561
v 1.798 -7.196 25.737
v 1.529 -5.360 22.561
v 0.541 -5.505 23.124
v 1.953 -5.017 24.550
v 1.798 -7.196 25.737
v 5.193 -6.004 26.131
v 3.381 -4.553 27.680
v 1.351 -6.648 23.813
v 0.027 -3.721 27.607
v 1.219 -5.158 24.091
v 7.517 -4.837 27.560
v -0.060 -6.941 26.879
v -0.060 -6.941 26.879
v 3.381 -4.553 27.680
v 0.671 -11.262 31.823
v 0.000 -7.495 26.757
v 5.072 -6.958 29.478
v 9.995 -4.082 30.347
v 1.655 -9.269 30.280
v 9.999 -5.797 29.013
v 9.995 -4.082 30.347
v 5.072 -6.958 29.478
v -3.339 -12.651 33.529
v -3.330 -12.651 32.985
v -3.534 -12.651 33.343
v -3.149 -12.651 22.474
v -3.472 -12.651 21.991
v -3.534 -12.651 22.242
v 1.341 -12.023 28.974
v 4.259 -13.343 21.216
v 2.018 -13.263 21.045
v 1.048 -12.547 28.438
v 1.856 -12.789 27.863
v 1.960 -9.666 25.022
v 1.048 -12.547 28.438
v 0.000 -10.912 28.979
v 1.856 -12.789 27.863
v 1.856 -9.859 32.454
v -1.856 -9.873 32.406
v -2.007 -13.307 34.153
v 2.007 -13.320 34.096
v 1.000 -10.111 25.977
v 1.531 -10.885 30.595
v 0.834 -11.565 29.785
v 0.086 -9.830 32.317
v -1.390 -11.169 30.106
v 0.834 -11.565 29.785
v 1.531 -10.885 30.595
v -0.380 -10.087 32.256
v 0.738 -10.223 31.910
v -0.522 -10.253 31.888
v 1.420 -10.576 31.330
v 0.985 -11.107 30.519
v 1.040 -11.338 30.122
v 0.000 -11.466 29.955
v 0.714 -11.304 29.874
v 1.856 -12.789 27.863
v 0.000 -10.912 28.979
v 0.714 -11.304 29.874
v 0.000 -10.912 28.979
v -0.363 -11.540 29.797
v 4.389 -12.747 34.092
v 0.990 -12.076 26.299
v -0.103 -9.655 25.706
v -0.022 -13.072 27.565
v 0.000 -9.205 25.742
v 1.907 -9.002 22.702
v 0.964 -10.988 31.848
v -1.063 -11.160 31.556
v -0.285 -10.767 32.232
v 0.778 -11.696 30.632
v -3.351 -13.610 33.508
v -4.177 -13.401 21.224
v -4.132 -13.834 21.222
v -2.018 -13.263 21.045
v -4.259 -13.343 21.216
v -1.341 -12.023 28.974
v -1.856 -12.789 27.863
v -1.048 -12.547 28.438
v -1.870 -8.829 24.551
v -1.856 -12.789 27.863
v 0.000 -10.912 28.979
v -1.048 -12.547 28.438
v -1.870 -8.829 24.551
v 0.000 -9.205 25.742
v 1.960 -9.666 25.022
v -1.000 -10.111 25.977
v 3.999 -13.611 21.545
v -4.132 -13.834 21.222
v -4.177 -13.401 21.224
v -1.870 -8.829 24.551
v 1.960 -9.666 25.022
v 1.856 -13.401 21.155
v -1.856 -13.401 21.155
v -0.027 -9.950 32.299
v -1.592 -10.686 31.292
v -1.390 -11.169 30.106
v -1.592 -10.686 31.292
v 0.834 -11.565 29.785
v -1.390 -11.169 30.106
v -1.420 -10.576 31.330
v -0.985 -11.107 30.519
v -1.040 -11.338 30.122
v 0.000 -11.466 29.955
v -1.856 -12.789 27.863
v -4.389 -12.747 34.092
v -0.990 -12.076 26.299
v -0.022 -13.072 27.565
v -0.103 -9.655 25.706
v 0.000 -9.205 25.742
v -1.907 -9.002 22.702
v -0.524 -11.820 30.422
v 4.151 -13.835 20.956
v 4.222 -13.835 34.198
v 4.316 -14.559 34.116
v 4.111 -14.559 20.994
v -4.316 -13.835 34.116
v -4.288 -13.835 21.184
v -4.316 -14.559 21.156
v -4.222 -14.559 34.198
v -4.316 -14.559 21.156
v -4.288 -13.835 21.184
v 4.057 -13.835 21.045
v 4.057 -14.559 21.045
v -4.316 -13.835 34.116
v -4.222 -14.559 34.198
v 4.222 -13.835 34.198
v 4.316 -14.559 34.116
v 0.000 -9.274 -26.188
v -1.726 -9.026 -25.269
v -0.029 -5.796 -27.222
v -1.992 -5.208 -25.040
v -1.726 -9.026 -25.269
v 0.779 -8.163 -22.677
v -1.992 -5.208 -25.040
v 0.779 -8.163 -22.677
v 1.619 -5.164 -24.407
v -1.992 -5.208 -25.040
v 0.779 -8.163 -22.677
v 0.097 -9.356 -26.494
v 1.619 -5.164 -24.407
v 0.000 -5.769 -27.123
v -1.300 -9.147 -25.718
v 0.000 -9.312 -26.332
v -1.515 -9.203 -25.927
v 0.000 -9.312 -26.332
v 1.300 -9.147 -25.718
v 1.515 -9.203 -25.927
v 1.776 -8.683 -23.996
v 2.070 -8.663 -23.919
v 0.966 -8.370 -22.834
v -0.476 -8.344 -22.735
v -0.555 -8.267 -22.450
v -1.776 -8.683 -23.996
v -2.070 -8.663 -23.919
v -2.257 -8.596 -23.520
v 1.972 -8.487 -23.241
v -0.614 -8.258 -22.408
v 0.000 -5.807 -27.266
v -1.300 -5.642 -26.652
v -1.515 -5.698 -26.861
v -1.776 -5.178 -24.930
v -2.070 -5.158 -24.854
v -0.966 -4.865 -23.768
v 0.476 -4.839 -23.669
v -0.000 -4.759 -23.374
v 1.515 -4.907 -23.922
v 1.803 -5.586 -24.808
v 1.803 -5.586 -24.808
v 2.099 -5.880 -25.823
v 1.515 -4.907 -23.922
v 1.803 -5.586 -24.808
v 1.300 -5.660 -26.648
v 2.099 -5.880 -25.823
v 1.040 -5.773 -27.139
v 1.300 -5.660 -26.648
v 0.000 -5.807 -27.266
v 1.040 -5.773 -27.139
v 2.378 -5.357 -25.990
v -0.731 -4.573 -23.134
v 1.588 -4.903 -23.916
v -1.803 -5.662 -26.782
v -2.112 -5.140 -24.797
v -1.588 -9.236 -26.012
v 0.016 -9.362 -26.465
v -0.075 -8.996 -24.865
v -0.015 -9.367 -26.469
v 1.803 -9.195 -25.840
v 0.436 -10.083 -24.983
v 1.803 -9.195 -25.840
v 1.972 -8.487 -23.241
v 0.468 -9.257 -23.851
v 0.436 -10.083 -24.983
v -0.310 -8.666 -24.230
v 1.972 -8.487 -23.241
v -0.310 -8.666 -24.230
v 0.468 -9.257 -23.851
v 0.015 -5.829 -27.412
v -0.034 -5.132 -26.040
v 0.219 -5.177 -24.801
v 2.378 -5.357 -25.990
v 0.639 -4.776 -25.710
v 0.219 -5.177 -24.801
v 2.378 -5.357 -25.990
v 0.055 -4.913 -26.190
v 0.639 -4.776 -25.710
v 0.003 -5.870 -27.523
v 0.000 -5.006 -26.658
v -0.966 -4.049 -26.334
v 0.000 -4.247 -26.860
v -0.989 -4.856 -26.104
v -0.989 -3.754 -25.239
v -0.989 -4.098 -26.306
v 0.000 -4.409 -24.442
v -0.024 -3.602 -24.672
v -0.989 -3.800 -25.199
v -0.989 -4.558 -24.996
v 0.034 -3.397 -25.243
v -0.886 -3.414 -25.914
v -0.500 -4.082 -27.075
v 0.989 -4.558 -24.996
v 0.989 -3.800 -25.199
v 0.024 -3.602 -24.672
v 0.000 -4.409 -24.442
v -0.989 -4.856 -26.104
v -0.989 -4.558 -24.996
v 0.989 -4.856 -26.104
v 0.989 -4.098 -26.306
v 0.989 -3.754 -25.239
v 0.989 -4.558 -24.996
v 0.000 -5.006 -26.658
v 0.000 -4.247 -26.860
v 0.966 -4.049 -26.334
v 0.989 -4.856 -26.104
v 0.382 -3.372 -26.194
v -0.300 -3.386 -26.246
v 0.234 -3.194 -25.533
v -0.403 -3.239 -25.700
v 0.000 -5.006 -26.658
v 0.989 -4.856 -26.104
v -0.989 -4.856 -26.104
v 0.989 -4.558 -24.996
v 0.000 -4.409 -24.442
v -0.989 -4.558 -24.996
v -0.387 -3.558 -26.523
v -0.822 -3.289 -25.519
v -0.509 -3.346 -25.732
v 0.394 -3.179 -25.111
v 0.158 -3.263 -25.424
v 0.721 -3.392 -25.902
v -0.894 -4.112 -25.858
v -0.989 -3.800 -25.199
v -0.571 -3.891 -25.037
v -1.974 -8.869 -30.105
v -0.958 -10.269 -30.670
v -2.789 -5.826 -29.038
v -5.218 -6.740 -29.527
v -5.890 -5.098 -27.253
v -9.971 -3.726 -27.492
v -9.995 -5.900 -28.952
v -5.890 -5.098 -27.253
v -9.995 -5.900 -28.952
v -2.997 -5.533 -29.011
v -5.890 -5.098 -27.253
v -8.100 -3.713 -27.757
v -9.971 -3.726 -27.492
v -4.676 -6.198 -25.143
v -5.510 -4.957 -25.481
v -9.247 -4.970 -26.827
v -8.075 -3.836 -27.668
v -9.995 -2.924 -28.362
v -9.995 -3.714 -27.555
v -8.075 -3.836 -27.668
v -1.891 -3.987 -26.142
v 0.000 -3.714 -27.555
v -0.603 -4.948 -22.452
v 0.541 -5.505 -23.124
v -0.941 -5.227 -23.449
v -0.060 -6.941 -26.879
v -4.554 -4.920 -27.705
v 0.693 -11.250 -31.869
v 1.636 -9.291 -30.288
v -0.144 -11.418 -30.282
v -2.804 -8.462 -31.030
v -2.699 -5.076 -23.376
v -1.514 -5.583 -22.574
v -5.193 -6.004 -26.131
v -1.293 -5.949 -23.921
v -0.511 -5.825 -22.115
v -0.511 -5.825 -22.115
v 2.411 -5.373 -22.843
v -2.699 -5.076 -23.376
v -2.782 -4.785 -23.467
v -1.953 -5.017 -24.550
v -1.891 -3.987 -26.142
v 0.000 -3.714 -27.555
v -2.782 -4.785 -23.467
v -1.798 -7.196 -25.737
v -2.782 -4.785 -23.467
v -1.953 -5.017 -24.550
v -1.798 -7.196 -25.737
v -5.193 -6.004 -26.131
v -4.554 -4.920 -27.705
v 1.324 -5.992 -22.190
v -1.264 -5.170 -24.155
v 1.219 -5.158 -24.091
v 1.351 -6.648 -23.813
v -1.467 -6.715 -24.136
v -1.467 -6.715 -24.136
v -0.052 -3.739 -27.676
v -1.264 -5.170 -24.155
v -7.517 -4.837 -27.560
v 0.660 -6.191 -23.277
v -0.060 -6.941 -26.879
v 0.000 -7.495 -26.757
v -9.995 -3.622 -30.324
v 9.995 -3.695 -30.302
v -9.999 -5.797 -29.013
v -9.995 -3.622 -30.324
v -2.804 -8.462 -31.030
v 1.974 -8.869 -30.105
v 2.790 -5.834 -29.012
v 0.958 -10.269 -30.670
v 4.452 -7.207 -29.503
v 8.401 -5.898 -29.029
v 9.995 -5.900 -28.952
v 9.971 -3.726 -27.492
v 5.890 -5.098 -27.253
v 9.995 -5.900 -28.952
v 5.890 -5.098 -27.253
v 2.997 -5.533 -29.011
v 5.890 -5.098 -27.253
v 9.971 -3.726 -27.492
v 8.100 -3.714 -27.757
v 8.084 -3.726 -27.560
v 5.669 -4.728 -25.986
v 4.679 -5.959 -25.617
v 8.363 -4.602 -28.105
v 8.078 -3.835 -27.670
v 9.995 -3.714 -27.555
v 9.995 -2.937 -28.327
v 8.078 -3.835 -27.670
v 0.000 -3.714 -27.555
v 1.595 -3.712 -26.340
v 1.528 -5.360 -22.561
v 2.411 -5.373 -22.843
v 5.193 -6.004 -26.131
v 1.747 -6.767 -24.151
v 2.411 -5.373 -22.843
v -0.511 -5.825 -22.115
v 4.679 -5.959 -25.617
v 1.595 -3.712 -26.340
v 1.953 -5.017 -24.550
v 1.528 -5.360 -22.561
v 1.528 -5.360 -22.561
v 1.798 -7.196 -25.737
v 1.528 -5.360 -22.561
v 1.953 -5.017 -24.550
v 0.541 -5.505 -23.124
v 5.193 -6.004 -26.131
v 1.798 -7.196 -25.737
v 3.373 -4.552 -27.681
v 1.219 -5.158 -24.091
v 0.027 -3.721 -27.607
v 1.351 -6.648 -23.813
v 7.517 -4.837 -27.560
v -0.060 -6.941 -26.879
v -0.060 -6.941 -26.879
v 0.693 -11.250 -31.869
v 3.373 -4.552 -27.681
v 0.000 -7.495 -26.757
v 5.073 -6.968 -29.491
v 1.636 -9.291 -30.288
v 9.995 -3.695 -30.302
v 9.999 -5.797 -29.013
v 5.073 -6.968 -29.491
v 9.995 -3.695 -30.302
v 4.179 -13.835 -34.042
v 4.135 -13.402 -34.047
v 3.234 -13.633 -21.148
v 2.018 -13.263 -21.045
v 4.259 -13.343 -21.216
v 1.341 -12.023 -28.974
v 1.856 -12.789 -27.863
v 1.048 -12.547 -28.438
v 1.960 -9.666 -25.022
v 1.856 -12.789 -27.863
v 0.000 -10.912 -28.979
v 1.048 -12.547 -28.438
v -2.007 -13.307 -34.153
v -1.856 -9.872 -32.406
v 1.856 -9.859 -32.454
v 2.007 -13.320 -34.096
v 1.000 -10.111 -25.977
v 0.086 -9.830 -32.317
v 0.834 -11.565 -29.785
v 1.531 -10.885 -30.595
v 0.834 -11.565 -29.785
v -1.390 -11.169 -30.106
v 1.531 -10.885 -30.595
v -0.380 -10.087 -32.256
v -0.522 -10.253 -31.888
v 0.738 -10.223 -31.910
v 1.420 -10.576 -31.330
v 0.985 -11.107 -30.519
v 1.040 -11.338 -30.122
v 0.000 -11.466 -29.955
v 0.951 -11.161 -30.481
v 0.581 -10.179 -31.747
v -0.240 -11.153 -31.246
v 0.951 -11.161 -30.481
v -0.240 -11.153 -31.246
v -0.839 -11.259 -30.312
v 0.000 -10.912 -28.979
v 1.856 -12.789 -27.863
v 0.714 -11.304 -29.874
v 0.000 -10.912 -28.979
v 0.714 -11.304 -29.874
v -0.363 -11.540 -29.797
v 4.389 -12.747 -34.092
v 0.990 -12.076 -26.299
v -0.022 -13.072 -27.565
v -0.103 -9.655 -25.706
v 0.000 -9.205 -25.742
v 1.907 -9.002 -22.702
v 4.179 -13.835 -34.042
v -3.294 -13.617 -33.808
v 4.135 -13.402 -34.047
v 0.778 -10.911 -31.984
v -1.063 -11.447 -31.060
v 0.964 -11.618 -30.767
v -0.285 -11.840 -30.384
v -1.341 -12.023 -28.974
v -4.259 -13.343 -21.216
v -2.018 -13.263 -21.045
v -1.048 -12.547 -28.438
v -1.856 -12.789 -27.863
v -1.870 -8.829 -24.551
v -1.048 -12.547 -28.438
v 0.000 -10.912 -28.979
v -1.856 -12.789 -27.863
v -1.870 -8.829 -24.551
v 1.960 -9.666 -25.022
v 0.000 -9.205 -25.742
v -1.000 -10.111 -25.977
v -1.870 -8.829 -24.551
v -1.856 -13.401 -21.155
v 1.856 -13.401 -21.155
v 1.960 -9.666 -25.022
v -0.027 -9.950 -32.299
v -1.390 -11.169 -30.106
v -1.592 -10.686 -31.292
v -1.390 -11.169 -30.106
v 0.834 -11.565 -29.785
v -1.592 -10.686 -31.292
v -1.420 -10.576 -31.330
v -0.985 -11.107 -30.519
v -1.040 -11.338 -30.122
v 0.000 -11.466 -29.955
v -1.856 -12.789 -27.863
v -4.389 -12.747 -34.092
v -0.990 -12.076 -26.299
v -0.103 -9.655 -25.706
v -0.022 -13.072 -27.565
v 0.000 -9.205 -25.742
v -1.907 -9.002 -22.702
v -0.524 -10.790 -32.197
v 4.151 -13.835 -20.956
v 4.111 -14.559 -20.994
v 4.316 -14.559 -34.116
v 4.288 -13.835 -34.089
v -4.283 -13.835 -34.192
v -4.222 -14.559 -34.198
v -4.316 -14.559 -21.156
v -4.288 -13.835 -21.184
v 4.057 -13.835 -21.045
v -4.288 -13.835 -21.184
v -4.316 -14.559 -21.156
v 4.057 -14.559 -21.045
v -4.283 -13.835 -34.192
v 4.288 -13.835 -34.089
v 4.316 -14.559 -34.116
v -4.222 -14.559 -34.198
v -9.995 -5.759 28.979
v -9.994 -5.759 -28.979
v -9.308 -5.069 29.752
v -10.142 -4.351 29.244
v -10.437 -4.546 28.405
v -9.308 -5.069 29.752
v -10.437 -4.546 28.405
v -9.754 -4.343 27.674
v -9.308 -5.069 29.752
v -9.317 -3.689 28.740
v -10.142 -4.351 29.244
v -9.754 -4.343 27.674
v -10.892 -3.522 28.775
v -9.905 -2.948 28.727
v -9.754 -4.343 27.674
v -10.437 -4.546 28.405
v -10.892 -3.522 28.775
v -10.709 -3.631 28.794
v 9.308 -5.069 29.752
v 10.437 -4.546 28.405
v 10.142 -4.351 29.244
v 9.308 -5.069 29.752
v 9.754 -4.343 27.674
v 10.437 -4.546 28.405
v 9.308 -5.069 29.752
v 10.142 -4.351 29.244
v 9.317 -3.689 28.740
v 9.754 -4.343 27.674
v 9.905 -2.948 28.727
v 10.892 -3.522 28.775
v 9.754 -4.343 27.674
v 10.892 -3.522 28.775
v 10.437 -4.546 28.405
v 10.709 -3.631 28.794
v -9.151 -5.251 -29.598
v -9.951 -5.394 -27.952
v -9.803 -4.266 -28.711
v -9.151 -5.251 -29.598
v -9.803 -4.266 -28.711
v -10.113 -4.379 -29.224
v -10.028 -4.054 -27.335
v -9.151 -5.251 -29.598
v -10.113 -4.379 -29.224
v -9.317 -3.689 -28.740
v -9.431 -3.849 -29.357
v -10.709 -3.631 -28.794
v 9.151 -5.251 -29.598
v 10.113 -4.379 -29.224
v 9.803 -4.266 -28.711
v 9.151 -5.251 -29.598
v 9.803 -4.266 -28.711
v 9.951 -5.394 -27.952
v 10.028 -4.054 -27.335
v 9.151 -5.251 -29.598
v 9.317 -3.689 -28.740
v 10.113 -4.379 -29.224
v 9.431 -3.850 -29.357
v 10.709 -3.631 -28.794
v 14.533 -4.833 -29.147
v 14.533 -4.029 -29.361
v 14.533 -4.618 -28.347
v 14.533 -3.814 -28.561
v 13.136 -4.061 -26.867
v 13.136 -4.171 -27.792
v 13.136 -2.703 -27.572
v 13.136 -5.344 -27.095
v 13.136 -5.284 -28.458
v 13.136 -6.380 -28.551
v 13.136 -4.992 -29.692
v 13.136 -5.922 -30.074
v 13.136 -4.852 -30.816
v 13.136 -3.302 -30.613
v 13.136 -3.813 -29.733
v 13.136 -2.252 -28.980
v 13.136 -3.281 -28.917
v 13.136 -3.281 -28.790
v 13.136 -2.326 -28.854
v 9.709 -2.555 -27.838
v 9.709 -3.813 -27.974
v 9.709 -3.553 -27.003
v 9.709 -3.281 -28.790
v 9.709 -2.326 -28.854
v 9.709 -2.703 -30.136
v 9.709 -3.281 -28.917
v 9.709 -2.326 -28.854
v 9.709 -4.171 -29.916
v 9.709 -4.594 -30.900
v 9.709 -6.257 -29.614
v 9.709 -5.284 -29.250
v 9.709 -6.092 -27.838
v 9.709 -4.992 -28.016
v 9.709 -4.852 -26.892
v 13.236 -3.209 -29.494
v 13.505 -3.209 -28.207
v 13.843 -3.209 -29.457
v 13.505 -3.203 -28.218
v 13.236 -4.323 -27.574
v 13.843 -4.292 -27.592
v 13.236 -5.438 -28.214
v 13.505 -5.438 -29.501
v 13.843 -5.438 -28.250
v 13.505 -5.444 -29.490
v 13.236 -4.323 -30.134
v 13.843 -4.355 -30.116
v 13.236 -4.323 -27.574
v 13.505 -5.444 -28.218
v 13.843 -4.355 -27.592
v 13.505 -4.330 -30.138
v 13.236 -3.209 -29.494
v 13.843 -3.241 -29.512
v 14.193 -4.555 -28.689
v 14.417 -4.033 -27.824
v 14.523 -3.628 -29.156
v 14.405 -3.788 -29.503
v 14.405 -4.833 -29.147
v 14.405 -4.591 -29.849
v 14.405 -5.402 -28.907
v 14.405 -4.721 -28.458
v 14.405 -4.591 -27.859
v 14.405 -3.783 -28.219
v 13.196 -5.172 -30.213
v 13.136 -3.622 -30.293
v 13.219 -2.632 -28.912
v 13.236 -3.109 -29.552
v 13.236 -4.594 -30.287
v 13.236 -3.575 -30.143
v 13.236 -4.574 -27.425
v 13.236 -3.114 -28.150
v 13.236 -3.575 -27.565
v -14.533 -4.721 28.458
v -14.533 -4.677 29.327
v -14.533 -4.029 28.347
v -14.533 -3.814 29.147
v -13.136 -4.586 26.867
v -13.136 -3.925 27.898
v -13.136 -3.302 27.095
v -13.136 -4.834 27.974
v -13.136 -5.767 27.418
v -13.136 -5.386 28.847
v -13.136 -6.390 29.125
v -13.136 -5.344 30.613
v -13.136 -4.721 29.810
v -13.136 -4.061 30.841
v -13.136 -3.813 29.734
v -13.136 -2.703 30.136
v -13.136 -3.281 28.917
v -13.136 -2.326 28.854
v -13.136 -3.281 28.790
v -13.136 -2.252 28.728
v -9.709 -2.252 28.728
v -9.709 -3.281 28.790
v -9.709 -3.925 27.898
v -9.709 -3.302 27.095
v -9.709 -3.302 30.613
v -9.709 -3.925 29.810
v -9.709 -3.281 28.917
v -9.709 -2.252 28.980
v -9.709 -4.852 30.816
v -9.709 -4.834 29.734
v -9.709 -6.092 29.870
v -9.709 -5.383 28.832
v -9.709 -6.321 28.592
v -9.709 -5.767 27.418
v -9.709 -4.834 27.974
v -9.709 -4.586 26.867
v -13.236 -3.209 29.494
v -13.505 -3.209 28.207
v -13.843 -3.209 29.457
v -13.505 -4.317 27.570
v -13.236 -5.438 28.214
v -13.843 -5.406 28.196
v -13.505 -5.438 28.207
v -13.236 -5.438 29.494
v -13.843 -5.438 29.457
v -13.505 -5.444 29.490
v -13.236 -4.323 30.134
v -13.843 -4.355 30.116
v -13.236 -4.323 30.134
v -13.505 -3.203 29.490
v -13.843 -4.292 30.116
v -13.236 -3.209 28.214
v -13.505 -4.330 27.570
v -13.843 -3.241 28.196
v -14.405 -3.788 29.503
v -14.405 -5.113 29.154
v -14.405 -4.591 29.849
v -14.405 -4.721 28.458
v -14.405 -5.055 28.126
v -14.405 -4.029 28.347
v -14.405 -3.860 27.889
v -14.405 -3.533 28.865
v -13.236 -3.622 27.415
v -13.153 -2.632 28.796
v -13.136 -5.025 27.415
v -13.236 -3.622 27.415
v -13.136 -5.025 27.415
v -13.186 -5.905 28.432
v -13.236 -5.654 29.751
v -13.230 -4.258 30.203
v -13.236 -5.820 28.854
v -13.236 -5.541 29.543
v -13.236 -5.442 27.924
v -13.236 -3.109 29.552
v -13.236 -4.594 30.287
v -13.236 -3.575 30.143
v -13.236 -4.332 27.460
v -13.236 -3.109 28.156
v -13.236 -3.575 27.565
v 14.533 -3.814 29.147
v 14.533 -4.677 29.327
v 14.533 -4.721 28.458
v 14.533 -4.029 28.347
v 13.136 -3.813 27.974
v 13.136 -4.721 27.898
v 13.136 -4.586 26.867
v 13.136 -3.302 27.095
v 13.136 -5.767 27.418
v 13.136 -5.385 28.814
v 13.136 -6.321 28.592
v 13.136 -6.092 29.870
v 13.136 -4.834 29.734
v 13.136 -4.852 30.816
v 13.136 -3.925 29.810
v 13.136 -3.302 30.613
v 13.136 -3.281 28.917
v 13.136 -2.252 28.980
v 13.136 -3.281 28.790
v 13.136 -2.252 28.728
v 9.709 -3.813 27.974
v 9.709 -3.281 28.790
v 9.709 -2.252 28.728
v 9.709 -3.302 27.095
v 9.709 -3.281 28.917
v 9.709 -2.703 30.136
v 9.709 -2.326 28.854
v 9.709 -3.925 29.810
v 9.709 -4.061 30.841
v 9.709 -4.834 29.734
v 9.709 -5.344 30.613
v 9.709 -5.385 28.814
v 9.709 -6.390 29.125
v 9.709 -5.767 27.418
v 9.709 -4.721 27.898
v 9.709 -4.586 26.867
v 13.843 -3.209 29.457
v 13.505 -3.209 28.207
v 13.236 -3.209 29.494
v 13.843 -3.241 28.196
v 13.505 -4.330 27.570
v 13.236 -3.209 28.214
v 13.843 -4.355 30.116
v 13.236 -4.323 30.134
v 13.505 -5.444 29.490
v 13.843 -4.292 30.116
v 13.505 -3.203 29.490
v 13.236 -4.323 30.134
v 13.843 -5.406 28.196
v 13.236 -5.438 28.214
v 13.505 -4.317 27.570
v 13.843 -5.438 29.457
v 13.236 -5.438 29.494
v 13.505 -5.438 28.207
v 14.405 -4.591 29.849
v 14.405 -5.113 29.154
v 14.405 -3.788 29.503
v 14.405 -5.055 28.126
v 14.405 -4.721 28.458
v 14.405 -3.860 27.889
v 14.405 -4.029 28.347
v 14.405 -3.533 28.865
v 13.236 -3.622 27.415
v 13.136 -5.025 27.415
v 13.153 -2.632 28.796
v 13.236 -3.622 27.415
v 13.186 -5.905 28.432
v 13.136 -5.025 27.415
v 13.236 -5.654 29.751
v 13.230 -4.258 30.203
v 13.236 -5.071 30.143
v 13.236 -5.707 29.337
v 13.236 -4.073 30.283
v -14.533 -4.029 -29.361
v -14.533 -4.833 -29.147
v -14.533 -3.814 -28.561
v -14.533 -4.618 -28.347
v -13.136 -4.171 -27.792
v -13.136 -4.852 -26.892
v -13.136 -3.302 -27.095
v -13.136 -5.284 -28.458
v -13.136 -6.249 -28.060
v -13.136 -4.992 -29.692
v -13.136 -6.092 -29.870
v -13.136 -4.595 -30.909
v -13.136 -3.813 -29.733
v -13.136 -2.880 -30.290
v -13.136 -3.281 -28.917
v -13.136 -2.287 -28.877
v -13.136 -3.281 -28.790
v -13.136 -2.252 -28.728
v -9.709 -4.628 -26.808
v -9.709 -4.062 -27.826
v -9.709 -2.703 -27.572
v -9.709 -3.281 -28.790
v -9.709 -2.326 -28.854
v -9.709 -3.281 -28.917
v -9.709 -4.171 -29.916
v -9.709 -3.302 -30.613
v -9.709 -2.252 -28.980
v -9.709 -4.852 -30.816
v -9.709 -5.284 -29.250
v -9.709 -6.249 -29.647
v -9.709 -5.149 -28.224
v -9.709 -6.092 -27.838
v -13.843 -3.209 -28.250
v -13.236 -3.209 -28.214
v -13.505 -3.209 -29.501
v -13.843 -5.406 -28.196
v -13.236 -5.438 -28.214
v -13.505 -4.317 -27.570
v -13.843 -5.438 -28.250
v -13.505 -5.438 -29.501
v -13.236 -5.438 -28.214
v -13.843 -5.406 -29.512
v -13.505 -4.317 -30.137
v -13.236 -5.438 -29.494
v -13.843 -4.292 -30.116
v -13.505 -3.203 -29.490
v -13.236 -4.323 -30.134
v -13.505 -4.330 -27.570
v -13.236 -3.209 -28.214
v -13.843 -3.241 -28.196
v -14.404 -3.745 -29.238
v -14.417 -4.033 -27.824
v -14.168 -4.574 -28.372
v -14.405 -4.993 -29.374
v -14.405 -4.029 -29.361
v -14.405 -3.860 -29.819
v -14.405 -5.323 -28.587
v -14.405 -4.721 -28.458
v -14.405 -4.591 -27.859
v -14.405 -4.029 -28.347
v -14.405 -3.592 -28.126
v -14.405 -3.533 -28.865
v -14.405 -3.533 -28.842
v -13.196 -5.172 -30.213
v -13.219 -2.632 -28.912
v -13.136 -3.622 -30.293
v -13.236 -5.820 -28.854
v -13.236 -5.535 -28.158
v -13.236 -5.442 -29.784
v -13.236 -3.575 -30.143
v -13.236 -4.332 -30.247
v -13.236 -3.109 -29.552
v -13.236 -3.575 -27.565
v -13.236 -3.114 -28.150
v -13.236 -4.574 -27.425
v -9.995 -3.591 27.421
v -9.989 -3.852 30.513
v 9.986 -4.820 29.588
v 9.995 -3.695 -30.302
v -9.995 -3.622 -30.324
v -9.995 -2.924 -28.362
v 9.995 -2.937 -28.327
v -3.779 -15.623 -20.650
v -3.179 -15.659 -33.295
v 2.865 -15.559 -21.898
v 4.799 -15.610 -21.514
v 3.618 -15.578 -20.600
v 4.482 -15.626 -33.199
v 2.994 -15.598 -31.852
v 2.947 -15.643 -32.957
v 4.482 -15.626 -33.199
v 2.994 -15.598 -31.852
v 4.411 -15.525 -31.621
v -2.814 -15.587 32.140
v -4.744 -15.598 32.659
v -4.019 -15.597 31.502
v -4.019 -15.597 31.502
v -4.772 -15.610 21.809
v -2.906 -15.441 21.195
v -3.331 -15.598 22.578
v 4.487 -15.492 31.689
v 3.287 -15.563 33.266
v 2.983 -15.647 31.761
v 4.517 -15.445 22.359
v 3.211 -15.583 20.831
v 4.487 -15.588 20.911
v 4.517 -15.445 22.359
v 3.211 -15.583 20.831
v 3.117 -15.691 22.455
v -3.779 -15.598 -22.576
v -4.320 -15.582 -31.647
v 3.785 -15.643 -22.651
v -3.521 -15.611 33.369
v -4.033 -15.690 20.654
t 0 1 2 A07A61 9C765E B08569
t 3 4 5 896752 A1785E 7B5E4B
t 3 6 7 896752 8D6B57 9F765C
t 3 7 4 896752 9F765C A1785E
t 8 9 2 8D6B57 9D775E B08569
t 6 10 7 8D6B57 B08569 9F765C
t 9 0 2 9D775E A07A61 B08569
t 11 12 13 946C4E 926A4F 7E6352
t 11 13 14 946C4E 7E6352 7E604D
t 15 16 17 7E604D 9C7B65 90694E
t 15 17 18 7E604D 90694E 946C4E
t 19 20 21 966C4F 926C54 A07355
t 22 19 21 956B4F 966C4F A07355
t 22 21 23 956B4F A07355 7E6352
t 24 22 23 926A4F 956B4F 7E6352
t 25 26 27 8F6A52 9B735A B08569
t 28 29 30 8F6A52 B08569 9C765E
t 30 31 28 9C765E 977158 8F6A52
t 4 32 5 A1785E 967057 7B5E4B
t 33 7 10 9B735A 9F765C B08569
t 34 14 13 785E4C 7E604D 7E6352
t 35 36 37 896A55 816552 A07355
t 35 37 38 896A55 A07355 926C54
t 39 40 41 816552 7E624F A07355
t 40 42 41 7E624F 7E6352 A07355
t 43 44 45 9B775E 996F53 977158
t 43 45 46 9B775E 977158 99735A
t 47 31 30 99735A 977158 9C765E
t 48 49 50 85644F 7B5E4B 9E765C
t 48 50 51 85644F 9E765C 9B7359
t 48 51 52 85644F 9B7359 866652
t 52 51 53 866652 9B7359 996F53
t 52 53 54 866652 996F53 9F785E
t 54 53 55 9F785E 996F53 9B775E
t 56 57 58 90694E 9C7B65 977864
t 56 58 59 90694E 977864 936D52
t 60 61 62 956C50 9F7355 926C54
t 63 64 61 946C51 977864 9F7355
t 63 61 60 946C51 9F7355 956C50
t 65 64 63 936D52 977864 946C51
t 66 67 68 916C53 977158 996F53
t 50 49 69 9E765C 7B5E4B 967057
t 70 71 72 A1826D 977864 9C7B65
t 73 74 75 8A6A56 926C54 9F7355
t 73 75 76 8A6A56 9F7355 A57D63
t 77 78 79 A57D63 9F7355 907360
t 79 78 80 907360 9F7355 977864
t 81 82 83 4E4D4E 4C4B4C 4C4B4C
t 84 85 86 4C4B4C 494849 494848
t 87 88 89 868484 5B5757 8A8888
t 90 91 92 494747 595756 403F3E
t 93 94 95 5C5B5B 888584 464342
t 96 97 98 494747 888584 595756
t 99 95 94 494747 464342 888584
t 93 100 94 5C5B5B 858281 888584
t 101 102 103 7E7B7B 5C595A 5B5757
t 104 105 106 7E7B7B 535151 5C595A
t 107 108 109 636160 8B8888 5B5858
t 110 111 112 4A4848 3B3A3A 585656
t 93 113 100 5C5B5B 464342 858281
t 114 115 116 4A4848 585656 858281
t 117 100 113 4A4848 858281 464342
t 118 119 120 7C7876 5B5858 5C5959
t 121 122 123 7C7876 5C5959 535151
t 124 125 126 868484 8A8888 5B5757
t 127 128 129 494747 403F3E 595756
t 130 131 132 5C5B5B 464342 888584
t 133 134 135 494747 595756 888584
t 136 132 131 494747 888584 464342
t 130 132 137 5C5B5B 888584 858281
t 138 139 140 7E7B7B 5B5757 5C595A
t 141 142 143 7E7B7B 5C595A 535151
t 144 145 146 636160 5B5858 8B8888
t 147 148 149 4A4848 585656 3B3A3A
t 130 137 150 5C5B5B 858281 464342
t 151 152 153 4A4848 858281 585656
t 154 150 137 4A4848 464342 858281
t 155 156 157 7C7876 5C5959 5B5858
t 158 159 160 7C7876 535151 5C5959
t 161 162 163 4B4948 252220 35302E
t 163 162 164 35302E 252220 332E2C
t 165 166 167 35302E 332E2C 36302E
t 167 166 168 36302E 332E2C 1E1B1A
t 169 170 171 36302E 1E1B1A 434140
t 171 170 172 434140 1E1B1A 24211F
t 173 174 175 383738 383737 565454
t 176 177 178 323131 434242 3B3A3B
t 178 177 179 3B3A3B 434242 414040
t 179 180 181 414040 4A4949 444344
t 181 180 182 444344 4A4949 504F50
t 182 183 184 504F50 494848 454444
t 184 183 185 454444 494848 3E3D3E
t 185 174 173 3E3D3E 383737 383738
t 186 187 188 565555 6A6869 2F2E2E
t 188 187 189 2F2E2E 6A6869 535152
t 190 191 192 2C2C2C 2D2C2D 1A1A1A
t 192 191 193 1A1A1A 2D2C2D 313031
t 192 193 194 1A1A1A 313031 202020
t 194 193 195 202020 313031 413F40
t 194 195 196 202020 413F40 2E2D2E
t 196 195 197 2E2D2E 413F40 3B3A3A
t 196 197 198 2E2D2E 3B3A3A 1D1C1D
t 199 200 201 1D1C1D 3B3A3A 313031
t 202 203 204 1D1C1D 313031 2D2D2D
t 204 203 205 2D2D2D 313031 343334
t 206 207 208 2D2D2D 343334 545251
t 209 210 211 535251 363536 403E3E
t 212 213 214 535251 403E3E 464545
t 214 215 216 464545 424142 444243
t 217 188 189 575556 2F2E2E 535152
t 218 219 220 2F2E2E 2E2D2E 565555
t 221 222 223 565555 2E2D2E 4D4B4C
t 224 225 216 4A494A 1D1D1D 444243
t 216 225 212 444243 1D1D1D 535251
t 216 212 214 444243 535251 464545
t 226 227 228 434040 3E3C3C 202020
t 226 228 229 434040 202020 3B3A3A
t 230 231 232 5E5B5B 5E5A59 474544
t 230 232 233 5E5B5B 474544 464342
t 234 235 236 585656 6F6C6B 7C6E65
t 234 236 237 585656 7C6E65 74665F
t 238 239 240 5C5A5A 474544 676464
t 241 242 243 272626 4F423A 493C33
t 244 245 246 64605F 646261 555353
t 244 246 247 64605F 555353 4D4A49
t 238 248 239 5C5A5A 5C5A59 474544
t 241 249 242 272626 464545 4F423A
t 250 251 252 515051 4B4949 565556
t 253 254 255 776C66 6D6A6A 817E7D
t 256 257 258 343334 282727 44372F
t 256 259 260 343334 51433B 3D3C3D
t 256 260 261 343334 3D3C3D 3E3D3E
t 256 258 259 343334 44372F 51433B
t 262 263 264 686769 706F6F 727172
t 262 264 265 686769 727172 676667
t 265 264 266 676667 727172 636162
t 266 264 267 636162 727172 636263
t 268 269 270 6E6C6D 636263 737273
t 271 272 273 4B4949 494848 4A4949
t 272 271 274 494848 4B4949 525050
t 275 276 277 747170 5D5B5A 444343
t 278 279 280 747170 444343 3B3B3B
t 281 282 283 444343 5D5B5A 454242
t 284 285 286 545151 898685 676362
t 287 288 289 615D5D 8E8B89 7B7878
t 290 291 292 939191 62605F 5E5C5C
t 293 294 295 383838 232222 4A4949
t 296 297 298 575555 574A43 4E4C4D
t 286 285 299 676362 898685 9A9797
t 300 301 302 525050 6C6A6A 2D2C2C
t 303 286 299 817F7F 676362 9A9797
t 304 305 306 9A9797 928E8D 817F7F
t 307 308 309 7B7878 6B6969 A19F9F
t 310 287 289 A19F9F 615D5D 7B7878
t 302 311 300 2D2C2C 2F2D2D 525050
t 290 312 291 939191 A19F9F 62605F
t 312 313 291 A19F9F 6B6969 62605F
t 314 315 316 525050 2F2D2D 383838
t 317 302 301 6A6867 2D2C2C 6C6A6A
t 318 319 320 3A3939 3F332A 3B2F28
t 318 320 321 3A3939 3B2F28 4A4949
t 322 323 324 3A3939 575657 3F332A
t 314 316 325 525050 383838 444444
t 302 317 326 2D2C2C 6A6867 343333
t 327 316 315 232222 383838 2F2D2D
t 323 328 324 575657 453830 3F332A
t 296 298 329 575555 4E4C4D 716F6E
t 298 330 329 4E4C4D 504E4D 716F6E
t 331 332 333 616060 575555 716F6E
t 334 335 336 4B4A4A 4B4A4A 474240
t 336 337 334 474240 4E4B4B 4B4A4A
t 337 336 338 4E4B4B 474240 454444
t 339 340 341 403F3F 74665E 535150
t 342 343 344 403F3F 535150 4F4E4F
t 345 346 347 403F3F 6A5D56 74665E
t 348 349 350 6F6A69 63605F 555252
t 348 350 351 6F6A69 555252 646262
t 352 353 354 63605F 807D7C 797676
t 355 356 357 63605F 7B7878 8E8B89
t 358 290 292 999695 939191 5E5C5C
t 348 359 349 6F6A69 928E8D 63605F
t 360 361 362 4D4C4D 4D4C4C 4E4D4E
t 317 363 364 6A6867 525050 2E2D2D
t 365 366 367 817F7F 928E8D 6F6A69
t 368 369 370 999695 6B6968 7B7878
t 288 287 353 8E8B89 615D5D 807D7C
t 288 353 352 8E8B89 807D7C 63605F
t 371 356 355 999695 7B7878 63605F
t 326 317 364 343333 6A6867 2E2D2D
t 372 364 363 2E2D2C 2E2D2D 525050
t 373 374 375 999695 5E5C5C 6B6968
t 376 377 378 2E2D2C 525050 393839
t 379 380 381 3B2F28 656261 4A4949
t 377 382 378 525050 373637 393839
t 383 376 378 232222 2E2D2C 393839
t 384 385 386 232222 393839 4A4949
t 387 380 379 362B24 656261 3B2F28
t 388 389 390 4E4C4C 504E4D 4E4C4D
t 391 392 393 403E3E 504E4D 4E4C4C
t 394 395 396 595758 4E4D4D 585757
t 397 398 399 5A5858 646262 5C5A5B
t 400 401 402 5B5757 888686 7E7B7B
t 403 404 405 4E4D4E 595756 555353
t 406 407 408 4E4D4E 454344 595756
t 409 410 411 888584 858281 656262
t 409 411 412 888584 656262 8A8785
t 403 405 413 4E4D4E 555353 403E3E
t 414 415 416 504F50 4B4A4B 454444
t 417 418 419 484748 4B4A4B 504F50
t 420 421 422 353535 414040 514F4F
t 423 424 421 3B3B3B 626161 414040
t 423 425 424 3B3B3B 373637 626161
t 425 426 424 373637 373536 626161
t 427 428 429 403F3E 595756 454344
t 430 431 432 403F3E 454344 3B3A3A
t 400 433 401 5B5757 868484 888686
t 434 435 436 565556 453931 595756
t 405 437 413 555353 121212 403E3E
t 438 105 104 747272 535151 7E7B7B
t 439 440 441 313131 3D3C3C 2D2C2C
t 440 439 442 3D3C3C 313131 303030
t 443 444 445 5F5C5C 5B5857 595554
t 446 447 448 7C7876 858383 5B5858
t 449 450 451 585656 4C4B4C 3A3939
t 452 453 454 585656 454344 4C4B4C
t 455 456 457 3A3939 121212 555353
t 451 450 458 3A3939 4C4B4C 403E3D
t 459 460 461 55514F 595554 5B5857
t 462 463 464 3A3939 555353 898684
t 462 464 465 3A3939 898684 746E6C
t 466 467 468 646261 434242 484748
t 469 470 471 434242 4B4A4B 484748
t 420 422 472 353535 514F4F 3C3B3C
t 472 422 473 3C3B3C 514F4F 636262
t 472 473 474 3C3B3C 636262 373637
t 474 473 475 373637 636262 2C2B2C
t 431 476 432 454344 585656 3B3A3A
t 447 477 448 858383 636160 5B5858
t 478 479 480 424142 595756 453931
t 451 458 481 3A3939 403E3D 121212
t 123 482 121 535151 817E7D 7C7876
t 442 483 440 303030 2D2A28 3D3C3C
t 484 485 486 383330 4E4946 45403D
t 484 486 487 383330 45403D 453F3C
t 488 489 490 534F4D 4B4745 453F3C
t 488 490 491 534F4D 453F3C 312C2A
t 492 493 494 453F3C 4B4745 6B5B50
t 492 494 495 453F3C 6B5B50 635146
t 496 497 498 534F4D 312C2A 4E4946
t 499 498 497 45403D 4E4946 312C2A
t 500 501 502 4B4948 4F4B4A 252220
t 501 503 502 4F4B4A 231F1E 252220
t 504 505 506 4F4B4A 3A3532 231F1E
t 507 508 509 3A3532 2D2926 231F1E
t 510 511 512 3A3532 444241 2D2926
t 511 513 512 444241 24211F 2D2926
t 514 515 516 383738 565454 383737
t 517 518 519 323131 3B3A3B 434242
t 518 520 521 3B3A3B 373637 444343
t 518 521 519 3B3A3B 444343 434242
t 520 522 521 373637 4C4B4C 444343
t 522 523 524 4C4B4C 4B4A4A 4F4D4E
t 523 525 526 4B4A4A 373637 444343
t 523 526 524 4B4A4A 444343 4F4D4E
t 525 514 516 373637 383738 383737
t 525 516 526 373637 383737 444343
t 527 528 529 5A5859 686667 5B5A5A
t 530 531 532 292929 1F1F1F 2E2D2E
t 531 533 534 1F1F1F 121212 292828
t 531 534 532 1F1F1F 292828 2E2D2E
t 533 535 534 121212 313031 292828
t 535 536 537 313031 2E2D2E 424141
t 536 538 537 2E2D2E 3B3A3A 424141
t 536 539 538 2E2D2E 1D1C1D 3B3A3A
t 540 541 542 1D1C1D 313031 3B3A3A
t 543 544 545 1D1C1D 2D2D2D 313031
t 544 546 545 2D2D2D 343334 313031
t 547 548 549 2D2D2D 545251 343334
t 550 551 552 464546 494748 454444
t 551 553 554 494748 494748 393838
t 555 556 557 434243 4F4D4D 333232
t 558 559 560 575556 545252 252425
t 561 562 563 545252 686667 242424
t 561 563 564 545252 242424 252425
t 528 527 565 686667 5A5859 2F2F2F
t 566 567 568 686667 2F2F2F 242424
t 527 555 557 5A5859 434243 333232
t 527 557 565 5A5859 333232 2F2F2F
t 569 553 570 4B494A 494748 1D1D1D
t 553 551 571 494748 494748 535252
t 553 571 570 494748 535252 1D1D1D
t 551 550 571 494748 464546 535252
t 572 573 574 464546 535151 535252
t 575 576 577 464546 424141 535151
t 575 578 576 464546 5E5C5D 424141
t 579 580 581 3B3A3A 3E3C3C 434040
t 582 583 584 464342 5E5A59 5E5B5B
t 585 586 587 7C6E65 6F6C6B 585656
t 585 587 588 7C6E65 585656 74665F
t 589 590 591 797879 6A6869 343334
t 592 593 594 555353 646261 64605F
t 592 594 595 555353 64605F 4D4A49
t 596 580 579 202020 3E3C3C 3B3A3A
t 597 583 582 474544 5E5A59 464342
t 598 599 600 474544 5C5A59 5C5A5A
t 598 600 601 474544 5C5A5A 676464
t 602 603 604 4F423A 464545 272626
t 602 604 605 4F423A 272626 493C33
t 606 607 608 6D6967 807671 6B6969
t 607 609 608 807671 817E7D 6B6969
t 610 611 612 282727 343334 44372F
t 611 613 612 343334 3E3D3E 44372F
t 614 612 613 3D3C3D 44372F 3E3D3E
t 615 612 614 51433B 44372F 3D3C3D
t 616 617 618 5D5C5D 666565 797778
t 617 619 620 666565 686768 767576
t 617 620 618 666565 767576 797778
t 619 621 620 686768 696869 767576
t 622 623 624 5D5C5D 696768 656465
t 625 626 627 4B4949 4A4949 494848
t 627 628 625 494848 525050 4B4949
t 629 630 631 444343 5D5B5A 747170
t 632 633 634 444343 747170 3B3B3B
t 635 636 637 444343 454242 5D5B5A
t 638 639 640 676362 898685 545151
t 641 642 643 646160 6D6B6A 686565
t 644 645 646 646160 7A7878 8E8B89
t 647 648 649 939191 5E5C5C 62605F
t 650 651 652 232222 383838 4D4C4C
t 653 654 655 4D4B4C 574A43 504F4F
t 638 656 639 676362 9A9797 898685
t 657 658 659 6C6A6A 525050 2D2C2C
t 660 656 638 817F7F 9A9797 676362
t 661 662 663 817F7F 928E8D 9A9797
t 664 665 666 A19F9F 6B6969 7A7878
t 667 642 641 8E8B89 6D6B6A 646160
t 668 645 644 A19F9F 7A7878 646160
t 669 659 658 2F2D2D 2D2C2C 525050
t 649 670 647 62605F A19F9F 939191
t 670 649 671 A19F9F 62605F 6B6969
t 672 673 674 2F2D2D 525050 383838
t 657 659 675 6C6A6A 2D2C2C 6A6867
t 676 677 678 3A3939 4A4949 3B2F28
t 676 678 679 3A3939 3B2F28 3F332A
t 680 681 682 3F332A 575657 3A3939
t 673 683 674 525050 444444 383838
t 659 684 675 2D2C2C 343333 6A6867
t 685 672 674 232222 2F2D2D 383838
t 686 681 680 453830 575657 3F332A
t 655 687 653 504F4F 747171 4D4B4C
t 687 688 653 747171 565353 4D4B4C
t 689 690 691 616060 747171 504F4F
t 692 693 694 4B4A4A 474240 4B4A4A
t 693 692 695 474240 4B4A4A 4E4B4B
t 695 696 693 4E4B4B 454444 474240
t 697 698 699 535150 74665E 403F3F
t 700 701 702 535150 403F3F 4F4E4F
t 703 704 705 403F3F 74665E 6A5D56
t 706 707 708 555252 63605F 6F6A69
t 706 708 709 555252 6F6A69 646262
t 710 711 712 63605F 797676 7F7C7B
t 713 714 715 63605F 8E8B89 7B7878
t 716 648 647 999695 5E5C5C 939191
t 708 707 717 6F6A69 63605F 928E8D
t 718 675 719 525050 6A6867 2E2D2D
t 720 721 722 928E8D 817F7F 6F6A69
t 723 724 725 7B7878 6B6968 999695
t 712 642 667 7F7C7B 6D6B6A 8E8B89
t 712 667 710 7F7C7B 8E8B89 63605F
t 726 713 715 999695 63605F 7B7878
t 675 684 719 6A6867 343333 2E2D2D
t 719 727 718 2E2D2D 2E2D2C 525050
t 728 729 730 999695 6B6968 5E5C5C
t 731 732 733 525050 2E2D2C 393839
t 734 735 736 4A4949 656261 3B2F28
t 731 733 737 525050 393839 373637
t 738 733 732 232222 393839 2E2D2C
t 739 740 741 232222 4D4C4C 393839
t 735 742 736 656261 362B24 3B2F28
t 743 744 745 4E4C4C 4D4B4C 565353
t 746 747 748 403E3E 4E4C4C 565353
t 749 750 751 585452 5A5655 736359
t 752 753 754 7E7B7B 888686 5B5757
t 755 756 757 595756 4E4D4E 555353
t 758 759 760 595756 454344 4E4D4E
t 761 762 763 656262 858281 888584
t 761 763 764 656262 888584 8A8785
t 757 756 765 555353 4E4D4E 403E3E
t 766 767 768 454444 4B4A4B 504F50
t 769 770 771 4B4A4B 484748 504F50
t 772 773 774 353535 514F4F 414040
t 775 774 776 3B3B3B 414040 626161
t 775 776 777 3B3B3B 626161 373637
t 777 776 778 373637 626161 373536
t 779 780 781 232222 494747 4A4949
t 782 783 784 232222 4A4949 1F1F1F
t 785 786 787 454344 595756 403F3E
t 788 789 790 454344 403F3E 3B3A3A
t 753 791 754 888686 868484 5B5757
t 792 793 794 565556 595756 453931
t 757 765 795 555353 403E3E 121212
t 143 796 141 535151 747272 7E7B7B
t 797 798 799 585452 5F5C5C 5A5655
t 800 801 802 333233 363536 353535
t 801 803 802 363536 3A312B 353535
t 804 805 806 5B5858 858383 7C7876
t 807 808 809 4C4B4C 585656 3A3939
t 810 811 812 4C4B4C 454344 585656
t 813 814 815 3A3939 555353 121212
t 807 809 816 4C4B4C 3A3939 403E3D
t 817 818 819 3A3939 746E6C 898684
t 817 819 820 3A3939 898684 555353
t 821 822 823 646261 484748 434242
t 824 825 826 484748 4B4A4B 434242
t 772 827 773 353535 3C3B3C 514F4F
t 827 828 773 3C3B3C 636262 514F4F
t 827 829 828 3C3B3C 373637 636262
t 829 830 828 373637 2C2B2C 636262
t 790 831 788 3B3A3A 585656 454344
t 804 832 805 5B5858 636160 858383
t 833 834 835 424142 453931 595756
t 809 836 816 3A3939 121212 403E3D
t 837 159 158 817E7D 535151 7C7876
t 800 838 801 333233 2F2E2F 363536
t 839 840 841 383330 453F3C 45403D
t 839 841 842 383330 45403D 4E4946
t 843 844 845 534F4D 312C2A 453F3C
t 843 845 846 534F4D 453F3C 4B4745
t 847 848 849 6B5B50 4B4745 453F3C
t 847 849 850 6B5B50 453F3C 635146
t 851 852 853 534F4D 4E4946 45403D
t 851 853 854 534F4D 45403D 312C2A
t 272 274 855 494848 525050 464545
t 628 627 856 525050 494848 464545
t 857 858 859 6A6867 676565 666464
t 860 861 862 6A6867 666464 727070
t 863 864 865 6A6867 72706F 676565
t 866 867 868 727070 676565 6E6C6C
t 869 870 871 727070 666464 676565
t 864 872 865 72706F 595757 676565
t 873 874 875 5B5959 82807F 757373
t 876 877 878 5B5959 636161 82807F
t 879 880 881 5B5959 757373 929090
t 882 883 884 636161 605F5F 6D6C6B
t 885 886 887 636161 6D6C6B 82807F
t 880 888 881 757373 737272 929090
t 889 890 891 696666 605D5D 686666
t 892 893 894 696666 686666 676564
t 890 895 891 605D5D 777575 686666
t 896 897 898 696666 676564 72706F
t 895 899 891 777575 757372 686666
t 897 900 898 676564 595757 72706F
t 901 902 903 595757 747373 8F8D8C
t 904 905 906 595757 8F8D8C 4C4B4B
t 906 905 907 4C4B4B 8F8D8C 696868
t 908 909 910 595757 929090 747373
t 907 905 911 696868 8F8D8C 686767
t 909 912 910 929090 737272 747373
t 913 914 915 888787 92908F 838180
t 915 914 916 838180 92908F 8C8885
t 917 918 919 474443 564E49 474443
t 920 918 917 474443 564E49 474443
t 920 921 918 474443 564E48 564E49
t 922 921 920 53504F 564E48 474443
t 922 923 921 53504F 534B46 564E48
t 924 923 922 656160 534B46 53504F
t 925 923 924 656160 534B46 656160
t 926 927 923 656260 524B45 534B46
t 926 923 925 656260 534B46 656160
t 928 929 927 6E6C6B 59524C 524B45
t 928 927 926 6E6C6B 524B45 656260
t 919 930 931 474443 514A45 434140
t 919 918 930 474443 564E49 514A45
t 932 933 934 3E3C3B 504944 3B3939
t 932 935 933 3E3C3B 504943 504944
t 936 935 932 423F3E 504943 3E3C3B
t 937 938 939 585554 564C45 6D6059
t 937 940 938 585554 4D4641 564C45
t 941 940 937 545150 4D4641 585554
t 942 943 940 555251 504843 4D4641
t 942 940 941 555251 4D4641 545150
t 944 945 943 524F4E 514944 504843
t 944 943 942 524F4E 504843 555251
t 946 945 944 42403F 514944 524F4E
t 946 934 933 42403F 3B3939 504944
t 946 933 945 42403F 504944 514944
t 947 948 949 555454 474646 696766
t 950 951 952 4B4948 676667 686666
t 953 954 955 605F60 4C4A4A 646363
t 956 957 958 4A4848 5E5D5E 6A6868
t 959 960 961 555353 4D4B4B 6E6C6C
t 962 963 964 65584F 686767 4F4D4D
t 965 966 967 696768 656262 746A64
t 968 969 970 918F8F 7D7C7D 777473
t 969 971 970 7D7C7D 767473 777473
t 969 972 971 7D7C7D 6D6D6D 767473
t 972 973 971 6D6D6D 777473 767473
t 972 974 973 6D6D6D 908F90 777473
t 975 976 977 403F3F 434242 4C4B4B
t 978 979 980 5A5959 585758 5E5D5E
t 981 982 983 575656 575657 616060
t 984 985 986 8A8988 8E8C8C 807D7C
t 986 985 987 807D7C 8E8C8C 8B8886
t 988 989 990 484544 534C46 484544
t 988 991 989 484544 544D47 534C46
t 992 991 988 474443 544D47 484544
t 992 993 991 474443 544D47 544D47
t 994 993 992 656160 544D47 474443
t 995 996 993 656160 524A45 544D47
t 995 993 994 656160 544D47 656160
t 997 996 995 64615F 524A45 656160
t 997 998 996 64615F 524B45 524A45
t 999 998 997 666261 524B45 64615F
t 999 1000 998 666261 59524C 524B45
t 1001 1000 999 747170 59524C 666261
t 990 989 1002 484544 534C46 514A45
t 990 1002 1003 484544 514A45 454241
t 1004 1005 1006 413E3D 504943 504944
t 1004 1006 1007 413E3D 504944 3C3A39
t 1008 1009 1010 565452 4D4641 564C45
t 1008 1010 1011 565452 564C45 605A56
t 1012 1009 1008 545150 4D4641 565452
t 1012 1013 1009 545150 4F4843 4D4641
t 1014 1013 1012 545251 4F4843 545150
t 1014 1015 1013 545251 4F4843 4F4843
t 1016 1015 1014 545150 4F4843 545251
t 1017 1015 1016 504E4D 4F4843 545150
t 1017 1018 1015 504E4D 514A45 4F4843
t 1019 1018 1017 3A3838 514A45 504E4D
t 1019 1006 1018 3A3838 504944 514A45
t 1019 1007 1006 3A3838 3C3A39 504944
t 1020 1021 1022 555454 474646 696766
t 1023 1024 1025 4E4C4C 525151 686666
t 1026 1027 1028 525151 545354 676565
t 1029 1030 1031 4A4848 5E5D5E 6A6868
t 1032 1033 1034 5E514A 504F4F 796F69
t 1035 1036 1037 5E5D5E 515050 6D6B6B
t 1038 1039 1040 918F8F 908E8F 777473
t 1039 1041 1042 908E8F 6D6D6D 767473
t 1041 1043 1044 6D6D6D 6E6D6E 787574
t 1041 1044 1042 6D6D6D 787574 767473
t 1043 1045 1044 6E6D6E 8D8C8C 787574
t 1046 1047 1048 424040 5B4F48 3E3C3D
t 1049 1050 1051 424040 3E3C3D 403F3F
t 1052 1051 1053 424141 403F3F 464545
t 1054 1055 1056 646363 585657 585758
t 1057 1058 1059 5A5959 585758 5E5D5E
t 1060 1061 1062 565556 585657 616060
t 1063 1064 1065 8B8886 8E8C8C 8A8988
t 1066 1063 1065 807D7C 8B8886 8A8988
t 1067 1068 1069 534C46 554D48 484544
t 1067 1069 1070 534C46 484544 484544
t 1068 1071 1069 554D48 474443 484544
t 1068 1072 1071 554D48 544C47 474443
t 1072 1073 1071 544C47 555150 474443
t 1072 1074 1073 544C47 656260 555150
t 1072 1075 1074 544C47 524B45 656260
t 1075 1076 1074 524B45 656160 656260
t 1075 1077 1076 524B45 534B46 656160
t 1077 1078 1076 534B46 656260 656160
t 1077 1079 1080 534B46 59524C 6E6C6B
t 1077 1080 1078 534B46 6E6C6B 656260
t 1081 1067 1070 514A45 534C46 484544
t 1081 1070 1082 514A45 484544 454241
t 1083 1084 1085 504944 504943 413E3D
t 1083 1085 1086 504944 413E3D 3C3A39
t 1087 1088 1089 564C45 585554 6D6059
t 1087 1090 1088 564C45 4D4641 585554
t 1090 1091 1088 4D4641 555251 585554
t 1090 1092 1093 4D4641 4F4843 53504F
t 1090 1093 1091 4D4641 53504F 555251
t 1092 1094 1095 4F4843 4F4843 545251
t 1092 1095 1093 4F4843 545251 53504F
t 1094 1096 1095 4F4843 504E4D 545251
t 1094 1097 1096 4F4843 514A45 504E4D
t 1097 1098 1096 514A45 3A3838 504E4D
t 1098 1097 1083 3A3838 514A45 504944
t 1098 1083 1086 3A3838 504944 3C3A39
t 1099 1100 1101 696766 474646 555454
t 1102 1103 1104 6D6B6B 515050 5E5D5E
t 1105 1106 1107 6A6868 5E5D5E 4A4848
t 1108 1109 1110 796F69 504F4F 5E514A
t 1111 1112 1113 686666 525151 4E4C4C
t 1114 1115 1116 676565 545354 525151
t 1117 1118 1119 777473 908E8F 918F8F
t 1120 1121 1118 767473 6D6D6D 908E8F
t 1122 1123 1121 787574 6E6D6E 6D6D6D
t 1122 1121 1120 787574 6D6D6D 767473
t 1124 1123 1122 8D8C8C 6E6D6E 787574
t 1125 1126 1127 424040 3E3C3D 5B4F48
t 1128 1129 1130 424040 403F3F 3E3C3D
t 1131 1132 1129 424141 464545 403F3F
t 1133 1134 1135 626162 585657 595858
t 1136 1137 1138 92908F 888787 8C8885
t 1137 1139 1138 888787 838180 8C8885
t 1140 1141 1142 564E49 484544 484544
t 1140 1143 1144 564E49 564E48 484443
t 1140 1144 1141 564E49 484443 484544
t 1143 1145 1146 564E48 534B46 656260
t 1143 1146 1144 564E48 656260 484443
t 1145 1147 1146 534B46 646160 656260
t 1145 1148 1147 534B46 524B45 646160
t 1148 1149 1147 524B45 666261 646160
t 1148 1150 1149 524B45 59524C 666261
t 1150 1151 1149 59524C 737070 666261
t 1152 1140 1142 514A45 564E49 484544
t 1152 1142 1153 514A45 484544 454241
t 1154 1155 1156 3B3938 504944 3E3B3A
t 1155 1157 1156 504944 504943 3E3B3A
t 1157 1158 1156 504943 423F3E 3E3B3A
t 1159 1160 1161 564C45 4D4641 565452
t 1159 1161 1162 564C45 565452 605A56
t 1160 1163 1161 4D4641 545150 565452
t 1160 1164 1165 4D4641 504843 555251
t 1160 1165 1163 4D4641 555251 545150
t 1164 1166 1167 504843 4F4843 524F4E
t 1164 1167 1165 504843 524F4E 555251
t 1166 1154 1167 4F4843 3B3938 524F4E
t 1166 1155 1154 4F4843 504944 3B3938
t 1168 1169 1170 696768 504E4F 4C4949
t 1171 1172 1173 686666 525151 4E4C4C
t 1174 1175 1176 646363 4C4A4A 605F60
t 1177 1178 1179 686666 4B4948 5D5C5D
t 1180 1181 1182 796F69 504F4F 5E514A
t 1183 1184 1185 515050 5E5D5E 6D6B6B
t 1186 1187 1188 746B64 656262 666565
t 1189 1190 1191 918F8F 828181 777574
t 1192 1193 1189 767372 6D6D6D 918F8F
t 1194 1193 1192 777473 6D6D6D 767372
t 1194 1195 1193 777473 6E6D6E 6D6D6D
t 1196 1195 1194 787574 6E6D6E 777473
t 1197 1195 1196 8D8C8C 6E6D6E 787574
t 1191 1190 1198 777574 828181 7A7878
t 1199 1200 1201 403F3F 4C4B4B 434242
t 1202 1203 1204 646363 585657 585757
t 1205 1206 1207 5E5D5E 585758 5A5959
t 1208 1209 1210 616060 575657 575656
t 1211 1212 1213 686665 716F6E 545251
t 1214 1215 1216 565353 747171 6D6B6A
t 1214 1216 1217 565353 6D6B6A 7F7C7B
t 360 361 1218 4A4849 494849 4A494A
t 81 82 1219 4B4A4A 494849 4C4B4B
t 1220 1221 1222 4D4C4D 4D4C4C 4C4B4C
t 1223 1224 1225 4E4D4E 4C4B4C 4E4D4D
t 1226 1227 1228 4C4B4B 494848 4B4A4A
t 1229 1230 1231 4D4C4D 4D4C4D 4E4D4E
t 1230 1229 1232 484748 4A494A 4B4A4B
t 1233 1234 1235 4D4C4C 4E4D4D 4C4B4C
t 1236 1237 1238 4E4D4E 4C4B4C 4D4C4D
t 1239 1240 1241 4C4B4C 4E4D4E 4E4D4E
t 1242 1243 1244 4B4A4A 4B4A4B 494849
t 360 1245 361 4A4849 4D4C4D 494849
t 81 1246 82 4B4A4A 494849 494849
t 1220 1247 1221 4D4C4D 4E4D4E 4D4C4C
t 1229 1248 1230 4D4C4D 4C4B4B 4D4C4D
t 1233 1249 1234 4D4C4C 4E4D4E 4E4D4D
